character	codepoint	file	evobc_id	evobc_file	candidates
一	U+4E00	U+4E00.png	00601	00601_Web_SS_5.png	3
丁	U+4E01	U+4E01.png	00602	00602_Web_SS_5.png	2
七	U+4E03	U+4E03.png	00604	00604_Web_SS_5.png	2
万	U+4E07	U+4E07.png	00607	00607_Web_SS_0.png	2
丈	U+4E08	U+4E08.png	00608	00608_Web_SS_0.png	2
三	U+4E09	U+4E09.png	00609	00609_Web_SS_5.png	3
上	U+4E0A	U+4E0A.png	00610	00610_Web_SS_1.png	3
下	U+4E0B	U+4E0B.png	00611	00611_Web_SS_1.png	3
丌	U+4E0C	U+4E0C.png	00612	00612_Web_SS_5.png	1
不	U+4E0D	U+4E0D.png	00613	00613_Web_SS_5.png	2
与	U+4E0E	U+4E0E.png	00614	00614_Web_SS_1.png	3
丑	U+4E11	U+4E11.png	00616	00616_Web_SS_0.png	2
专	U+4E13	U+4E13.png	00617	00617_Web_SS_0.png	2
且	U+4E14	U+4E14.png	00618	00618_Web_SS_0.png	2
丕	U+4E15	U+4E15.png	00619	00619_Web_SS_5.png	1
世	U+4E16	U+4E16.png	00620	00620_Web_SS_5.png	2
丘	U+4E18	U+4E18.png	00621	00621_Web_SS_0.png	3
丙	U+4E19	U+4E19.png	00622	00622_Web_SS_0.png	2
业	U+4E1A	U+4E1A.png	00623	00623_Web_SS_5.png	3
丛	U+4E1B	U+4E1B.png	00624	00624_Web_SS_0.png	2
东	U+4E1C	U+4E1C.png	00625	00625_Web_SS_0.png	2
丝	U+4E1D	U+4E1D.png	00626	00626_Web_SS_5.png	2
丞	U+4E1E	U+4E1E.png	00627	00627_Web_SS_5.png	2
两	U+4E24	U+4E24.png	00628	00628_Web_SS_1.png	3
严	U+4E25	U+4E25.png	00629	00629_Web_SS_0.png	3
並	U+4E26	U+4E26.png	00630	00630_Web_SS_5.png	2
丧	U+4E27	U+4E27.png	00631	00631_Web_SS_0.png	2
丨	U+4E28	U+4E28.png	00632	00632_Web_SS_0.png	2
丬	U+4E2C	U+4E2C.png	00634	00634_Web_SS_5.png	2
中	U+4E2D	U+4E2D.png	00635	00635_Web_SS_5.png	4
丰	U+4E30	U+4E30.png	00638	00638_Web_SS_1.png	3
串	U+4E32	U+4E32.png	00640	00640_Web_SS_5.png	1
临	U+4E34	U+4E34.png	00641	00641_Web_SS_0.png	2
丵	U+4E35	U+4E35.png	00642	00642_Web_SS_5.png	1
丶	U+4E36	U+4E36.png	00643	00643_Web_SS_5.png	2
丸	U+4E38	U+4E38.png	00644	00644_Web_SS_0.png	2
丹	U+4E39	U+4E39.png	00645	00645_Web_SS_5.png	4
为	U+4E3A	U+4E3A.png	00646	00646_Web_SS_0.png	3
主	U+4E3B	U+4E3B.png	00647	00647_Web_SS_5.png	2
丽	U+4E3D	U+4E3D.png	00648	00648_Web_SS_0.png	4
举	U+4E3E	U+4E3E.png	00649	00649_Web_SS_5.png	2
丿	U+4E3F	U+4E3F.png	00650	00650_Web_SS_0.png	2
乃	U+4E43	U+4E43.png	00652	00652_Web_SS_0.png	4
久	U+4E45	U+4E45.png	00653	00653_Web_SS_0.png	2
乇	U+4E47	U+4E47.png	00654	00654_Web_SS_5.png	1
么	U+4E48	U+4E48.png	00655	00655_Web_SS_0.png	2
义	U+4E49	U+4E49.png	00656	00656_Web_SS_5.png	3
之	U+4E4B	U+4E4B.png	00657	00657_Web_SS_5.png	2
乌	U+4E4C	U+4E4C.png	00658	00658_Web_SS_5.png	2
乍	U+4E4D	U+4E4D.png	00659	00659_Web_SS_0.png	2
乎	U+4E4E	U+4E4E.png	00660	00660_Web_SS_0.png	2
乏	U+4E4F	U+4E4F.png	00661	00661_Web_SS_0.png	2
乐	U+4E50	U+4E50.png	00662	00662_Web_SS_0.png	2
乔	U+4E54	U+4E54.png	00663	00663_Web_SS_0.png	2
乖	U+4E56	U+4E56.png	00664	00664_Web_SS_5.png	2
乘	U+4E58	U+4E58.png	00665	00665_Web_SS_0.png	3
乙	U+4E59	U+4E59.png	00666	00666_Web_SS_0.png	2
九	U+4E5D	U+4E5D.png	00667	00667_Web_SS_0.png	2
乞	U+4E5E	U+4E5E.png	00668	00668_Web_SS_0.png	2
也	U+4E5F	U+4E5F.png	00669	00669_Web_SS_5.png	3
习	U+4E60	U+4E60.png	00670	00670_Web_SS_0.png	2
乡	U+4E61	U+4E61.png	00671	00671_Web_SS_5.png	1
书	U+4E66	U+4E66.png	00672	00672_Web_SS_0.png	2
买	U+4E70	U+4E70.png	00673	00673_Web_SS_0.png	2
乱	U+4E71	U+4E71.png	00674	00674_Web_SS_5.png	2
乳	U+4E73	U+4E73.png	00675	00675_Web_SS_0.png	2
乾	U+4E7E	U+4E7E.png	00676	00676_Web_SS_0.png	3
亂	U+4E82	U+4E82.png	00677	00677_Web_SS_0.png	1
亅	U+4E85	U+4E85.png	00678	00678_Web_SS_0.png	1
了	U+4E86	U+4E86.png	00679	00679_Web_SS_0.png	2
予	U+4E88	U+4E88.png	00680	00680_Web_SS_0.png	2
争	U+4E89	U+4E89.png	00681	00681_Web_SS_5.png	2
事	U+4E8B	U+4E8B.png	00682	00682_Web_SS_5.png	3
二	U+4E8C	U+4E8C.png	00683	00683_Web_SS_5.png	3
亍	U+4E8D	U+4E8D.png	00684	00684_Web_SS_5.png	1
于	U+4E8E	U+4E8E.png	00685	00685_Web_SS_0.png	2
亏	U+4E8F	U+4E8F.png	00686	00686_Web_SS_1.png	3
云	U+4E91	U+4E91.png	00687	00687_Web_SS_2.png	4
互	U+4E92	U+4E92.png	00688	00688_Web_SS_1.png	3
亓	U+4E93	U+4E93.png	00689	00689_Web_SS_5.png	1
五	U+4E94	U+4E94.png	00690	00690_Web_SS_5.png	3
井	U+4E95	U+4E95.png	00691	00691_Web_SS_5.png	2
亘	U+4E98	U+4E98.png	00692	00692_Web_SS_5.png	1
亚	U+4E9A	U+4E9A.png	00694	00694_Web_SS_5.png	2
些	U+4E9B	U+4E9B.png	00695	00695_Web_SS_0.png	2
亞	U+4E9E	U+4E9E.png	00696	00696_Web_SS_0.png	1
亟	U+4E9F	U+4E9F.png	00697	00697_Web_SS_5.png	1
亡	U+4EA1	U+4EA1.png	00698	00698_Web_SS_5.png	2
亢	U+4EA2	U+4EA2.png	00699	00699_Web_SS_5.png	1
交	U+4EA4	U+4EA4.png	00700	00700_Web_SS_0.png	2
亥	U+4EA5	U+4EA5.png	00701	00701_Web_SS_5.png	1
亦	U+4EA6	U+4EA6.png	00702	00702_Web_SS_0.png	2
产	U+4EA7	U+4EA7.png	00703	00703_Web_SS_5.png	2
亨	U+4EA8	U+4EA8.png	00704	00704_Web_SS_5.png	3
亩	U+4EA9	U+4EA9.png	00705	00705_Web_SS_5.png	3
享	U+4EAB	U+4EAB.png	00706	00706_Web_SS_5.png	3
京	U+4EAC	U+4EAC.png	00707	00707_Web_SS_0.png	2
亭	U+4EAD	U+4EAD.png	00708	00708_Web_SS_0.png	2
亮	U+4EAE	U+4EAE.png	00709	00709_Web_SS_0.png	2
亲	U+4EB2	U+4EB2.png	00711	00711_Web_SS_0.png	2
亳	U+4EB3	U+4EB3.png	00712	00712_Web_SS_5.png	1
亵	U+4EB5	U+4EB5.png	00714	00714_Web_SS_0.png	2
人	U+4EBA	U+4EBA.png	00716	00716_Web_SS_0.png	2
亻	U+4EBB	U+4EBB.png	00717	00717_Web_SS_5.png	1
亿	U+4EBF	U+4EBF.png	00719	00719_Web_SS_5.png	2
什	U+4EC0	U+4EC0.png	00720	00720_Web_SS_0.png	2
仁	U+4EC1	U+4EC1.png	00721	00721_Web_SS_2.png	4
仄	U+4EC4	U+4EC4.png	00722	00722_Web_SS_5.png	1
仅	U+4EC5	U+4EC5.png	00723	00723_Web_SS_5.png	2
仆	U+4EC6	U+4EC6.png	00724	00724_Web_SS_1.png	3
仇	U+4EC7	U+4EC7.png	00725	00725_Web_SS_0.png	2
今	U+4ECA	U+4ECA.png	00726	00726_Web_SS_0.png	2
介	U+4ECB	U+4ECB.png	00727	00727_Web_SS_0.png	2
仌	U+4ECC	U+4ECC.png	00728	00728_Web_SS_5.png	1
仍	U+4ECD	U+4ECD.png	00729	00729_Web_SS_5.png	1
从	U+4ECE	U+4ECE.png	00730	00730_Web_SS_0.png	3
仑	U+4ED1	U+4ED1.png	00731	00731_Web_SS_5.png	3
仓	U+4ED3	U+4ED3.png	00732	00732_Web_SS_5.png	3
仔	U+4ED4	U+4ED4.png	00733	00733_Web_SS_5.png	1
仕	U+4ED5	U+4ED5.png	00734	00734_Web_SS_0.png	2
他	U+4ED6	U+4ED6.png	00735	00735_Web_SS_0.png	2
仗	U+4ED7	U+4ED7.png	00736	00736_Web_SS_5.png	1
付	U+4ED8	U+4ED8.png	00737	00737_Web_SS_0.png	2
仙	U+4ED9	U+4ED9.png	00738	00738_Web_SS_0.png	3
仜	U+4EDC	U+4EDC.png	00740	00740_Web_SS_5.png	1
仞	U+4EDE	U+4EDE.png	00742	00742_Web_SS_5.png	1
仡	U+4EE1	U+4EE1.png	00743	00743_Web_SS_5.png	1
仢	U+4EE2	U+4EE2.png	00744	00744_Web_SS_5.png	1
代	U+4EE3	U+4EE3.png	00745	00745_Web_SS_0.png	2
令	U+4EE4	U+4EE4.png	00746	00746_Web_SS_5.png	2
以	U+4EE5	U+4EE5.png	00747	00747_Web_SS_0.png	2
仪	U+4EEA	U+4EEA.png	00748	00748_Web_SS_0.png	2
仰	U+4EF0	U+4EF0.png	00750	00750_Web_SS_0.png	2
仲	U+4EF2	U+4EF2.png	00751	00751_Web_SS_5.png	2
仳	U+4EF3	U+4EF3.png	00752	00752_Web_SS_5.png	1
件	U+4EF6	U+4EF6.png	00753	00753_Web_SS_0.png	2
价	U+4EF7	U+4EF7.png	00754	00754_Web_SS_5.png	2
任	U+4EFB	U+4EFB.png	00756	00756_Web_SS_5.png	2
份	U+4EFD	U+4EFD.png	00757	00757_Web_SS_5.png	3
仿	U+4EFF	U+4EFF.png	00758	00758_Web_SS_0.png	3
伀	U+4F00	U+4F00.png	00759	00759_Web_SS_5.png	1
企	U+4F01	U+4F01.png	00760	00760_Web_SS_0.png	3
伃	U+4F03	U+4F03.png	00761	00761_Web_SS_5.png	1
伉	U+4F09	U+4F09.png	00763	00763_Web_SS_5.png	1
伊	U+4F0A	U+4F0A.png	00764	00764_Web_SS_5.png	1
伋	U+4F0B	U+4F0B.png	00765	00765_Web_SS_5.png	1
伍	U+4F0D	U+4F0D.png	00766	00766_Web_SS_0.png	2
伎	U+4F0E	U+4F0E.png	00767	00767_Web_SS_5.png	1
伏	U+4F0F	U+4F0F.png	00768	00768_Web_SS_5.png	2
伐	U+4F10	U+4F10.png	00769	00769_Web_SS_0.png	2
休	U+4F11	U+4F11.png	00770	00770_Web_SS_5.png	2
众	U+4F17	U+4F17.png	00773	00773_Web_SS_5.png	2
优	U+4F18	U+4F18.png	00774	00774_Web_SS_5.png	2
伙	U+4F19	U+4F19.png	00775	00775_Web_SS_5.png	1
会	U+4F1A	U+4F1A.png	00776	00776_Web_SS_5.png	3
伟	U+4F1F	U+4F1F.png	00777	00777_Web_SS_0.png	2
传	U+4F20	U+4F20.png	00778	00778_Web_SS_0.png	2
伤	U+4F24	U+4F24.png	00779	00779_Web_SS_5.png	2
伦	U+4F26	U+4F26.png	00780	00780_Web_SS_0.png	2
伪	U+4F2A	U+4F2A.png	00781	00781_Web_SS_5.png	2
伯	U+4F2F	U+4F2F.png	00782	00782_Web_SS_0.png	2
伴	U+4F34	U+4F34.png	00783	00783_Web_SS_0.png	2
伶	U+4F36	U+4F36.png	00784	00784_Web_SS_0.png	2
伸	U+4F38	U+4F38.png	00785	00785_Web_SS_0.png	2
伹	U+4F39	U+4F39.png	00786	00786_Web_SS_5.png	1
伺	U+4F3A	U+4F3A.png	00787	00787_Web_SS_0.png	2
似	U+4F3C	U+4F3C.png	00788	00788_Web_SS_5.png	2
伾	U+4F3E	U+4F3E.png	00790	00790_Web_SS_5.png	1
佀	U+4F40	U+4F40.png	00791	00791_Web_SS_5.png	1
佁	U+4F41	U+4F41.png	00792	00792_Web_SS_5.png	1
佃	U+4F43	U+4F43.png	00794	00794_Web_SS_0.png	2
但	U+4F46	U+4F46.png	00795	00795_Web_SS_5.png	1
佋	U+4F4B	U+4F4B.png	00797	00797_Web_SS_5.png	1
位	U+4F4D	U+4F4D.png	00798	00798_Web_SS_5.png	2
低	U+4F4E	U+4F4E.png	00799	00799_Web_SS_0.png	2
佐	U+4F50	U+4F50.png	00801	00801_Web_SS_5.png	1
佑	U+4F51	U+4F51.png	00802	00802_Web_SS_5.png	1
体	U+4F53	U+4F53.png	00803	00803_Web_SS_0.png	2
何	U+4F55	U+4F55.png	00804	00804_Web_SS_5.png	2
佖	U+4F56	U+4F56.png	00805	00805_Web_SS_5.png	1
佗	U+4F57	U+4F57.png	00806	00806_Web_SS_5.png	1
余	U+4F59	U+4F59.png	00807	00807_Web_SS_0.png	2
佚	U+4F5A	U+4F5A.png	00808	00808_Web_SS_5.png	1
佛	U+4F5B	U+4F5B.png	00809	00809_Web_SS_0.png	2
作	U+4F5C	U+4F5C.png	00810	00810_Web_SS_0.png	2
佝	U+4F5D	U+4F5D.png	00811	00811_Web_SS_5.png	1
佞	U+4F5E	U+4F5E.png	00812	00812_Web_SS_5.png	1
佣	U+4F63	U+4F63.png	00814	00814_Web_SS_5.png	1
佤	U+4F64	U+4F64.png	00815	00815_Web_SS_5.png	1
佩	U+4F69	U+4F69.png	00816	00816_Web_SS_0.png	2
佮	U+4F6E	U+4F6E.png	00817	00817_Web_SS_5.png	1
佰	U+4F70	U+4F70.png	00819	00819_Web_SS_0.png	2
佳	U+4F73	U+4F73.png	00820	00820_Web_SS_0.png	2
佴	U+4F74	U+4F74.png	00821	00821_Web_SS_5.png	1
併	U+4F75	U+4F75.png	00822	00822_Web_SS_0.png	2
佶	U+4F76	U+4F76.png	00823	00823_Web_SS_5.png	1
佸	U+4F78	U+4F78.png	00824	00824_Web_SS_5.png	1
佺	U+4F7A	U+4F7A.png	00825	00825_Web_SS_5.png	1
佻	U+4F7B	U+4F7B.png	00826	00826_Web_SS_5.png	1
佼	U+4F7C	U+4F7C.png	00827	00827_Web_SS_5.png	1
佽	U+4F7D	U+4F7D.png	00828	00828_Web_SS_5.png	1
佾	U+4F7E	U+4F7E.png	00829	00829_Web_SS_5.png	1
使	U+4F7F	U+4F7F.png	00830	00830_Web_SS_5.png	2
侁	U+4F81	U+4F81.png	00831	00831_Web_SS_5.png	1
侂	U+4F82	U+4F82.png	00832	00832_Web_SS_5.png	1
侃	U+4F83	U+4F83.png	00833	00833_Web_SS_5.png	1
侄	U+4F84	U+4F84.png	00834	00834_Web_SS_5.png	1
侅	U+4F85	U+4F85.png	00835	00835_Web_SS_5.png	1
來	U+4F86	U+4F86.png	00836	00836_Web_SS_0.png	1
侈	U+4F88	U+4F88.png	00838	00838_Web_SS_5.png	1
侉	U+4F89	U+4F89.png	00839	00839_Web_SS_5.png	1
侊	U+4F8A	U+4F8A.png	00840	00840_Web_SS_5.png	1
例	U+4F8B	U+4F8B.png	00841	00841_Web_SS_0.png	2
侍	U+4F8D	U+4F8D.png	00842	00842_Web_SS_0.png	2
侐	U+4F90	U+4F90.png	00843	00843_Web_SS_5.png	1
侑	U+4F91	U+4F91.png	00844	00844_Web_SS_5.png	1
侒	U+4F92	U+4F92.png	00845	00845_Web_SS_5.png	1
侔	U+4F94	U+4F94.png	00846	00846_Web_SS_5.png	1
侖	U+4F96	U+4F96.png	00848	00848_Web_SS_5.png	3
侗	U+4F97	U+4F97.png	00849	00849_Web_SS_5.png	1
侙	U+4F99	U+4F99.png	00851	00851_Web_SS_5.png	1
侚	U+4F9A	U+4F9A.png	00852	00852_Web_SS_5.png	1
供	U+4F9B	U+4F9B.png	00853	00853_Web_SS_5.png	2
侜	U+4F9C	U+4F9C.png	00854	00854_Web_SS_5.png	1
依	U+4F9D	U+4F9D.png	00855	00855_Web_SS_5.png	2
侠	U+4FA0	U+4FA0.png	00856	00856_Web_SS_0.png	2
侣	U+4FA3	U+4FA3.png	00857	00857_Web_SS_0.png	2
侦	U+4FA6	U+4FA6.png	00858	00858_Web_SS_0.png	2
侧	U+4FA7	U+4FA7.png	00859	00859_Web_SS_5.png	2
侨	U+4FA8	U+4FA8.png	00860	00860_Web_SS_5.png	2
侮	U+4FAE	U+4FAE.png	00861	00861_Web_SS_0.png	3
侯	U+4FAF	U+4FAF.png	00862	00862_Web_SS_5.png	3
侲	U+4FB2	U+4FB2.png	00864	00864_Web_SS_5.png	1
侳	U+4FB3	U+4FB3.png	00865	00865_Web_SS_5.png	1
侵	U+4FB5	U+4FB5.png	00866	00866_Web_SS_5.png	2
侶	U+4FB6	U+4FB6.png	00867	00867_Web_SS_0.png	2
侸	U+4FB8	U+4FB8.png	00868	00868_Web_SS_5.png	1
侹	U+4FB9	U+4FB9.png	00869	00869_Web_SS_5.png	1
便	U+4FBF	U+4FBF.png	00870	00870_Web_SS_0.png	2
俁	U+4FC1	U+4FC1.png	00871	00871_Web_SS_5.png	1
係	U+4FC2	U+4FC2.png	00872	00872_Web_SS_5.png	2
促	U+4FC3	U+4FC3.png	00873	00873_Web_SS_5.png	2
俄	U+4FC4	U+4FC4.png	00874	00874_Web_SS_0.png	2
俅	U+4FC5	U+4FC5.png	00875	00875_Web_SS_5.png	1
俆	U+4FC6	U+4FC6.png	00876	00876_Web_SS_5.png	1
俇	U+4FC7	U+4FC7.png	00877	00877_Web_SS_5.png	1
俊	U+4FCA	U+4FCA.png	00880	00880_Web_SS_0.png	2
俌	U+4FCC	U+4FCC.png	00881	00881_Web_SS_5.png	1
俎	U+4FCE	U+4FCE.png	00883	00883_Web_SS_5.png	1
俑	U+4FD1	U+4FD1.png	00884	00884_Web_SS_0.png	2
俒	U+4FD2	U+4FD2.png	00885	00885_Web_SS_5.png	1
俔	U+4FD4	U+4FD4.png	00887	00887_Web_SS_5.png	1
俗	U+4FD7	U+4FD7.png	00888	00888_Web_SS_5.png	2
俘	U+4FD8	U+4FD8.png	00889	00889_Web_SS_5.png	1
俙	U+4FD9	U+4FD9.png	00890	00890_Web_SS_5.png	1
俚	U+4FDA	U+4FDA.png	00891	00891_Web_SS_5.png	1
俛	U+4FDB	U+4FDB.png	00892	00892_Web_SS_5.png	1
俜	U+4FDC	U+4FDC.png	00893	00893_Web_SS_5.png	1
保	U+4FDD	U+4FDD.png	00894	00894_Web_SS_2.png	4
俞	U+4FDE	U+4FDE.png	00895	00895_Web_SS_5.png	1
俟	U+4FDF	U+4FDF.png	00896	00896_Web_SS_5.png	1
俠	U+4FE0	U+4FE0.png	00897	00897_Web_SS_5.png	2
信	U+4FE1	U+4FE1.png	00898	00898_Web_SS_5.png	4
俨	U+4FE8	U+4FE8.png	00901	00901_Web_SS_0.png	2
修	U+4FEE	U+4FEE.png	00903	00903_Web_SS_5.png	2
俯	U+4FEF	U+4FEF.png	00904	00904_Web_SS_5.png	1
俱	U+4FF1	U+4FF1.png	00905	00905_Web_SS_0.png	2
俳	U+4FF3	U+4FF3.png	00906	00906_Web_SS_5.png	1
俴	U+4FF4	U+4FF4.png	00907	00907_Web_SS_5.png	1
俶	U+4FF6	U+4FF6.png	00908	00908_Web_SS_5.png	1
俺	U+4FFA	U+4FFA.png	00910	00910_Web_SS_5.png	1
俾	U+4FFE	U+4FFE.png	00912	00912_Web_SS_5.png	1
倀	U+5000	U+5000.png	00913	00913_Web_SS_5.png	1
倃	U+5003	U+5003.png	00914	00914_Web_SS_5.png	1
倄	U+5004	U+5004.png	00915	00915_Web_SS_5.png	1
倅	U+5005	U+5005.png	00916	00916_Web_SS_5.png	1
倉	U+5009	U+5009.png	00919	00919_Web_SS_5.png	3
倌	U+500C	U+500C.png	00920	00920_Web_SS_5.png	1
倍	U+500D	U+500D.png	00921	00921_Web_SS_5.png	2
倏	U+500F	U+500F.png	00922	00922_Web_SS_5.png	1
倒	U+5012	U+5012.png	00923	00923_Web_SS_5.png	1
倗	U+5017	U+5017.png	00925	00925_Web_SS_5.png	1
候	U+5019	U+5019.png	00926	00926_Web_SS_0.png	2
倚	U+501A	U+501A.png	00927	00927_Web_SS_0.png	2
倜	U+501C	U+501C.png	00928	00928_Web_SS_5.png	1
倝	U+501D	U+501D.png	00929	00929_Web_SS_5.png	1
借	U+501F	U+501F.png	00931	00931_Web_SS_0.png	2
倠	U+5020	U+5020.png	00932	00932_Web_SS_5.png	1
倡	U+5021	U+5021.png	00933	00933_Web_SS_5.png	2
倢	U+5022	U+5022.png	00934	00934_Web_SS_5.png	1
倦	U+5026	U+5026.png	00935	00935_Web_SS_0.png	2
倨	U+5028	U+5028.png	00936	00936_Web_SS_5.png	1
倩	U+5029	U+5029.png	00937	00937_Web_SS_0.png	2
倪	U+502A	U+502A.png	00938	00938_Web_SS_0.png	2
倫	U+502B	U+502B.png	00939	00939_Web_SS_0.png	2
倬	U+502C	U+502C.png	00940	00940_Web_SS_5.png	1
倭	U+502D	U+502D.png	00941	00941_Web_SS_0.png	2
债	U+503A	U+503A.png	00942	00942_Web_SS_5.png	2
值	U+503C	U+503C.png	00943	00943_Web_SS_0.png	2
倾	U+503E	U+503E.png	00945	00945_Web_SS_0.png	2
偁	U+5041	U+5041.png	00946	00946_Web_SS_5.png	1
偃	U+5043	U+5043.png	00947	00947_Web_SS_5.png	1
偄	U+5044	U+5044.png	00948	00948_Web_SS_5.png	1
偆	U+5046	U+5046.png	00949	00949_Web_SS_5.png	1
假	U+5047	U+5047.png	00950	00950_Web_SS_0.png	2
偉	U+5049	U+5049.png	00952	00952_Web_SS_0.png	2
偋	U+504B	U+504B.png	00953	00953_Web_SS_5.png	1
偏	U+504F	U+504F.png	00954	00954_Web_SS_0.png	2
偓	U+5053	U+5053.png	00955	00955_Web_SS_5.png	1
偕	U+5055	U+5055.png	00956	00956_Web_SS_0.png	2
停	U+505C	U+505C.png	00959	00959_Web_SS_0.png	2
健	U+5065	U+5065.png	00961	00961_Web_SS_5.png	2
偫	U+506B	U+506B.png	00964	00964_Web_SS_5.png	1
偰	U+5070	U+5070.png	00966	00966_Web_SS_5.png	1
偲	U+5072	U+5072.png	00967	00967_Web_SS_5.png	1
側	U+5074	U+5074.png	00969	00969_Web_SS_0.png	2
偵	U+5075	U+5075.png	00970	00970_Web_SS_0.png	2
偶	U+5076	U+5076.png	00971	00971_Web_SS_5.png	2
偽	U+507D	U+507D.png	00972	00972_Web_SS_5.png	2
偿	U+507F	U+507F.png	00973	00973_Web_SS_0.png	2
傀	U+5080	U+5080.png	00974	00974_Web_SS_5.png	1
傅	U+5085	U+5085.png	00975	00975_Web_SS_0.png	2
傆	U+5086	U+5086.png	00976	00976_Web_SS_5.png	1
傍	U+508D	U+508D.png	00979	00979_Web_SS_0.png	2
傑	U+5091	U+5091.png	00981	00981_Web_SS_5.png	2
傓	U+5093	U+5093.png	00983	00983_Web_SS_5.png	1
傔	U+5094	U+5094.png	00984	00984_Web_SS_5.png	1
備	U+5099	U+5099.png	00986	00986_Web_SS_5.png	3
傛	U+509B	U+509B.png	00987	00987_Web_SS_5.png	1
傞	U+509E	U+509E.png	00988	00988_Web_SS_5.png	1
储	U+50A8	U+50A8.png	00989	00989_Web_SS_5.png	2
傪	U+50AA	U+50AA.png	00990	00990_Web_SS_5.png	1
催	U+50AC	U+50AC.png	00991	00991_Web_SS_0.png	2
傭	U+50AD	U+50AD.png	00992	00992_Web_SS_5.png	1
傮	U+50AE	U+50AE.png	00993	00993_Web_SS_5.png	1
傲	U+50B2	U+50B2.png	00995	00995_Web_SS_0.png	2
傳	U+50B3	U+50B3.png	00996	00996_Web_SS_0.png	1
傴	U+50B4	U+50B4.png	00997	00997_Web_SS_5.png	1
債	U+50B5	U+50B5.png	00998	00998_Web_SS_5.png	2
傷	U+50B7	U+50B7.png	00999	00999_Web_SS_5.png	2
傾	U+50BE	U+50BE.png	01000	01000_Web_SS_0.png	1
傿	U+50BF	U+50BF.png	01001	01001_Web_SS_5.png	1
僁	U+50C1	U+50C1.png	01002	01002_Web_SS_5.png	1
僄	U+50C4	U+50C4.png	01004	01004_Web_SS_5.png	1
僅	U+50C5	U+50C5.png	01005	01005_Web_SS_5.png	2
僊	U+50CA	U+50CA.png	01007	01007_Web_SS_5.png	1
僎	U+50CE	U+50CE.png	01009	01009_Web_SS_5.png	1
像	U+50CF	U+50CF.png	01010	01010_Web_SS_0.png	2
僐	U+50D0	U+50D0.png	01011	01011_Web_SS_5.png	1
僑	U+50D1	U+50D1.png	01012	01012_Web_SS_5.png	2
僓	U+50D3	U+50D3.png	01013	01013_Web_SS_5.png	1
僔	U+50D4	U+50D4.png	01014	01014_Web_SS_5.png	1
僕	U+50D5	U+50D5.png	01015	01015_Web_SS_5.png	3
僖	U+50D6	U+50D6.png	01016	01016_Web_SS_5.png	1
僚	U+50DA	U+50DA.png	01017	01017_Web_SS_5.png	2
僛	U+50DB	U+50DB.png	01018	01018_Web_SS_5.png	1
僞	U+50DE	U+50DE.png	01019	01019_Web_SS_5.png	1
僟	U+50DF	U+50DF.png	01020	01020_Web_SS_5.png	1
僤	U+50E4	U+50E4.png	01021	01021_Web_SS_5.png	1
僦	U+50E6	U+50E6.png	01022	01022_Web_SS_5.png	1
僧	U+50E7	U+50E7.png	01023	01023_Web_SS_0.png	2
僨	U+50E8	U+50E8.png	01024	01024_Web_SS_5.png	1
僩	U+50E9	U+50E9.png	01025	01025_Web_SS_5.png	1
僭	U+50ED	U+50ED.png	01027	01027_Web_SS_5.png	1
僮	U+50EE	U+50EE.png	01028	01028_Web_SS_5.png	1
僯	U+50EF	U+50EF.png	01029	01029_Web_SS_5.png	1
僵	U+50F5	U+50F5.png	01031	01031_Web_SS_0.png	2
僷	U+50F7	U+50F7.png	01032	01032_Web_SS_5.png	1
價	U+50F9	U+50F9.png	01033	01033_Web_SS_0.png	2
僻	U+50FB	U+50FB.png	01034	01034_Web_SS_5.png	1
僾	U+50FE	U+50FE.png	01035	01035_Web_SS_5.png	1
儀	U+5100	U+5100.png	01036	01036_Web_SS_0.png	2
儃	U+5103	U+5103.png	01037	01037_Web_SS_5.png	1
億	U+5104	U+5104.png	01038	01038_Web_SS_5.png	2
儆	U+5106	U+5106.png	01039	01039_Web_SS_5.png	1
儇	U+5107	U+5107.png	01040	01040_Web_SS_5.png	1
儈	U+5108	U+5108.png	01041	01041_Web_SS_5.png	1
儉	U+5109	U+5109.png	01042	01042_Web_SS_5.png	1
儋	U+510B	U+510B.png	01043	01043_Web_SS_5.png	1
儒	U+5112	U+5112.png	01045	01045_Web_SS_5.png	2
儘	U+5118	U+5118.png	01048	01048_Web_SS_0.png	1
償	U+511F	U+511F.png	01050	01050_Web_SS_5.png	2
儠	U+5120	U+5120.png	01051	01051_Web_SS_5.png	1
儡	U+5121	U+5121.png	01052	01052_Web_SS_5.png	2
儥	U+5125	U+5125.png	01053	01053_Web_SS_5.png	1
儦	U+5126	U+5126.png	01054	01054_Web_SS_5.png	1
優	U+512A	U+512A.png	01056	01056_Web_SS_5.png	2
儲	U+5132	U+5132.png	01057	01057_Web_SS_5.png	2
儵	U+5135	U+5135.png	01058	01058_Web_SS_5.png	1
儹	U+5139	U+5139.png	01059	01059_Web_SS_5.png	1
儻	U+513B	U+513B.png	01060	01060_Web_SS_5.png	1
儼	U+513C	U+513C.png	01061	01061_Web_SS_0.png	2
儽	U+513D	U+513D.png	01062	01062_Web_SS_5.png	1
儿	U+513F	U+513F.png	01063	01063_Web_SS_0.png	2
兀	U+5140	U+5140.png	01064	01064_Web_SS_5.png	2
允	U+5141	U+5141.png	01065	01065_Web_SS_0.png	2
兂	U+5142	U+5142.png	01066	01066_Web_SS_5.png	1
元	U+5143	U+5143.png	01067	01067_Web_SS_0.png	2
兄	U+5144	U+5144.png	01068	01068_Web_SS_5.png	2
充	U+5145	U+5145.png	01069	01069_Web_SS_0.png	2
兆	U+5146	U+5146.png	01070	01070_Web_SS_5.png	4
兇	U+5147	U+5147.png	01071	01071_Web_SS_5.png	2
先	U+5148	U+5148.png	01072	01072_Web_SS_5.png	2
光	U+5149	U+5149.png	01073	01073_Web_SS_5.png	4
克	U+514B	U+514B.png	01074	01074_Web_SS_1.png	4
兌	U+514C	U+514C.png	01075	01075_Web_SS_5.png	2
免	U+514D	U+514D.png	01076	01076_Web_SS_5.png	2
兑	U+5151	U+5151.png	01077	01077_Web_SS_5.png	2
兒	U+5152	U+5152.png	01078	01078_Web_SS_0.png	2
兔	U+5154	U+5154.png	01080	01080_Web_SS_0.png	2
兕	U+5155	U+5155.png	01081	01081_Web_SS_5.png	1
党	U+515A	U+515A.png	01082	01082_Web_SS_0.png	2
兜	U+515C	U+515C.png	01083	01083_Web_SS_0.png	2
兟	U+515F	U+515F.png	01084	01084_Web_SS_5.png	1
兢	U+5162	U+5162.png	01085	01085_Web_SS_5.png	2
入	U+5165	U+5165.png	01086	01086_Web_SS_5.png	2
內	U+5167	U+5167.png	01088	01088_Web_SS_0.png	2
全	U+5168	U+5168.png	01089	01089_Web_SS_0.png	4
兩	U+5169	U+5169.png	01090	01090_Web_SS_5.png	3
八	U+516B	U+516B.png	01091	01091_Web_SS_0.png	2
公	U+516C	U+516C.png	01092	01092_Web_SS_0.png	2
六	U+516D	U+516D.png	01093	01093_Web_SS_0.png	2
兮	U+516E	U+516E.png	01094	01094_Web_SS_0.png	2
共	U+5171	U+5171.png	01095	01095_Web_SS_0.png	3
关	U+5173	U+5173.png	01096	01096_Web_SS_0.png	2
兴	U+5174	U+5174.png	01097	01097_Web_SS_0.png	2
兵	U+5175	U+5175.png	01098	01098_Web_SS_5.png	4
其	U+5176	U+5176.png	01099	01099_Web_SS_0.png	4
具	U+5177	U+5177.png	01100	01100_Web_SS_5.png	2
典	U+5178	U+5178.png	01101	01101_Web_SS_0.png	3
兹	U+5179	U+5179.png	01102	01102_Web_SS_5.png	2
养	U+517B	U+517B.png	01103	01103_Web_SS_5.png	3
兼	U+517C	U+517C.png	01104	01104_Web_SS_0.png	2
兽	U+517D	U+517D.png	01105	01105_Web_SS_5.png	2
冀	U+5180	U+5180.png	01106	01106_Web_SS_5.png	1
冂	U+5182	U+5182.png	01107	01107_Web_SS_0.png	2
冃	U+5183	U+5183.png	01108	01108_Web_SS_5.png	1
冄	U+5184	U+5184.png	01109	01109_Web_SS_5.png	1
内	U+5185	U+5185.png	01110	01110_Web_SS_0.png	2
冈	U+5188	U+5188.png	01111	01111_Web_SS_0.png	2
冉	U+5189	U+5189.png	01112	01112_Web_SS_0.png	2
冊	U+518A	U+518A.png	01113	01113_Web_SS_0.png	3
册	U+518C	U+518C.png	01114	01114_Web_SS_0.png	3
再	U+518D	U+518D.png	01115	01115_Web_SS_5.png	2
冎	U+518E	U+518E.png	01116	01116_Web_SS_5.png	1
冑	U+5191	U+5191.png	01117	01117_Web_SS_5.png	1
冒	U+5192	U+5192.png	01118	01118_Web_SS_0.png	3
冓	U+5193	U+5193.png	01119	01119_Web_SS_5.png	1
冕	U+5195	U+5195.png	01120	01120_Web_SS_5.png	1
冖	U+5196	U+5196.png	01121	01121_Web_SS_0.png	2
冗	U+5197	U+5197.png	01122	01122_Web_SS_0.png	2
冘	U+5198	U+5198.png	01123	01123_Web_SS_5.png	1
写	U+5199	U+5199.png	01124	01124_Web_SS_0.png	2
军	U+519B	U+519B.png	01125	01125_Web_SS_0.png	2
农	U+519C	U+519C.png	01126	01126_Web_SS_1.png	4
冟	U+519F	U+519F.png	01127	01127_Web_SS_5.png	1
冠	U+51A0	U+51A0.png	01128	01128_Web_SS_0.png	2
冡	U+51A1	U+51A1.png	01129	01129_Web_SS_5.png	1
冢	U+51A2	U+51A2.png	01130	01130_Web_SS_5.png	1
冣	U+51A3	U+51A3.png	01131	01131_Web_SS_5.png	1
冤	U+51A4	U+51A4.png	01132	01132_Web_SS_0.png	2
冥	U+51A5	U+51A5.png	01133	01133_Web_SS_5.png	1
冫	U+51AB	U+51AB.png	01134	01134_Web_SS_0.png	2
冬	U+51AC	U+51AC.png	01135	01135_Web_SS_5.png	3
冯	U+51AF	U+51AF.png	01136	01136_Web_SS_5.png	2
冰	U+51B0	U+51B0.png	01137	01137_Web_SS_5.png	4
冲	U+51B2	U+51B2.png	01138	01138_Web_SS_5.png	2
决	U+51B3	U+51B3.png	01139	01139_Web_SS_0.png	2
况	U+51B5	U+51B5.png	01140	01140_Web_SS_0.png	2
冶	U+51B6	U+51B6.png	01141	01141_Web_SS_0.png	2
冷	U+51B7	U+51B7.png	01142	01142_Web_SS_5.png	2
冹	U+51B9	U+51B9.png	01143	01143_Web_SS_5.png	1
冻	U+51BB	U+51BB.png	01144	01144_Web_SS_5.png	2
净	U+51C0	U+51C0.png	01145	01145_Web_SS_5.png	3
准	U+51C6	U+51C6.png	01146	01146_Web_SS_5.png	1
凉	U+51C9	U+51C9.png	01147	01147_Web_SS_0.png	2
凊	U+51CA	U+51CA.png	01148	01148_Web_SS_5.png	1
凋	U+51CB	U+51CB.png	01149	01149_Web_SS_5.png	2
凌	U+51CC	U+51CC.png	01150	01150_Web_SS_1.png	3
凍	U+51CD	U+51CD.png	01151	01151_Web_SS_5.png	2
减	U+51CF	U+51CF.png	01152	01152_Web_SS_5.png	2
凑	U+51D1	U+51D1.png	01153	01153_Web_SS_5.png	2
凔	U+51D4	U+51D4.png	01154	01154_Web_SS_5.png	1
凘	U+51D8	U+51D8.png	01155	01155_Web_SS_5.png	1
凜	U+51DC	U+51DC.png	01156	01156_Web_SS_5.png	1
凝	U+51DD	U+51DD.png	01157	01157_Web_SS_1.png	3
几	U+51E0	U+51E0.png	01158	01158_Web_SS_5.png	2
凡	U+51E1	U+51E1.png	01159	01159_Web_SS_0.png	2
凤	U+51E4	U+51E4.png	01160	01160_Web_SS_5.png	4
凥	U+51E5	U+51E5.png	01161	01161_Web_SS_5.png	1
処	U+51E6	U+51E6.png	01162	01162_Web_SS_5.png	1
凭	U+51ED	U+51ED.png	01163	01163_Web_SS_5.png	1
凯	U+51EF	U+51EF.png	01164	01164_Web_SS_5.png	1
凰	U+51F0	U+51F0.png	01165	01165_Web_SS_5.png	1
凵	U+51F5	U+51F5.png	01167	01167_Web_SS_0.png	2
凶	U+51F6	U+51F6.png	01168	01168_Web_SS_0.png	2
凷	U+51F7	U+51F7.png	01169	01169_Web_SS_5.png	1
出	U+51FA	U+51FA.png	01170	01170_Web_SS_5.png	2
击	U+51FB	U+51FB.png	01171	01171_Web_SS_0.png	2
凼	U+51FC	U+51FC.png	01172	01172_Web_SS_5.png	1
函	U+51FD	U+51FD.png	01173	01173_Web_SS_5.png	2
刀	U+5200	U+5200.png	01174	01174_Web_SS_5.png	2
刂	U+5202	U+5202.png	01175	01175_Web_SS_5.png	1
刃	U+5203	U+5203.png	01176	01176_Web_SS_0.png	2
刅	U+5205	U+5205.png	01177	01177_Web_SS_5.png	1
分	U+5206	U+5206.png	01178	01178_Web_SS_0.png	2
切	U+5207	U+5207.png	01179	01179_Web_SS_0.png	2
刈	U+5208	U+5208.png	01180	01180_Web_SS_5.png	1
刉	U+5209	U+5209.png	01181	01181_Web_SS_5.png	1
刊	U+520A	U+520A.png	01182	01182_Web_SS_1.png	4
刌	U+520C	U+520C.png	01183	01183_Web_SS_5.png	1
刎	U+520E	U+520E.png	01184	01184_Web_SS_5.png	1
刑	U+5211	U+5211.png	01185	01185_Web_SS_0.png	3
划	U+5212	U+5212.png	01186	01186_Web_SS_0.png	2
刖	U+5216	U+5216.png	01187	01187_Web_SS_5.png	1
列	U+5217	U+5217.png	01188	01188_Web_SS_0.png	2
刘	U+5218	U+5218.png	01189	01189_Web_SS_0.png	2
则	U+5219	U+5219.png	01190	01190_Web_SS_1.png	4
刚	U+521A	U+521A.png	01191	01191_Web_SS_5.png	3
创	U+521B	U+521B.png	01192	01192_Web_SS_1.png	3
刜	U+521C	U+521C.png	01193	01193_Web_SS_5.png	1
初	U+521D	U+521D.png	01194	01194_Web_SS_5.png	2
删	U+5220	U+5220.png	01196	01196_Web_SS_5.png	2
判	U+5224	U+5224.png	01197	01197_Web_SS_0.png	2
別	U+5225	U+5225.png	01198	01198_Web_SS_5.png	2
利	U+5229	U+5229.png	01199	01199_Web_SS_0.png	3
刪	U+522A	U+522A.png	01200	01200_Web_SS_5.png	2
别	U+522B	U+522B.png	01201	01201_Web_SS_5.png	2
刮	U+522E	U+522E.png	01202	01202_Web_SS_0.png	2
到	U+5230	U+5230.png	01203	01203_Web_SS_5.png	2
刱	U+5231	U+5231.png	01204	01204_Web_SS_5.png	1
刲	U+5232	U+5232.png	01205	01205_Web_SS_5.png	1
刳	U+5233	U+5233.png	01206	01206_Web_SS_5.png	1
制	U+5236	U+5236.png	01208	01208_Web_SS_1.png	3
刷	U+5237	U+5237.png	01209	01209_Web_SS_0.png	2
券	U+5238	U+5238.png	01210	01210_Web_SS_5.png	2
刺	U+523A	U+523A.png	01211	01211_Web_SS_0.png	2
刻	U+523B	U+523B.png	01212	01212_Web_SS_0.png	2
剂	U+5242	U+5242.png	01214	01214_Web_SS_0.png	2
剄	U+5244	U+5244.png	01215	01215_Web_SS_5.png	1
則	U+5247	U+5247.png	01216	01216_Web_SS_1.png	4
剈	U+5248	U+5248.png	01217	01217_Web_SS_5.png	1
削	U+524A	U+524A.png	01219	01219_Web_SS_0.png	2
剌	U+524C	U+524C.png	01221	01221_Web_SS_5.png	1
前	U+524D	U+524D.png	01222	01222_Web_SS_0.png	3
剎	U+524E	U+524E.png	01223	01223_Web_SS_5.png	2
剑	U+5251	U+5251.png	01224	01224_Web_SS_0.png	3
剔	U+5254	U+5254.png	01225	01225_Web_SS_5.png	2
剖	U+5256	U+5256.png	01226	01226_Web_SS_0.png	2
剛	U+525B	U+525B.png	01228	01228_Web_SS_5.png	3
剜	U+525C	U+525C.png	01229	01229_Web_SS_5.png	1
剝	U+525D	U+525D.png	01230	01230_Web_SS_5.png	3
剞	U+525E	U+525E.png	01231	01231_Web_SS_5.png	1
剡	U+5261	U+5261.png	01232	01232_Web_SS_5.png	1
剥	U+5265	U+5265.png	01234	01234_Web_SS_5.png	3
剧	U+5267	U+5267.png	01235	01235_Web_SS_1.png	3
剪	U+526A	U+526A.png	01236	01236_Web_SS_0.png	2
剫	U+526B	U+526B.png	01237	01237_Web_SS_5.png	1
剬	U+526C	U+526C.png	01238	01238_Web_SS_5.png	1
副	U+526F	U+526F.png	01241	01241_Web_SS_0.png	2
割	U+5272	U+5272.png	01243	01243_Web_SS_5.png	2
剴	U+5274	U+5274.png	01244	01244_Web_SS_5.png	1
創	U+5275	U+5275.png	01245	01245_Web_SS_5.png	3
剸	U+5278	U+5278.png	01246	01246_Web_SS_5.png	1
剺	U+527A	U+527A.png	01247	01247_Web_SS_5.png	1
剽	U+527D	U+527D.png	01248	01248_Web_SS_5.png	1
劀	U+5280	U+5280.png	01249	01249_Web_SS_5.png	1
劃	U+5283	U+5283.png	01250	01250_Web_SS_5.png	2
劇	U+5287	U+5287.png	01251	01251_Web_SS_1.png	3
劈	U+5288	U+5288.png	01252	01252_Web_SS_0.png	2
劉	U+5289	U+5289.png	01253	01253_Web_SS_0.png	2
劊	U+528A	U+528A.png	01254	01254_Web_SS_5.png	1
劋	U+528B	U+528B.png	01255	01255_Web_SS_5.png	1
劌	U+528C	U+528C.png	01256	01256_Web_SS_5.png	1
劍	U+528D	U+528D.png	01257	01257_Web_SS_5.png	3
劑	U+5291	U+5291.png	01258	01258_Web_SS_0.png	2
劒	U+5292	U+5292.png	01259	01259_Web_SS_5.png	1
劓	U+5293	U+5293.png	01260	01260_Web_SS_5.png	1
劖	U+5296	U+5296.png	01261	01261_Web_SS_5.png	1
力	U+529B	U+529B.png	01262	01262_Web_SS_5.png	2
劝	U+529D	U+529D.png	01263	01263_Web_SS_5.png	2
办	U+529E	U+529E.png	01264	01264_Web_SS_0.png	2
功	U+529F	U+529F.png	01265	01265_Web_SS_0.png	2
加	U+52A0	U+52A0.png	01266	01266_Web_SS_5.png	2
务	U+52A1	U+52A1.png	01267	01267_Web_SS_0.png	2
劣	U+52A3	U+52A3.png	01268	01268_Web_SS_5.png	2
劦	U+52A6	U+52A6.png	01269	01269_Web_SS_5.png	1
动	U+52A8	U+52A8.png	01270	01270_Web_SS_5.png	3
助	U+52A9	U+52A9.png	01271	01271_Web_SS_0.png	2
劫	U+52AB	U+52AB.png	01272	01272_Web_SS_0.png	2
劬	U+52AC	U+52AC.png	01273	01273_Web_SS_5.png	1
劭	U+52AD	U+52AD.png	01274	01274_Web_SS_5.png	1
劲	U+52B2	U+52B2.png	01276	01276_Web_SS_5.png	2
劳	U+52B3	U+52B3.png	01277	01277_Web_SS_5.png	3
劵	U+52B5	U+52B5.png	01278	01278_Web_SS_5.png	1
劼	U+52BC	U+52BC.png	01280	01280_Web_SS_5.png	1
劾	U+52BE	U+52BE.png	01281	01281_Web_SS_5.png	1
势	U+52BF	U+52BF.png	01282	01282_Web_SS_0.png	2
勀	U+52C0	U+52C0.png	01283	01283_Web_SS_5.png	1
勁	U+52C1	U+52C1.png	01284	01284_Web_SS_5.png	2
勃	U+52C3	U+52C3.png	01285	01285_Web_SS_0.png	2
勇	U+52C7	U+52C7.png	01287	01287_Web_SS_0.png	4
勉	U+52C9	U+52C9.png	01288	01288_Web_SS_0.png	2
勋	U+52CB	U+52CB.png	01289	01289_Web_SS_0.png	3
勑	U+52D1	U+52D1.png	01292	01292_Web_SS_5.png	1
勒	U+52D2	U+52D2.png	01293	01293_Web_SS_5.png	2
動	U+52D5	U+52D5.png	01294	01294_Web_SS_0.png	3
勖	U+52D6	U+52D6.png	01295	01295_Web_SS_5.png	1
勘	U+52D8	U+52D8.png	01296	01296_Web_SS_0.png	2
務	U+52D9	U+52D9.png	01297	01297_Web_SS_5.png	2
勛	U+52DB	U+52DB.png	01298	01298_Web_SS_1.png	3
勝	U+52DD	U+52DD.png	01299	01299_Web_SS_0.png	2
勞	U+52DE	U+52DE.png	01300	01300_Web_SS_5.png	3
募	U+52DF	U+52DF.png	01301	01301_Web_SS_0.png	2
勠	U+52E0	U+52E0.png	01302	01302_Web_SS_5.png	1
勡	U+52E1	U+52E1.png	01303	01303_Web_SS_5.png	1
勢	U+52E2	U+52E2.png	01304	01304_Web_SS_0.png	2
勤	U+52E4	U+52E4.png	01305	01305_Web_SS_0.png	2
勥	U+52E5	U+52E5.png	01306	01306_Web_SS_5.png	1
勦	U+52E6	U+52E6.png	01307	01307_Web_SS_5.png	1
勨	U+52E8	U+52E8.png	01308	01308_Web_SS_5.png	1
勩	U+52E9	U+52E9.png	01309	01309_Web_SS_5.png	1
勮	U+52EE	U+52EE.png	01310	01310_Web_SS_5.png	1
勰	U+52F0	U+52F0.png	01311	01311_Web_SS_5.png	1
勱	U+52F1	U+52F1.png	01312	01312_Web_SS_5.png	1
勳	U+52F3	U+52F3.png	01313	01313_Web_SS_5.png	1
勶	U+52F6	U+52F6.png	01315	01315_Web_SS_5.png	1
勸	U+52F8	U+52F8.png	01316	01316_Web_SS_5.png	2
勹	U+52F9	U+52F9.png	01317	01317_Web_SS_0.png	2
勺	U+52FA	U+52FA.png	01318	01318_Web_SS_5.png	1
勻	U+52FB	U+52FB.png	01319	01319_Web_SS_0.png	2
勼	U+52FC	U+52FC.png	01320	01320_Web_SS_5.png	1
勽	U+52FD	U+52FD.png	01321	01321_Web_SS_5.png	1
勾	U+52FE	U+52FE.png	01322	01322_Web_SS_0.png	2
勿	U+52FF	U+52FF.png	01323	01323_Web_SS_0.png	3
匀	U+5300	U+5300.png	01324	01324_Web_SS_0.png	2
匃	U+5303	U+5303.png	01325	01325_Web_SS_5.png	1
包	U+5305	U+5305.png	01327	01327_Web_SS_0.png	2
匈	U+5308	U+5308.png	01328	01328_Web_SS_5.png	3
匊	U+530A	U+530A.png	01329	01329_Web_SS_5.png	1
匋	U+530B	U+530B.png	01330	01330_Web_SS_5.png	1
匌	U+530C	U+530C.png	01331	01331_Web_SS_5.png	1
匍	U+530D	U+530D.png	01332	01332_Web_SS_5.png	1
匏	U+530F	U+530F.png	01333	01333_Web_SS_5.png	1
匐	U+5310	U+5310.png	01334	01334_Web_SS_5.png	1
匕	U+5315	U+5315.png	01335	01335_Web_SS_0.png	2
化	U+5316	U+5316.png	01336	01336_Web_SS_0.png	2
北	U+5317	U+5317.png	01337	01337_Web_SS_0.png	2
匘	U+5318	U+5318.png	01338	01338_Web_SS_5.png	1
匙	U+5319	U+5319.png	01339	01339_Web_SS_5.png	2
匚	U+531A	U+531A.png	01340	01340_Web_SS_0.png	3
匠	U+5320	U+5320.png	01342	01342_Web_SS_0.png	2
匡	U+5321	U+5321.png	01343	01343_Web_SS_5.png	1
匣	U+5323	U+5323.png	01344	01344_Web_SS_5.png	1
匧	U+5327	U+5327.png	01345	01345_Web_SS_5.png	1
匪	U+532A	U+532A.png	01346	01346_Web_SS_0.png	2
匫	U+532B	U+532B.png	01347	01347_Web_SS_5.png	1
匬	U+532C	U+532C.png	01348	01348_Web_SS_5.png	1
匯	U+532F	U+532F.png	01350	01350_Web_SS_5.png	2
匰	U+5330	U+5330.png	01351	01351_Web_SS_5.png	1
匱	U+5331	U+5331.png	01352	01352_Web_SS_5.png	1
匴	U+5334	U+5334.png	01353	01353_Web_SS_5.png	1
匵	U+5335	U+5335.png	01354	01354_Web_SS_5.png	1
匸	U+5338	U+5338.png	01355	01355_Web_SS_0.png	2
匹	U+5339	U+5339.png	01356	01356_Web_SS_0.png	2
区	U+533A	U+533A.png	01357	01357_Web_SS_0.png	2
医	U+533B	U+533B.png	01358	01358_Web_SS_0.png	2
匽	U+533D	U+533D.png	01359	01359_Web_SS_5.png	1
匿	U+533F	U+533F.png	01360	01360_Web_SS_0.png	2
區	U+5340	U+5340.png	01361	01361_Web_SS_5.png	2
十	U+5341	U+5341.png	01362	01362_Web_SS_5.png	2
卂	U+5342	U+5342.png	01363	01363_Web_SS_5.png	1
千	U+5343	U+5343.png	01364	01364_Web_SS_0.png	2
卅	U+5345	U+5345.png	01365	01365_Web_SS_5.png	1
升	U+5347	U+5347.png	01366	01366_Web_SS_5.png	2
午	U+5348	U+5348.png	01367	01367_Web_SS_5.png	2
卉	U+5349	U+5349.png	01368	01368_Web_SS_0.png	2
半	U+534A	U+534A.png	01369	01369_Web_SS_5.png	2
华	U+534E	U+534E.png	01371	01371_Web_SS_1.png	4
协	U+534F	U+534F.png	01372	01372_Web_SS_1.png	4
卑	U+5351	U+5351.png	01373	01373_Web_SS_0.png	2
卒	U+5352	U+5352.png	01374	01374_Web_SS_0.png	2
卓	U+5353	U+5353.png	01375	01375_Web_SS_5.png	3
協	U+5354	U+5354.png	01376	01376_Web_SS_1.png	4
单	U+5355	U+5355.png	01377	01377_Web_SS_5.png	2
卖	U+5356	U+5356.png	01378	01378_Web_SS_0.png	2
南	U+5357	U+5357.png	01379	01379_Web_SS_5.png	3
卙	U+5359	U+5359.png	01380	01380_Web_SS_5.png	1
博	U+535A	U+535A.png	01381	01381_Web_SS_5.png	2
卜	U+535C	U+535C.png	01382	01382_Web_SS_5.png	3
卞	U+535E	U+535E.png	01383	01383_Web_SS_5.png	1
卟	U+535F	U+535F.png	01384	01384_Web_SS_5.png	1
占	U+5360	U+5360.png	01385	01385_Web_SS_0.png	2
卢	U+5362	U+5362.png	01387	01387_Web_SS_0.png	2
卣	U+5363	U+5363.png	01388	01388_Web_SS_5.png	1
卤	U+5364	U+5364.png	01389	01389_Web_SS_5.png	2
卦	U+5366	U+5366.png	01390	01390_Web_SS_5.png	2
卧	U+5367	U+5367.png	01391	01391_Web_SS_5.png	2
卩	U+5369	U+5369.png	01392	01392_Web_SS_0.png	2
卫	U+536B	U+536B.png	01393	01393_Web_SS_0.png	2
卬	U+536C	U+536C.png	01394	01394_Web_SS_5.png	1
卮	U+536E	U+536E.png	01395	01395_Web_SS_5.png	1
卯	U+536F	U+536F.png	01396	01396_Web_SS_0.png	3
印	U+5370	U+5370.png	01397	01397_Web_SS_0.png	2
危	U+5371	U+5371.png	01398	01398_Web_SS_5.png	2
卲	U+5372	U+5372.png	01399	01399_Web_SS_5.png	1
即	U+5373	U+5373.png	01400	01400_Web_SS_5.png	2
却	U+5374	U+5374.png	01401	01401_Web_SS_0.png	2
卵	U+5375	U+5375.png	01402	01402_Web_SS_0.png	2
卶	U+5376	U+5376.png	01403	01403_Web_SS_5.png	1
卷	U+5377	U+5377.png	01404	01404_Web_SS_0.png	2
卸	U+5378	U+5378.png	01405	01405_Web_SS_0.png	2
卹	U+5379	U+5379.png	01406	01406_Web_SS_5.png	1
卻	U+537B	U+537B.png	01407	01407_Web_SS_0.png	2
卿	U+537F	U+537F.png	01408	01408_Web_SS_0.png	2
厀	U+5380	U+5380.png	01409	01409_Web_SS_5.png	1
厂	U+5382	U+5382.png	01410	01410_Web_SS_5.png	3
厄	U+5384	U+5384.png	01412	01412_Web_SS_0.png	2
厅	U+5385	U+5385.png	01413	01413_Web_SS_5.png	1
历	U+5386	U+5386.png	01414	01414_Web_SS_0.png	2
厉	U+5389	U+5389.png	01415	01415_Web_SS_5.png	3
压	U+538B	U+538B.png	01416	01416_Web_SS_0.png	2
厌	U+538C	U+538C.png	01417	01417_Web_SS_0.png	2
厎	U+538E	U+538E.png	01418	01418_Web_SS_5.png	1
厕	U+5395	U+5395.png	01420	01420_Web_SS_0.png	2
厖	U+5396	U+5396.png	01421	01421_Web_SS_5.png	1
厗	U+5397	U+5397.png	01422	01422_Web_SS_5.png	1
厘	U+5398	U+5398.png	01423	01423_Web_SS_5.png	2
厚	U+539A	U+539A.png	01424	01424_Web_SS_5.png	3
厜	U+539C	U+539C.png	01425	01425_Web_SS_5.png	1
厝	U+539D	U+539D.png	01426	01426_Web_SS_5.png	2
厞	U+539E	U+539E.png	01427	01427_Web_SS_5.png	1
原	U+539F	U+539F.png	01428	01428_Web_SS_1.png	3
厢	U+53A2	U+53A2.png	01430	01430_Web_SS_5.png	2
厤	U+53A4	U+53A4.png	01431	01431_Web_SS_5.png	1
厥	U+53A5	U+53A5.png	01432	01432_Web_SS_5.png	1
厦	U+53A6	U+53A6.png	01433	01433_Web_SS_5.png	2
厨	U+53A8	U+53A8.png	01434	01434_Web_SS_5.png	2
厬	U+53AC	U+53AC.png	01436	01436_Web_SS_5.png	1
厭	U+53AD	U+53AD.png	01437	01437_Web_SS_0.png	2
厱	U+53B1	U+53B1.png	01438	01438_Web_SS_5.png	1
厲	U+53B2	U+53B2.png	01439	01439_Web_SS_0.png	3
厶	U+53B6	U+53B6.png	01440	01440_Web_SS_5.png	2
厷	U+53B7	U+53B7.png	01441	01441_Web_SS_5.png	1
厹	U+53B9	U+53B9.png	01442	01442_Web_SS_5.png	1
去	U+53BB	U+53BB.png	01443	01443_Web_SS_5.png	2
厽	U+53BD	U+53BD.png	01444	01444_Web_SS_5.png	1
县	U+53BF	U+53BF.png	01445	01445_Web_SS_0.png	2
叀	U+53C0	U+53C0.png	01446	01446_Web_SS_5.png	1
参	U+53C2	U+53C2.png	01447	01447_Web_SS_1.png	3
參	U+53C3	U+53C3.png	01448	01448_Web_SS_1.png	2
又	U+53C8	U+53C8.png	01449	01449_Web_SS_5.png	2
叉	U+53C9	U+53C9.png	01450	01450_Web_SS_0.png	2
及	U+53CA	U+53CA.png	01451	01451_Web_SS_5.png	4
友	U+53CB	U+53CB.png	01452	01452_Web_SS_5.png	4
双	U+53CC	U+53CC.png	01453	01453_Web_SS_0.png	2
反	U+53CD	U+53CD.png	01454	01454_Web_SS_1.png	3
发	U+53D1	U+53D1.png	01455	01455_Web_SS_5.png	2
叒	U+53D2	U+53D2.png	01456	01456_Web_SS_5.png	1
叔	U+53D4	U+53D4.png	01458	01458_Web_SS_0.png	3
叕	U+53D5	U+53D5.png	01459	01459_Web_SS_5.png	1
取	U+53D6	U+53D6.png	01460	01460_Web_SS_0.png	2
受	U+53D7	U+53D7.png	01461	01461_Web_SS_0.png	2
变	U+53D8	U+53D8.png	01462	01462_Web_SS_0.png	2
叙	U+53D9	U+53D9.png	01463	01463_Web_SS_0.png	2
叚	U+53DA	U+53DA.png	01464	01464_Web_SS_5.png	1
叛	U+53DB	U+53DB.png	01465	01465_Web_SS_5.png	2
叜	U+53DC	U+53DC.png	01466	01466_Web_SS_5.png	1
叟	U+53DF	U+53DF.png	01467	01467_Web_SS_5.png	1
叡	U+53E1	U+53E1.png	01468	01468_Web_SS_5.png	1
叢	U+53E2	U+53E2.png	01469	01469_Web_SS_0.png	1
口	U+53E3	U+53E3.png	01470	01470_Web_SS_0.png	2
古	U+53E4	U+53E4.png	01471	01471_Web_SS_5.png	3
句	U+53E5	U+53E5.png	01472	01472_Web_SS_0.png	2
叨	U+53E8	U+53E8.png	01473	01473_Web_SS_1.png	4
只	U+53EA	U+53EA.png	01475	01475_Web_SS_0.png	2
叫	U+53EB	U+53EB.png	01476	01476_Web_SS_0.png	3
召	U+53EC	U+53EC.png	01477	01477_Web_SS_0.png	2
可	U+53EF	U+53EF.png	01478	01478_Web_SS_5.png	2
台	U+53F0	U+53F0.png	01479	01479_Web_SS_0.png	2
叱	U+53F1	U+53F1.png	01480	01480_Web_SS_5.png	1
史	U+53F2	U+53F2.png	01481	01481_Web_SS_5.png	2
右	U+53F3	U+53F3.png	01482	01482_Web_SS_5.png	3
叴	U+53F4	U+53F4.png	01483	01483_Web_SS_5.png	1
叵	U+53F5	U+53F5.png	01484	01484_Web_SS_5.png	1
叶	U+53F6	U+53F6.png	01485	01485_Web_SS_0.png	2
号	U+53F7	U+53F7.png	01486	01486_Web_SS_0.png	2
司	U+53F8	U+53F8.png	01487	01487_Web_SS_5.png	2
叹	U+53F9	U+53F9.png	01488	01488_Web_SS_5.png	2
吁	U+5401	U+5401.png	01489	01489_Web_SS_0.png	2
吃	U+5403	U+5403.png	01491	01491_Web_SS_0.png	2
各	U+5404	U+5404.png	01492	01492_Web_SS_0.png	2
吅	U+5405	U+5405.png	01493	01493_Web_SS_5.png	1
合	U+5408	U+5408.png	01494	01494_Web_SS_0.png	2
吉	U+5409	U+5409.png	01495	01495_Web_SS_5.png	2
吊	U+540A	U+540A.png	01496	01496_Web_SS_0.png	2
同	U+540C	U+540C.png	01497	01497_Web_SS_5.png	2
名	U+540D	U+540D.png	01498	01498_Web_SS_0.png	2
后	U+540E	U+540E.png	01499	01499_Web_SS_0.png	2
吏	U+540F	U+540F.png	01500	01500_Web_SS_5.png	2
吐	U+5410	U+5410.png	01501	01501_Web_SS_0.png	2
向	U+5411	U+5411.png	01502	01502_Web_SS_0.png	2
吒	U+5412	U+5412.png	01503	01503_Web_SS_5.png	1
吕	U+5415	U+5415.png	01504	01504_Web_SS_5.png	3
君	U+541B	U+541B.png	01505	01505_Web_SS_5.png	3
吝	U+541D	U+541D.png	01506	01506_Web_SS_5.png	3
吞	U+541E	U+541E.png	01507	01507_Web_SS_0.png	2
吟	U+541F	U+541F.png	01508	01508_Web_SS_0.png	4
吠	U+5420	U+5420.png	01509	01509_Web_SS_5.png	2
否	U+5426	U+5426.png	01511	01511_Web_SS_0.png	2
吪	U+542A	U+542A.png	01513	01513_Web_SS_5.png	1
含	U+542B	U+542B.png	01514	01514_Web_SS_0.png	2
听	U+542C	U+542C.png	01515	01515_Web_SS_0.png	2
吮	U+542E	U+542E.png	01516	01516_Web_SS_5.png	1
启	U+542F	U+542F.png	01517	01517_Web_SS_5.png	2
吳	U+5433	U+5433.png	01518	01518_Web_SS_5.png	3
吴	U+5434	U+5434.png	01519	01519_Web_SS_5.png	3
吶	U+5436	U+5436.png	01520	01520_Web_SS_0.png	1
吷	U+5437	U+5437.png	01521	01521_Web_SS_5.png	1
吸	U+5438	U+5438.png	01522	01522_Web_SS_0.png	2
吹	U+5439	U+5439.png	01523	01523_Web_SS_0.png	2
吺	U+543A	U+543A.png	01524	01524_Web_SS_5.png	1
吻	U+543B	U+543B.png	01525	01525_Web_SS_5.png	1
吾	U+543E	U+543E.png	01527	01527_Web_SS_5.png	2
呀	U+5440	U+5440.png	01528	01528_Web_SS_5.png	1
呂	U+5442	U+5442.png	01530	01530_Web_SS_0.png	3
呆	U+5446	U+5446.png	01531	01531_Web_SS_5.png	1
呈	U+5448	U+5448.png	01532	01532_Web_SS_0.png	2
告	U+544A	U+544A.png	01533	01533_Web_SS_5.png	2
呕	U+5455	U+5455.png	01534	01534_Web_SS_0.png	2
员	U+5458	U+5458.png	01535	01535_Web_SS_0.png	3
呦	U+5466	U+5466.png	01537	01537_Web_SS_5.png	1
呧	U+5467	U+5467.png	01538	01538_Web_SS_5.png	1
周	U+5468	U+5468.png	01539	01539_Web_SS_1.png	3
呬	U+546C	U+546C.png	01540	01540_Web_SS_5.png	1
呭	U+546D	U+546D.png	01541	01541_Web_SS_5.png	1
呰	U+5470	U+5470.png	01542	01542_Web_SS_5.png	1
呱	U+5471	U+5471.png	01543	01543_Web_SS_5.png	1
味	U+5473	U+5473.png	01544	01544_Web_SS_0.png	2
呶	U+5476	U+5476.png	01545	01545_Web_SS_5.png	1
呷	U+5477	U+5477.png	01546	01546_Web_SS_5.png	1
呻	U+547B	U+547B.png	01548	01548_Web_SS_5.png	1
呼	U+547C	U+547C.png	01549	01549_Web_SS_0.png	2
命	U+547D	U+547D.png	01550	01550_Web_SS_5.png	2
咀	U+5480	U+5480.png	01551	01551_Web_SS_5.png	1
咄	U+5484	U+5484.png	01552	01552_Web_SS_5.png	1
咅	U+5485	U+5485.png	01553	01553_Web_SS_5.png	1
咆	U+5486	U+5486.png	01554	01554_Web_SS_5.png	1
咈	U+5488	U+5488.png	01555	01555_Web_SS_5.png	1
和	U+548C	U+548C.png	01557	01557_Web_SS_5.png	2
咎	U+548E	U+548E.png	01558	01558_Web_SS_0.png	2
咏	U+548F	U+548F.png	01559	01559_Web_SS_5.png	3
咒	U+5492	U+5492.png	01560	01560_Web_SS_5.png	1
咠	U+54A0	U+54A0.png	01562	01562_Web_SS_5.png	1
咢	U+54A2	U+54A2.png	01563	01563_Web_SS_5.png	1
咦	U+54A6	U+54A6.png	01564	01564_Web_SS_5.png	1
咨	U+54A8	U+54A8.png	01565	01565_Web_SS_5.png	1
咫	U+54AB	U+54AB.png	01566	01566_Web_SS_5.png	1
咬	U+54AC	U+54AC.png	01567	01567_Web_SS_5.png	2
咮	U+54AE	U+54AE.png	01569	01569_Web_SS_5.png	1
咳	U+54B3	U+54B3.png	01571	01571_Web_SS_5.png	1
咷	U+54B7	U+54B7.png	01572	01572_Web_SS_5.png	1
咸	U+54B8	U+54B8.png	01573	01573_Web_SS_0.png	2
咺	U+54BA	U+54BA.png	01574	01574_Web_SS_5.png	1
咼	U+54BC	U+54BC.png	01575	01575_Web_SS_5.png	1
咽	U+54BD	U+54BD.png	01576	01576_Web_SS_5.png	2
哀	U+54C0	U+54C0.png	01577	01577_Web_SS_5.png	2
品	U+54C1	U+54C1.png	01578	01578_Web_SS_5.png	2
哆	U+54C6	U+54C6.png	01580	01580_Web_SS_5.png	1
哇	U+54C7	U+54C7.png	01581	01581_Web_SS_5.png	1
哉	U+54C9	U+54C9.png	01582	01582_Web_SS_5.png	1
响	U+54CD	U+54CD.png	01583	01583_Web_SS_0.png	2
員	U+54E1	U+54E1.png	01585	01585_Web_SS_5.png	3
哤	U+54E4	U+54E4.png	01586	01586_Web_SS_5.png	1
哥	U+54E5	U+54E5.png	01587	01587_Web_SS_5.png	2
哦	U+54E6	U+54E6.png	01588	01588_Web_SS_5.png	1
哨	U+54E8	U+54E8.png	01589	01589_Web_SS_5.png	2
哭	U+54ED	U+54ED.png	01590	01590_Web_SS_5.png	2
哮	U+54EE	U+54EE.png	01591	01591_Web_SS_5.png	1
哯	U+54EF	U+54EF.png	01592	01592_Web_SS_5.png	1
哲	U+54F2	U+54F2.png	01593	01593_Web_SS_5.png	4
哺	U+54FA	U+54FA.png	01595	01595_Web_SS_0.png	2
哽	U+54FD	U+54FD.png	01596	01596_Web_SS_5.png	1
哿	U+54FF	U+54FF.png	01597	01597_Web_SS_5.png	1
唁	U+5501	U+5501.png	01598	01598_Web_SS_5.png	1
唇	U+5507	U+5507.png	01599	01599_Web_SS_5.png	3
唉	U+5509	U+5509.png	01600	01600_Web_SS_5.png	1
唊	U+550A	U+550A.png	01601	01601_Web_SS_5.png	1
唌	U+550C	U+550C.png	01602	01602_Web_SS_5.png	1
唏	U+550F	U+550F.png	01603	01603_Web_SS_5.png	1
唐	U+5510	U+5510.png	01604	01604_Web_SS_5.png	1
唤	U+5524	U+5524.png	01605	01605_Web_SS_5.png	2
唪	U+552A	U+552A.png	01606	01606_Web_SS_5.png	1
唫	U+552B	U+552B.png	01607	01607_Web_SS_5.png	1
唬	U+552C	U+552C.png	01608	01608_Web_SS_5.png	1
售	U+552E	U+552E.png	01609	01609_Web_SS_0.png	2
唯	U+552F	U+552F.png	01610	01610_Web_SS_5.png	2
唱	U+5531	U+5531.png	01611	01611_Web_SS_5.png	2
唳	U+5533	U+5533.png	01612	01612_Web_SS_5.png	1
唴	U+5534	U+5534.png	01613	01613_Web_SS_5.png	1
唾	U+553E	U+553E.png	01616	01616_Web_SS_0.png	3
啁	U+5541	U+5541.png	01617	01617_Web_SS_5.png	1
啄	U+5544	U+5544.png	01618	01618_Web_SS_0.png	2
商	U+5546	U+5546.png	01619	01619_Web_SS_0.png	4
啍	U+554D	U+554D.png	01623	01623_Web_SS_5.png	1
啎	U+554E	U+554E.png	01624	01624_Web_SS_5.png	1
問	U+554F	U+554F.png	01625	01625_Web_SS_5.png	2
啐	U+5550	U+5550.png	01626	01626_Web_SS_5.png	1
啖	U+5556	U+5556.png	01628	01628_Web_SS_5.png	1
啗	U+5557	U+5557.png	01629	01629_Web_SS_5.png	1
啙	U+5559	U+5559.png	01630	01630_Web_SS_5.png	1
啚	U+555A	U+555A.png	01631	01631_Web_SS_5.png	1
啜	U+555C	U+555C.png	01632	01632_Web_SS_5.png	1
啟	U+555F	U+555F.png	01633	01633_Web_SS_5.png	2
啸	U+5578	U+5578.png	01635	01635_Web_SS_0.png	3
啻	U+557B	U+557B.png	01636	01636_Web_SS_5.png	1
啾	U+557E	U+557E.png	01637	01637_Web_SS_5.png	1
喁	U+5581	U+5581.png	01638	01638_Web_SS_5.png	1
善	U+5584	U+5584.png	01639	01639_Web_SS_1.png	3
喅	U+5585	U+5585.png	01640	01640_Web_SS_5.png	1
喈	U+5588	U+5588.png	01641	01641_Web_SS_5.png	1
喉	U+5589	U+5589.png	01642	01642_Web_SS_5.png	2
喌	U+558C	U+558C.png	01643	01643_Web_SS_5.png	1
喑	U+5591	U+5591.png	01644	01644_Web_SS_5.png	1
喔	U+5594	U+5594.png	01645	01645_Web_SS_5.png	1
喗	U+5597	U+5597.png	01646	01646_Web_SS_5.png	1
喘	U+5598	U+5598.png	01647	01647_Web_SS_0.png	2
喙	U+5599	U+5599.png	01648	01648_Web_SS_5.png	1
喚	U+559A	U+559A.png	01649	01649_Web_SS_5.png	2
喜	U+559C	U+559C.png	01650	01650_Web_SS_5.png	3
喝	U+559D	U+559D.png	01651	01651_Web_SS_0.png	2
喟	U+559F	U+559F.png	01652	01652_Web_SS_5.png	1
喤	U+55A4	U+55A4.png	01653	01653_Web_SS_5.png	1
喦	U+55A6	U+55A6.png	01654	01654_Web_SS_5.png	1
喧	U+55A7	U+55A7.png	01655	01655_Web_SS_0.png	2
喪	U+55AA	U+55AA.png	01656	01656_Web_SS_0.png	1
喫	U+55AB	U+55AB.png	01657	01657_Web_SS_5.png	1
喬	U+55AC	U+55AC.png	01658	01658_Web_SS_0.png	1
單	U+55AE	U+55AE.png	01659	01659_Web_SS_0.png	1
喷	U+55B7	U+55B7.png	01660	01660_Web_SS_5.png	2
喻	U+55BB	U+55BB.png	01661	01661_Web_SS_0.png	2
喿	U+55BF	U+55BF.png	01662	01662_Web_SS_5.png	1
嗀	U+55C0	U+55C0.png	01663	01663_Web_SS_5.png	1
嗁	U+55C1	U+55C1.png	01664	01664_Web_SS_5.png	1
嗂	U+55C2	U+55C2.png	01665	01665_Web_SS_5.png	1
嗃	U+55C3	U+55C3.png	01666	01666_Web_SS_5.png	1
嗅	U+55C5	U+55C5.png	01667	01667_Web_SS_0.png	2
嗇	U+55C7	U+55C7.png	01668	01668_Web_SS_5.png	1
嗌	U+55CC	U+55CC.png	01669	01669_Web_SS_5.png	1
嗑	U+55D1	U+55D1.png	01670	01670_Web_SS_5.png	1
嗔	U+55D4	U+55D4.png	01671	01671_Web_SS_5.png	1
嗙	U+55D9	U+55D9.png	01672	01672_Web_SS_5.png	1
嗛	U+55DB	U+55DB.png	01674	01674_Web_SS_5.png	1
嗜	U+55DC	U+55DC.png	01675	01675_Web_SS_0.png	2
嗝	U+55DD	U+55DD.png	01676	01676_Web_SS_5.png	1
嗞	U+55DE	U+55DE.png	01677	01677_Web_SS_5.png	1
嗢	U+55E2	U+55E2.png	01678	01678_Web_SS_5.png	1
嗣	U+55E3	U+55E3.png	01679	01679_Web_SS_0.png	3
嗥	U+55E5	U+55E5.png	01680	01680_Web_SS_5.png	1
嗷	U+55F7	U+55F7.png	01681	01681_Web_SS_5.png	1
嗻	U+55FB	U+55FB.png	01682	01682_Web_SS_5.png	1
嗼	U+55FC	U+55FC.png	01683	01683_Web_SS_5.png	1
嗽	U+55FD	U+55FD.png	01684	01684_Web_SS_5.png	2
嗾	U+55FE	U+55FE.png	01685	01685_Web_SS_5.png	1
嗿	U+55FF	U+55FF.png	01686	01686_Web_SS_5.png	1
嘂	U+5602	U+5602.png	01687	01687_Web_SS_5.png	1
嘄	U+5604	U+5604.png	01688	01688_Web_SS_5.png	1
嘅	U+5605	U+5605.png	01689	01689_Web_SS_5.png	1
嘆	U+5606	U+5606.png	01690	01690_Web_SS_0.png	2
嘉	U+5609	U+5609.png	01691	01691_Web_SS_5.png	2
嘌	U+560C	U+560C.png	01692	01692_Web_SS_5.png	1
嘏	U+560F	U+560F.png	01694	01694_Web_SS_5.png	1
嘐	U+5610	U+5610.png	01695	01695_Web_SS_5.png	1
嘒	U+5612	U+5612.png	01697	01697_Web_SS_5.png	1
嘔	U+5614	U+5614.png	01698	01698_Web_SS_0.png	1
嘖	U+5616	U+5616.png	01699	01699_Web_SS_5.png	1
嘗	U+5617	U+5617.png	01700	01700_Web_SS_0.png	1
嘫	U+562B	U+562B.png	01702	01702_Web_SS_5.png	1
嘯	U+562F	U+562F.png	01703	01703_Web_SS_5.png	3
嘰	U+5630	U+5630.png	01704	01704_Web_SS_5.png	1
嘲	U+5632	U+5632.png	01705	01705_Web_SS_5.png	1
嘳	U+5633	U+5633.png	01706	01706_Web_SS_5.png	1
嘼	U+563C	U+563C.png	01708	01708_Web_SS_5.png	1
嘽	U+563D	U+563D.png	01709	01709_Web_SS_5.png	1
嘾	U+563E	U+563E.png	01710	01710_Web_SS_5.png	1
噂	U+5642	U+5642.png	01711	01711_Web_SS_5.png	1
噆	U+5646	U+5646.png	01712	01712_Web_SS_5.png	1
噊	U+564A	U+564A.png	01713	01713_Web_SS_5.png	1
噍	U+564D	U+564D.png	01714	01714_Web_SS_5.png	1
噎	U+564E	U+564E.png	01715	01715_Web_SS_5.png	1
噑	U+5651	U+5651.png	01716	01716_Web_SS_5.png	1
噞	U+565E	U+565E.png	01717	01717_Web_SS_5.png	1
噣	U+5663	U+5663.png	01718	01718_Web_SS_5.png	1
噤	U+5664	U+5664.png	01719	01719_Web_SS_5.png	1
噧	U+5667	U+5667.png	01720	01720_Web_SS_5.png	1
器	U+5668	U+5668.png	01721	01721_Web_SS_5.png	2
噩	U+5669	U+5669.png	01722	01722_Web_SS_5.png	1
噪	U+566A	U+566A.png	01723	01723_Web_SS_5.png	2
噫	U+566B	U+566B.png	01724	01724_Web_SS_5.png	1
噬	U+566C	U+566C.png	01725	01725_Web_SS_5.png	1
噭	U+566D	U+566D.png	01726	01726_Web_SS_5.png	1
噱	U+5671	U+5671.png	01727	01727_Web_SS_5.png	1
噲	U+5672	U+5672.png	01728	01728_Web_SS_5.png	1
噳	U+5673	U+5673.png	01729	01729_Web_SS_5.png	1
噴	U+5674	U+5674.png	01730	01730_Web_SS_0.png	2
嚌	U+568C	U+568C.png	01732	01732_Web_SS_5.png	1
嚏	U+568F	U+568F.png	01734	01734_Web_SS_5.png	1
嚐	U+5690	U+5690.png	01735	01735_Web_SS_0.png	1
嚘	U+5698	U+5698.png	01736	01736_Web_SS_5.png	1
嚛	U+569B	U+569B.png	01738	01738_Web_SS_5.png	1
嚣	U+56A3	U+56A3.png	01739	01739_Web_SS_1.png	3
嚨	U+56A8	U+56A8.png	01740	01740_Web_SS_5.png	1
嚭	U+56AD	U+56AD.png	01741	01741_Web_SS_5.png	1
嚮	U+56AE	U+56AE.png	01742	01742_Web_SS_0.png	1
嚳	U+56B3	U+56B3.png	01743	01743_Web_SS_5.png	1
嚴	U+56B4	U+56B4.png	01744	01744_Web_SS_0.png	3
嚵	U+56B5	U+56B5.png	01745	01745_Web_SS_5.png	1
嚶	U+56B6	U+56B6.png	01746	01746_Web_SS_5.png	1
嚼	U+56BC	U+56BC.png	01748	01748_Web_SS_1.png	3
囂	U+56C2	U+56C2.png	01749	01749_Web_SS_0.png	2
囊	U+56CA	U+56CA.png	01750	01750_Web_SS_5.png	2
囗	U+56D7	U+56D7.png	01752	01752_Web_SS_0.png	2
囚	U+56DA	U+56DA.png	01753	01753_Web_SS_0.png	2
四	U+56DB	U+56DB.png	01754	01754_Web_SS_5.png	4
囝	U+56DD	U+56DD.png	01755	01755_Web_SS_5.png	1
回	U+56DE	U+56DE.png	01756	01756_Web_SS_0.png	3
囟	U+56DF	U+56DF.png	01757	01757_Web_SS_5.png	1
因	U+56E0	U+56E0.png	01758	01758_Web_SS_0.png	2
囡	U+56E1	U+56E1.png	01759	01759_Web_SS_5.png	1
团	U+56E2	U+56E2.png	01760	01760_Web_SS_0.png	2
囧	U+56E7	U+56E7.png	01761	01761_Web_SS_5.png	1
囩	U+56E9	U+56E9.png	01762	01762_Web_SS_5.png	1
囪	U+56EA	U+56EA.png	01763	01763_Web_SS_5.png	1
园	U+56ED	U+56ED.png	01764	01764_Web_SS_0.png	2
困	U+56F0	U+56F0.png	01765	01765_Web_SS_0.png	3
围	U+56F4	U+56F4.png	01766	01766_Web_SS_0.png	2
囷	U+56F7	U+56F7.png	01767	01767_Web_SS_5.png	1
囹	U+56F9	U+56F9.png	01768	01768_Web_SS_5.png	1
固	U+56FA	U+56FA.png	01769	01769_Web_SS_0.png	2
国	U+56FD	U+56FD.png	01770	01770_Web_SS_0.png	2
图	U+56FE	U+56FE.png	01771	01771_Web_SS_0.png	2
囿	U+56FF	U+56FF.png	01772	01772_Web_SS_5.png	1
圂	U+5702	U+5702.png	01773	01773_Web_SS_5.png	1
圃	U+5703	U+5703.png	01774	01774_Web_SS_0.png	2
圄	U+5704	U+5704.png	01775	01775_Web_SS_5.png	1
圅	U+5705	U+5705.png	01776	01776_Web_SS_5.png	1
圆	U+5706	U+5706.png	01777	01777_Web_SS_0.png	2
圈	U+5708	U+5708.png	01778	01778_Web_SS_0.png	2
圉	U+5709	U+5709.png	01779	01779_Web_SS_5.png	1
國	U+570B	U+570B.png	01780	01780_Web_SS_0.png	2
圍	U+570D	U+570D.png	01781	01781_Web_SS_0.png	2
園	U+5712	U+5712.png	01782	01782_Web_SS_0.png	2
圓	U+5713	U+5713.png	01783	01783_Web_SS_5.png	2
圖	U+5716	U+5716.png	01784	01784_Web_SS_0.png	1
團	U+5718	U+5718.png	01785	01785_Web_SS_0.png	2
圛	U+571B	U+571B.png	01786	01786_Web_SS_5.png	1
圜	U+571C	U+571C.png	01787	01787_Web_SS_5.png	1
土	U+571F	U+571F.png	01788	01788_Web_SS_0.png	2
圣	U+5723	U+5723.png	01789	01789_Web_SS_0.png	2
在	U+5728	U+5728.png	01791	01791_Web_SS_0.png	2
圪	U+572A	U+572A.png	01792	01792_Web_SS_5.png	1
圭	U+572D	U+572D.png	01793	01793_Web_SS_5.png	1
圮	U+572E	U+572E.png	01794	01794_Web_SS_5.png	1
圯	U+572F	U+572F.png	01795	01795_Web_SS_5.png	1
地	U+5730	U+5730.png	01796	01796_Web_SS_5.png	3
场	U+573A	U+573A.png	01799	01799_Web_SS_5.png	2
圻	U+573B	U+573B.png	01800	01800_Web_SS_5.png	1
址	U+5740	U+5740.png	01803	01803_Web_SS_0.png	3
坁	U+5741	U+5741.png	01804	01804_Web_SS_5.png	1
坂	U+5742	U+5742.png	01805	01805_Web_SS_5.png	1
坄	U+5744	U+5744.png	01806	01806_Web_SS_5.png	1
均	U+5747	U+5747.png	01808	01808_Web_SS_0.png	3
坊	U+574A	U+574A.png	01810	01810_Web_SS_0.png	2
坋	U+574B	U+574B.png	01811	01811_Web_SS_5.png	1
坎	U+574E	U+574E.png	01812	01812_Web_SS_0.png	2
坏	U+574F	U+574F.png	01813	01813_Web_SS_0.png	4
坐	U+5750	U+5750.png	01814	01814_Web_SS_5.png	3
坑	U+5751	U+5751.png	01815	01815_Web_SS_5.png	2
坒	U+5752	U+5752.png	01816	01816_Web_SS_5.png	1
块	U+5757	U+5757.png	01817	01817_Web_SS_1.png	3
坚	U+575A	U+575A.png	01819	01819_Web_SS_0.png	2
坛	U+575B	U+575B.png	01820	01820_Web_SS_0.png	2
坟	U+575F	U+575F.png	01821	01821_Web_SS_0.png	2
坠	U+5760	U+5760.png	01822	01822_Web_SS_0.png	3
坡	U+5761	U+5761.png	01823	01823_Web_SS_0.png	2
坤	U+5764	U+5764.png	01824	01824_Web_SS_5.png	2
坥	U+5765	U+5765.png	01825	01825_Web_SS_5.png	1
坦	U+5766	U+5766.png	01826	01826_Web_SS_5.png	2
坨	U+5768	U+5768.png	01827	01827_Web_SS_5.png	1
坪	U+576A	U+576A.png	01828	01828_Web_SS_5.png	3
坫	U+576B	U+576B.png	01829	01829_Web_SS_5.png	1
坱	U+5771	U+5771.png	01832	01832_Web_SS_5.png	1
坳	U+5773	U+5773.png	01833	01833_Web_SS_5.png	1
坴	U+5774	U+5774.png	01834	01834_Web_SS_5.png	1
坶	U+5776	U+5776.png	01835	01835_Web_SS_5.png	1
坷	U+5777	U+5777.png	01836	01836_Web_SS_5.png	1
坺	U+577A	U+577A.png	01838	01838_Web_SS_5.png	1
坻	U+577B	U+577B.png	01839	01839_Web_SS_5.png	1
坼	U+577C	U+577C.png	01840	01840_Web_SS_5.png	1
坿	U+577F	U+577F.png	01841	01841_Web_SS_5.png	1
垂	U+5782	U+5782.png	01842	01842_Web_SS_0.png	2
垄	U+5784	U+5784.png	01843	01843_Web_SS_0.png	2
型	U+578B	U+578B.png	01844	01844_Web_SS_5.png	2
垍	U+578D	U+578D.png	01845	01845_Web_SS_5.png	1
垎	U+578E	U+578E.png	01846	01846_Web_SS_5.png	1
垐	U+5790	U+5790.png	01847	01847_Web_SS_5.png	1
垑	U+5791	U+5791.png	01848	01848_Web_SS_5.png	1
垒	U+5792	U+5792.png	01849	01849_Web_SS_0.png	2
垓	U+5793	U+5793.png	01850	01850_Web_SS_5.png	1
垔	U+5794	U+5794.png	01851	01851_Web_SS_5.png	1
垕	U+5795	U+5795.png	01852	01852_Web_SS_5.png	1
垗	U+5797	U+5797.png	01853	01853_Web_SS_5.png	1
垚	U+579A	U+579A.png	01854	01854_Web_SS_5.png	1
垛	U+579B	U+579B.png	01855	01855_Web_SS_5.png	1
垝	U+579D	U+579D.png	01856	01856_Web_SS_5.png	1
垠	U+57A0	U+57A0.png	01858	01858_Web_SS_5.png	1
垢	U+57A2	U+57A2.png	01859	01859_Web_SS_0.png	2
垣	U+57A3	U+57A3.png	01860	01860_Web_SS_5.png	3
垤	U+57A4	U+57A4.png	01861	01861_Web_SS_5.png	1
垦	U+57A6	U+57A6.png	01862	01862_Web_SS_5.png	2
垫	U+57AB	U+57AB.png	01864	01864_Web_SS_0.png	2
垷	U+57B7	U+57B7.png	01865	01865_Web_SS_5.png	1
垸	U+57B8	U+57B8.png	01866	01866_Web_SS_5.png	1
垽	U+57BD	U+57BD.png	01867	01867_Web_SS_5.png	1
埂	U+57C2	U+57C2.png	01868	01868_Web_SS_5.png	1
埃	U+57C3	U+57C3.png	01869	01869_Web_SS_5.png	2
埋	U+57CB	U+57CB.png	01871	01871_Web_SS_5.png	1
埍	U+57CD	U+57CD.png	01872	01872_Web_SS_5.png	1
城	U+57CE	U+57CE.png	01873	01873_Web_SS_0.png	3
埏	U+57CF	U+57CF.png	01874	01874_Web_SS_5.png	1
埐	U+57D0	U+57D0.png	01875	01875_Web_SS_5.png	1
埒	U+57D2	U+57D2.png	01876	01876_Web_SS_5.png	1
域	U+57DF	U+57DF.png	01878	01878_Web_SS_1.png	3
埤	U+57E4	U+57E4.png	01879	01879_Web_SS_5.png	1
埩	U+57E9	U+57E9.png	01880	01880_Web_SS_5.png	1
埱	U+57F1	U+57F1.png	01882	01882_Web_SS_5.png	1
埴	U+57F4	U+57F4.png	01883	01883_Web_SS_5.png	1
埵	U+57F5	U+57F5.png	01884	01884_Web_SS_5.png	1
埶	U+57F6	U+57F6.png	01885	01885_Web_SS_5.png	1
執	U+57F7	U+57F7.png	01886	01886_Web_SS_0.png	2
埸	U+57F8	U+57F8.png	01887	01887_Web_SS_5.png	1
培	U+57F9	U+57F9.png	01888	01888_Web_SS_0.png	2
基	U+57FA	U+57FA.png	01889	01889_Web_SS_5.png	2
埻	U+57FB	U+57FB.png	01890	01890_Web_SS_5.png	1
埽	U+57FD	U+57FD.png	01891	01891_Web_SS_5.png	1
埾	U+57FE	U+57FE.png	01892	01892_Web_SS_5.png	1
堀	U+5800	U+5800.png	01893	01893_Web_SS_5.png	1
堂	U+5802	U+5802.png	01894	01894_Web_SS_5.png	4
堅	U+5805	U+5805.png	01895	01895_Web_SS_0.png	2
堆	U+5806	U+5806.png	01896	01896_Web_SS_5.png	1
堇	U+5807	U+5807.png	01897	01897_Web_SS_5.png	1
堋	U+580B	U+580B.png	01899	01899_Web_SS_5.png	1
堙	U+5819	U+5819.png	01901	01901_Web_SS_5.png	1
堛	U+581B	U+581B.png	01902	01902_Web_SS_5.png	1
堣	U+5823	U+5823.png	01903	01903_Web_SS_5.png	1
堤	U+5824	U+5824.png	01904	01904_Web_SS_5.png	2
堨	U+5828	U+5828.png	01905	01905_Web_SS_5.png	1
堪	U+582A	U+582A.png	01906	01906_Web_SS_0.png	2
堫	U+582B	U+582B.png	01907	01907_Web_SS_5.png	1
堯	U+582F	U+582F.png	01908	01908_Web_SS_5.png	1
報	U+5831	U+5831.png	01909	01909_Web_SS_5.png	2
場	U+5834	U+5834.png	01910	01910_Web_SS_0.png	2
堵	U+5835	U+5835.png	01911	01911_Web_SS_0.png	3
塊	U+584A	U+584A.png	01914	01914_Web_SS_5.png	3
塍	U+584D	U+584D.png	01915	01915_Web_SS_5.png	1
塏	U+584F	U+584F.png	01916	01916_Web_SS_5.png	1
塒	U+5852	U+5852.png	01917	01917_Web_SS_5.png	1
塓	U+5853	U+5853.png	01918	01918_Web_SS_5.png	1
塔	U+5854	U+5854.png	01919	01919_Web_SS_0.png	2
塗	U+5857	U+5857.png	01920	01920_Web_SS_0.png	2
塘	U+5858	U+5858.png	01921	01921_Web_SS_0.png	2
塙	U+5859	U+5859.png	01922	01922_Web_SS_5.png	1
塞	U+585E	U+585E.png	01923	01923_Web_SS_0.png	2
填	U+586B	U+586B.png	01925	01925_Web_SS_5.png	2
塵	U+5875	U+5875.png	01926	01926_Web_SS_0.png	2
塹	U+5879	U+5879.png	01927	01927_Web_SS_5.png	1
塺	U+587A	U+587A.png	01928	01928_Web_SS_5.png	1
塾	U+587E	U+587E.png	01930	01930_Web_SS_5.png	1
塿	U+587F	U+587F.png	01931	01931_Web_SS_5.png	1
墀	U+5880	U+5880.png	01932	01932_Web_SS_5.png	1
境	U+5883	U+5883.png	01933	01933_Web_SS_0.png	2
墇	U+5887	U+5887.png	01934	01934_Web_SS_5.png	1
墉	U+5889	U+5889.png	01935	01935_Web_SS_5.png	1
墊	U+588A	U+588A.png	01936	01936_Web_SS_0.png	2
墐	U+5890	U+5890.png	01938	01938_Web_SS_5.png	1
墓	U+5893	U+5893.png	01939	01939_Web_SS_0.png	2
墙	U+5899	U+5899.png	01941	01941_Web_SS_2.png	4
墜	U+589C	U+589C.png	01942	01942_Web_SS_0.png	2
增	U+589E	U+589E.png	01943	01943_Web_SS_5.png	2
墠	U+58A0	U+58A0.png	01944	01944_Web_SS_5.png	1
墣	U+58A3	U+58A3.png	01945	01945_Web_SS_5.png	1
墨	U+58A8	U+58A8.png	01946	01946_Web_SS_0.png	2
墬	U+58AC	U+58AC.png	01947	01947_Web_SS_5.png	1
墳	U+58B3	U+58B3.png	01949	01949_Web_SS_0.png	2
墼	U+58BC	U+58BC.png	01950	01950_Web_SS_5.png	1
墽	U+58BD	U+58BD.png	01951	01951_Web_SS_5.png	1
墾	U+58BE	U+58BE.png	01952	01952_Web_SS_0.png	1
壁	U+58C1	U+58C1.png	01953	01953_Web_SS_0.png	2
壇	U+58C7	U+58C7.png	01954	01954_Web_SS_0.png	1
壎	U+58CE	U+58CE.png	01955	01955_Web_SS_5.png	1
壐	U+58D0	U+58D0.png	01956	01956_Web_SS_5.png	1
壑	U+58D1	U+58D1.png	01957	01957_Web_SS_5.png	1
壒	U+58D2	U+58D2.png	01958	01958_Web_SS_5.png	1
壓	U+58D3	U+58D3.png	01959	01959_Web_SS_0.png	2
壔	U+58D4	U+58D4.png	01960	01960_Web_SS_5.png	1
壘	U+58D8	U+58D8.png	01961	01961_Web_SS_0.png	2
壙	U+58D9	U+58D9.png	01962	01962_Web_SS_5.png	1
壚	U+58DA	U+58DA.png	01963	01963_Web_SS_5.png	1
壛	U+58DB	U+58DB.png	01964	01964_Web_SS_5.png	1
壞	U+58DE	U+58DE.png	01965	01965_Web_SS_5.png	4
壟	U+58DF	U+58DF.png	01966	01966_Web_SS_0.png	2
壤	U+58E4	U+58E4.png	01968	01968_Web_SS_5.png	2
士	U+58EB	U+58EB.png	01969	01969_Web_SS_0.png	2
壬	U+58EC	U+58EC.png	01970	01970_Web_SS_5.png	1
壮	U+58EE	U+58EE.png	01971	01971_Web_SS_0.png	2
壯	U+58EF	U+58EF.png	01972	01972_Web_SS_0.png	2
声	U+58F0	U+58F0.png	01973	01973_Web_SS_0.png	2
壳	U+58F3	U+58F3.png	01974	01974_Web_SS_5.png	2
壴	U+58F4	U+58F4.png	01975	01975_Web_SS_5.png	1
壶	U+58F6	U+58F6.png	01977	01977_Web_SS_0.png	2
壹	U+58F9	U+58F9.png	01978	01978_Web_SS_5.png	2
壺	U+58FA	U+58FA.png	01979	01979_Web_SS_5.png	2
壻	U+58FB	U+58FB.png	01980	01980_Web_SS_5.png	1
壼	U+58FC	U+58FC.png	01981	01981_Web_SS_5.png	1
壽	U+58FD	U+58FD.png	01982	01982_Web_SS_5.png	2
夂	U+5902	U+5902.png	01983	01983_Web_SS_5.png	2
夃	U+5903	U+5903.png	01984	01984_Web_SS_5.png	1
处	U+5904	U+5904.png	01985	01985_Web_SS_1.png	3
夅	U+5905	U+5905.png	01986	01986_Web_SS_5.png	1
夆	U+5906	U+5906.png	01987	01987_Web_SS_5.png	1
备	U+5907	U+5907.png	01988	01988_Web_SS_5.png	3
夊	U+590A	U+590A.png	01989	01989_Web_SS_0.png	2
夋	U+590B	U+590B.png	01990	01990_Web_SS_5.png	1
夌	U+590C	U+590C.png	01991	01991_Web_SS_5.png	1
复	U+590D	U+590D.png	01992	01992_Web_SS_0.png	2
夎	U+590E	U+590E.png	01993	01993_Web_SS_5.png	1
夏	U+590F	U+590F.png	01994	01994_Web_SS_0.png	3
夒	U+5912	U+5912.png	01996	01996_Web_SS_5.png	1
夔	U+5914	U+5914.png	01997	01997_Web_SS_5.png	1
夕	U+5915	U+5915.png	01998	01998_Web_SS_5.png	2
外	U+5916	U+5916.png	01999	01999_Web_SS_5.png	3
夗	U+5917	U+5917.png	02000	02000_Web_SS_5.png	1
夙	U+5919	U+5919.png	02001	02001_Web_SS_5.png	1
多	U+591A	U+591A.png	02002	02002_Web_SS_5.png	3
夜	U+591C	U+591C.png	02003	02003_Web_SS_5.png	2
夝	U+591D	U+591D.png	02004	02004_Web_SS_5.png	1
夢	U+5922	U+5922.png	02005	02005_Web_SS_5.png	3
夤	U+5924	U+5924.png	02006	02006_Web_SS_5.png	1
夥	U+5925	U+5925.png	02007	02007_Web_SS_5.png	2
大	U+5927	U+5927.png	02008	02008_Web_SS_0.png	2
夨	U+5928	U+5928.png	02009	02009_Web_SS_5.png	1
天	U+5929	U+5929.png	02010	02010_Web_SS_5.png	2
太	U+592A	U+592A.png	02011	02011_Web_SS_1.png	3
夫	U+592B	U+592B.png	02012	02012_Web_SS_5.png	2
夬	U+592C	U+592C.png	02013	02013_Web_SS_5.png	1
夭	U+592D	U+592D.png	02014	02014_Web_SS_0.png	2
央	U+592E	U+592E.png	02015	02015_Web_SS_0.png	2
夰	U+5930	U+5930.png	02016	02016_Web_SS_5.png	1
失	U+5931	U+5931.png	02017	02017_Web_SS_0.png	2
夲	U+5932	U+5932.png	02018	02018_Web_SS_5.png	1
头	U+5934	U+5934.png	02019	02019_Web_SS_0.png	2
夷	U+5937	U+5937.png	02020	02020_Web_SS_0.png	2
夸	U+5938	U+5938.png	02021	02021_Web_SS_0.png	2
夹	U+5939	U+5939.png	02022	02022_Web_SS_5.png	2
夺	U+593A	U+593A.png	02023	02023_Web_SS_5.png	2
夽	U+593D	U+593D.png	02025	02025_Web_SS_5.png	1
夾	U+593E	U+593E.png	02026	02026_Web_SS_0.png	1
奃	U+5943	U+5943.png	02027	02027_Web_SS_5.png	1
奄	U+5944	U+5944.png	02028	02028_Web_SS_0.png	2
奅	U+5945	U+5945.png	02029	02029_Web_SS_5.png	1
奇	U+5947	U+5947.png	02030	02030_Web_SS_0.png	2
奈	U+5948	U+5948.png	02031	02031_Web_SS_5.png	2
奉	U+5949	U+5949.png	02032	02032_Web_SS_0.png	2
奊	U+594A	U+594A.png	02033	02033_Web_SS_5.png	1
奋	U+594B	U+594B.png	02034	02034_Web_SS_5.png	2
奎	U+594E	U+594E.png	02035	02035_Web_SS_5.png	1
奏	U+594F	U+594F.png	02036	02036_Web_SS_5.png	4
奐	U+5950	U+5950.png	02037	02037_Web_SS_5.png	1
契	U+5951	U+5951.png	02038	02038_Web_SS_5.png	2
奓	U+5953	U+5953.png	02039	02039_Web_SS_5.png	1
奔	U+5954	U+5954.png	02040	02040_Web_SS_0.png	2
奕	U+5955	U+5955.png	02041	02041_Web_SS_0.png	2
奖	U+5956	U+5956.png	02042	02042_Web_SS_5.png	2
奘	U+5958	U+5958.png	02043	02043_Web_SS_5.png	1
奚	U+595A	U+595A.png	02044	02044_Web_SS_0.png	2
奠	U+5960	U+5960.png	02047	02047_Web_SS_0.png	2
奡	U+5961	U+5961.png	02048	02048_Web_SS_5.png	1
奢	U+5962	U+5962.png	02049	02049_Web_SS_5.png	3
奥	U+5965	U+5965.png	02050	02050_Web_SS_0.png	2
奧	U+5967	U+5967.png	02052	02052_Web_SS_0.png	2
奪	U+596A	U+596A.png	02053	02053_Web_SS_5.png	2
奮	U+596E	U+596E.png	02055	02055_Web_SS_5.png	2
奯	U+596F	U+596F.png	02056	02056_Web_SS_5.png	1
奰	U+5970	U+5970.png	02057	02057_Web_SS_5.png	1
奱	U+5971	U+5971.png	02058	02058_Web_SS_5.png	1
奲	U+5972	U+5972.png	02059	02059_Web_SS_5.png	1
女	U+5973	U+5973.png	02060	02060_Web_SS_0.png	2
奴	U+5974	U+5974.png	02061	02061_Web_SS_0.png	3
奸	U+5978	U+5978.png	02062	02062_Web_SS_0.png	2
奻	U+597B	U+597B.png	02063	02063_Web_SS_5.png	1
好	U+597D	U+597D.png	02064	02064_Web_SS_5.png	2
奿	U+597F	U+597F.png	02065	02065_Web_SS_5.png	1
妀	U+5980	U+5980.png	02066	02066_Web_SS_5.png	1
妁	U+5981	U+5981.png	02067	02067_Web_SS_5.png	1
如	U+5982	U+5982.png	02068	02068_Web_SS_5.png	2
妃	U+5983	U+5983.png	02069	02069_Web_SS_0.png	2
妄	U+5984	U+5984.png	02070	02070_Web_SS_5.png	2
妆	U+5986	U+5986.png	02071	02071_Web_SS_0.png	2
妇	U+5987	U+5987.png	02072	02072_Web_SS_0.png	2
妊	U+598A	U+598A.png	02074	02074_Web_SS_5.png	1
妌	U+598C	U+598C.png	02075	02075_Web_SS_5.png	1
妍	U+598D	U+598D.png	02076	02076_Web_SS_5.png	1
妎	U+598E	U+598E.png	02077	02077_Web_SS_5.png	1
妒	U+5992	U+5992.png	02079	02079_Web_SS_0.png	2
妓	U+5993	U+5993.png	02080	02080_Web_SS_5.png	1
妖	U+5996	U+5996.png	02081	02081_Web_SS_0.png	2
妗	U+5997	U+5997.png	02082	02082_Web_SS_5.png	1
妘	U+5998	U+5998.png	02083	02083_Web_SS_5.png	1
妙	U+5999	U+5999.png	02084	02084_Web_SS_5.png	1
妜	U+599C	U+599C.png	02086	02086_Web_SS_5.png	1
妝	U+599D	U+599D.png	02087	02087_Web_SS_0.png	2
妟	U+599F	U+599F.png	02089	02089_Web_SS_5.png	1
妣	U+59A3	U+59A3.png	02091	02091_Web_SS_5.png	1
妥	U+59A5	U+59A5.png	02092	02092_Web_SS_0.png	2
妨	U+59A8	U+59A8.png	02094	02094_Web_SS_5.png	2
妪	U+59AA	U+59AA.png	02095	02095_Web_SS_5.png	2
妭	U+59AD	U+59AD.png	02097	02097_Web_SS_5.png	1
妯	U+59AF	U+59AF.png	02098	02098_Web_SS_5.png	1
妲	U+59B2	U+59B2.png	02100	02100_Web_SS_5.png	1
妴	U+59B4	U+59B4.png	02101	02101_Web_SS_5.png	1
妵	U+59B5	U+59B5.png	02102	02102_Web_SS_5.png	1
妸	U+59B8	U+59B8.png	02104	02104_Web_SS_5.png	1
妹	U+59B9	U+59B9.png	02105	02105_Web_SS_5.png	2
妻	U+59BB	U+59BB.png	02106	02106_Web_SS_5.png	3
妾	U+59BE	U+59BE.png	02107	02107_Web_SS_0.png	2
妿	U+59BF	U+59BF.png	02108	02108_Web_SS_5.png	1
姁	U+59C1	U+59C1.png	02110	02110_Web_SS_5.png	1
姂	U+59C2	U+59C2.png	02111	02111_Web_SS_5.png	1
姅	U+59C5	U+59C5.png	02113	02113_Web_SS_5.png	1
姊	U+59CA	U+59CA.png	02114	02114_Web_SS_5.png	1
始	U+59CB	U+59CB.png	02115	02115_Web_SS_0.png	2
姌	U+59CC	U+59CC.png	02116	02116_Web_SS_5.png	1
姍	U+59CD	U+59CD.png	02117	02117_Web_SS_5.png	1
姎	U+59CE	U+59CE.png	02118	02118_Web_SS_5.png	1
姐	U+59D0	U+59D0.png	02119	02119_Web_SS_5.png	2
姑	U+59D1	U+59D1.png	02120	02120_Web_SS_5.png	2
姒	U+59D2	U+59D2.png	02121	02121_Web_SS_5.png	1
姓	U+59D3	U+59D3.png	02122	02122_Web_SS_0.png	2
委	U+59D4	U+59D4.png	02123	02123_Web_SS_0.png	2
姕	U+59D5	U+59D5.png	02124	02124_Web_SS_5.png	1
姗	U+59D7	U+59D7.png	02125	02125_Web_SS_5.png	1
姘	U+59D8	U+59D8.png	02126	02126_Web_SS_5.png	1
姚	U+59DA	U+59DA.png	02127	02127_Web_SS_5.png	1
姛	U+59DB	U+59DB.png	02128	02128_Web_SS_5.png	1
姜	U+59DC	U+59DC.png	02129	02129_Web_SS_0.png	2
姝	U+59DD	U+59DD.png	02130	02130_Web_SS_5.png	1
姞	U+59DE	U+59DE.png	02131	02131_Web_SS_5.png	1
姡	U+59E1	U+59E1.png	02132	02132_Web_SS_5.png	1
姣	U+59E3	U+59E3.png	02133	02133_Web_SS_5.png	1
姤	U+59E4	U+59E4.png	02134	02134_Web_SS_5.png	1
姦	U+59E6	U+59E6.png	02135	02135_Web_SS_0.png	2
姨	U+59E8	U+59E8.png	02136	02136_Web_SS_5.png	1
姪	U+59EA	U+59EA.png	02137	02137_Web_SS_5.png	1
姬	U+59EC	U+59EC.png	02139	02139_Web_SS_5.png	1
姰	U+59F0	U+59F0.png	02141	02141_Web_SS_5.png	1
姶	U+59F6	U+59F6.png	02143	02143_Web_SS_5.png	1
姷	U+59F7	U+59F7.png	02144	02144_Web_SS_5.png	1
姸	U+59F8	U+59F8.png	02145	02145_Web_SS_5.png	1
姺	U+59FA	U+59FA.png	02146	02146_Web_SS_5.png	1
姻	U+59FB	U+59FB.png	02147	02147_Web_SS_0.png	3
姼	U+59FC	U+59FC.png	02148	02148_Web_SS_5.png	1
姽	U+59FD	U+59FD.png	02149	02149_Web_SS_5.png	1
姿	U+59FF	U+59FF.png	02150	02150_Web_SS_5.png	2
娀	U+5A00	U+5A00.png	02151	02151_Web_SS_5.png	1
威	U+5A01	U+5A01.png	02152	02152_Web_SS_0.png	2
娃	U+5A03	U+5A03.png	02153	02153_Web_SS_5.png	1
娄	U+5A04	U+5A04.png	02154	02154_Web_SS_0.png	3
娇	U+5A07	U+5A07.png	02156	02156_Web_SS_0.png	2
娉	U+5A09	U+5A09.png	02157	02157_Web_SS_5.png	1
娋	U+5A0B	U+5A0B.png	02159	02159_Web_SS_5.png	1
娎	U+5A0E	U+5A0E.png	02160	02160_Web_SS_5.png	1
娑	U+5A11	U+5A11.png	02161	02161_Web_SS_5.png	1
娒	U+5A12	U+5A12.png	02162	02162_Web_SS_5.png	1
娓	U+5A13	U+5A13.png	02163	02163_Web_SS_5.png	1
娕	U+5A15	U+5A15.png	02164	02164_Web_SS_5.png	1
娗	U+5A17	U+5A17.png	02165	02165_Web_SS_5.png	1
娘	U+5A18	U+5A18.png	02166	02166_Web_SS_5.png	1
娙	U+5A19	U+5A19.png	02167	02167_Web_SS_5.png	1
娛	U+5A1B	U+5A1B.png	02168	02168_Web_SS_0.png	2
娝	U+5A1D	U+5A1D.png	02170	02170_Web_SS_5.png	1
娟	U+5A1F	U+5A1F.png	02172	02172_Web_SS_5.png	2
娠	U+5A20	U+5A20.png	02173	02173_Web_SS_5.png	2
娣	U+5A23	U+5A23.png	02174	02174_Web_SS_5.png	1
娥	U+5A25	U+5A25.png	02176	02176_Web_SS_5.png	1
娧	U+5A27	U+5A27.png	02177	02177_Web_SS_5.png	1
娩	U+5A29	U+5A29.png	02178	02178_Web_SS_0.png	2
娭	U+5A2D	U+5A2D.png	02179	02179_Web_SS_5.png	1
娱	U+5A31	U+5A31.png	02180	02180_Web_SS_0.png	2
娶	U+5A36	U+5A36.png	02181	02181_Web_SS_0.png	2
娷	U+5A37	U+5A37.png	02182	02182_Web_SS_5.png	1
娸	U+5A38	U+5A38.png	02183	02183_Web_SS_5.png	1
娹	U+5A39	U+5A39.png	02184	02184_Web_SS_5.png	1
娺	U+5A3A	U+5A3A.png	02185	02185_Web_SS_5.png	1
娽	U+5A3D	U+5A3D.png	02186	02186_Web_SS_5.png	1
娿	U+5A3F	U+5A3F.png	02187	02187_Web_SS_5.png	1
婁	U+5A41	U+5A41.png	02188	02188_Web_SS_5.png	3
婉	U+5A49	U+5A49.png	02190	02190_Web_SS_5.png	2
婎	U+5A4E	U+5A4E.png	02192	02192_Web_SS_5.png	1
婏	U+5A4F	U+5A4F.png	02193	02193_Web_SS_5.png	1
婓	U+5A53	U+5A53.png	02196	02196_Web_SS_5.png	1
婕	U+5A55	U+5A55.png	02197	02197_Web_SS_5.png	1
婗	U+5A57	U+5A57.png	02198	02198_Web_SS_5.png	1
婚	U+5A5A	U+5A5A.png	02199	02199_Web_SS_0.png	3
婜	U+5A5C	U+5A5C.png	02200	02200_Web_SS_5.png	1
婞	U+5A5E	U+5A5E.png	02201	02201_Web_SS_5.png	1
婟	U+5A5F	U+5A5F.png	02202	02202_Web_SS_5.png	1
婠	U+5A60	U+5A60.png	02203	02203_Web_SS_5.png	1
婢	U+5A62	U+5A62.png	02205	02205_Web_SS_0.png	2
婤	U+5A64	U+5A64.png	02206	02206_Web_SS_5.png	1
婥	U+5A65	U+5A65.png	02207	02207_Web_SS_5.png	1
婦	U+5A66	U+5A66.png	02208	02208_Web_SS_0.png	2
婧	U+5A67	U+5A67.png	02209	02209_Web_SS_5.png	1
婪	U+5A6A	U+5A6A.png	02210	02210_Web_SS_5.png	1
婬	U+5A6C	U+5A6C.png	02211	02211_Web_SS_5.png	1
婴	U+5A74	U+5A74.png	02214	02214_Web_SS_0.png	2
婺	U+5A7A	U+5A7A.png	02216	02216_Web_SS_5.png	1
婼	U+5A7C	U+5A7C.png	02217	02217_Web_SS_5.png	1
婿	U+5A7F	U+5A7F.png	02219	02219_Web_SS_1.png	3
媁	U+5A81	U+5A81.png	02220	02220_Web_SS_5.png	1
媄	U+5A84	U+5A84.png	02221	02221_Web_SS_5.png	1
媅	U+5A85	U+5A85.png	02222	02222_Web_SS_5.png	1
媆	U+5A86	U+5A86.png	02223	02223_Web_SS_5.png	1
媊	U+5A8A	U+5A8A.png	02225	02225_Web_SS_5.png	1
媌	U+5A8C	U+5A8C.png	02226	02226_Web_SS_5.png	1
媐	U+5A90	U+5A90.png	02227	02227_Web_SS_5.png	1
媒	U+5A92	U+5A92.png	02229	02229_Web_SS_0.png	2
媕	U+5A95	U+5A95.png	02231	02231_Web_SS_5.png	1
媚	U+5A9A	U+5A9A.png	02232	02232_Web_SS_5.png	2
媛	U+5A9B	U+5A9B.png	02233	02233_Web_SS_5.png	1
媞	U+5A9E	U+5A9E.png	02234	02234_Web_SS_5.png	1
媟	U+5A9F	U+5A9F.png	02235	02235_Web_SS_5.png	1
媢	U+5AA2	U+5AA2.png	02237	02237_Web_SS_5.png	1
媣	U+5AA3	U+5AA3.png	02238	02238_Web_SS_5.png	1
媥	U+5AA5	U+5AA5.png	02239	02239_Web_SS_5.png	1
媦	U+5AA6	U+5AA6.png	02240	02240_Web_SS_5.png	1
媧	U+5AA7	U+5AA7.png	02241	02241_Web_SS_5.png	1
媮	U+5AAE	U+5AAE.png	02242	02242_Web_SS_5.png	1
媯	U+5AAF	U+5AAF.png	02243	02243_Web_SS_5.png	1
媰	U+5AB0	U+5AB0.png	02244	02244_Web_SS_5.png	1
媱	U+5AB1	U+5AB1.png	02245	02245_Web_SS_5.png	1
媲	U+5AB2	U+5AB2.png	02246	02246_Web_SS_5.png	1
媵	U+5AB5	U+5AB5.png	02248	02248_Web_SS_5.png	1
媻	U+5ABB	U+5ABB.png	02249	02249_Web_SS_5.png	1
媾	U+5ABE	U+5ABE.png	02250	02250_Web_SS_5.png	1
媿	U+5ABF	U+5ABF.png	02251	02251_Web_SS_5.png	1
嫁	U+5AC1	U+5AC1.png	02253	02253_Web_SS_5.png	2
嫂	U+5AC2	U+5AC2.png	02254	02254_Web_SS_5.png	1
嫄	U+5AC4	U+5AC4.png	02255	02255_Web_SS_5.png	1
嫇	U+5AC7	U+5AC7.png	02256	02256_Web_SS_5.png	1
嫈	U+5AC8	U+5AC8.png	02257	02257_Web_SS_5.png	1
嫉	U+5AC9	U+5AC9.png	02258	02258_Web_SS_1.png	3
嫋	U+5ACB	U+5ACB.png	02260	02260_Web_SS_5.png	1
嫌	U+5ACC	U+5ACC.png	02261	02261_Web_SS_0.png	2
嫖	U+5AD6	U+5AD6.png	02263	02263_Web_SS_5.png	1
嫗	U+5AD7	U+5AD7.png	02264	02264_Web_SS_5.png	2
嫙	U+5AD9	U+5AD9.png	02265	02265_Web_SS_5.png	1
嫛	U+5ADB	U+5ADB.png	02267	02267_Web_SS_5.png	1
嫠	U+5AE0	U+5AE0.png	02269	02269_Web_SS_5.png	1
嫡	U+5AE1	U+5AE1.png	02270	02270_Web_SS_5.png	2
嫢	U+5AE2	U+5AE2.png	02271	02271_Web_SS_5.png	1
嫣	U+5AE3	U+5AE3.png	02272	02272_Web_SS_5.png	1
嫥	U+5AE5	U+5AE5.png	02273	02273_Web_SS_5.png	1
嫧	U+5AE7	U+5AE7.png	02274	02274_Web_SS_5.png	1
嫪	U+5AEA	U+5AEA.png	02275	02275_Web_SS_5.png	1
嫫	U+5AEB	U+5AEB.png	02276	02276_Web_SS_5.png	1
嫯	U+5AEF	U+5AEF.png	02278	02278_Web_SS_5.png	1
嫳	U+5AF3	U+5AF3.png	02279	02279_Web_SS_5.png	1
嫴	U+5AF4	U+5AF4.png	02280	02280_Web_SS_5.png	1
嫵	U+5AF5	U+5AF5.png	02281	02281_Web_SS_5.png	1
嫷	U+5AF7	U+5AF7.png	02283	02283_Web_SS_5.png	1
嫸	U+5AF8	U+5AF8.png	02284	02284_Web_SS_5.png	1
嫺	U+5AFA	U+5AFA.png	02285	02285_Web_SS_5.png	1
嫼	U+5AFC	U+5AFC.png	02286	02286_Web_SS_5.png	1
嫽	U+5AFD	U+5AFD.png	02287	02287_Web_SS_5.png	1
嫿	U+5AFF	U+5AFF.png	02288	02288_Web_SS_5.png	1
嬃	U+5B03	U+5B03.png	02291	02291_Web_SS_5.png	1
嬈	U+5B08	U+5B08.png	02292	02292_Web_SS_5.png	1
嬉	U+5B09	U+5B09.png	02293	02293_Web_SS_5.png	1
嬌	U+5B0C	U+5B0C.png	02294	02294_Web_SS_0.png	2
嬐	U+5B10	U+5B10.png	02295	02295_Web_SS_5.png	1
嬒	U+5B12	U+5B12.png	02296	02296_Web_SS_5.png	1
嬔	U+5B14	U+5B14.png	02298	02298_Web_SS_5.png	1
嬖	U+5B16	U+5B16.png	02299	02299_Web_SS_5.png	1
嬗	U+5B17	U+5B17.png	02300	02300_Web_SS_5.png	1
嬙	U+5B19	U+5B19.png	02301	02301_Web_SS_5.png	1
嬛	U+5B1B	U+5B1B.png	02302	02302_Web_SS_5.png	1
嬥	U+5B25	U+5B25.png	02304	02304_Web_SS_5.png	1
嬩	U+5B29	U+5B29.png	02305	02305_Web_SS_5.png	1
嬬	U+5B2C	U+5B2C.png	02307	02307_Web_SS_5.png	1
嬮	U+5B2E	U+5B2E.png	02309	02309_Web_SS_5.png	1
嬯	U+5B2F	U+5B2F.png	02310	02310_Web_SS_5.png	1
嬰	U+5B30	U+5B30.png	02311	02311_Web_SS_0.png	2
嬴	U+5B34	U+5B34.png	02312	02312_Web_SS_5.png	1
嬹	U+5B39	U+5B39.png	02313	02313_Web_SS_5.png	1
嬻	U+5B3B	U+5B3B.png	02314	02314_Web_SS_5.png	1
嬽	U+5B3D	U+5B3D.png	02315	02315_Web_SS_5.png	1
嬿	U+5B3F	U+5B3F.png	02316	02316_Web_SS_5.png	1
孁	U+5B41	U+5B41.png	02317	02317_Web_SS_5.png	1
孂	U+5B42	U+5B42.png	02318	02318_Web_SS_5.png	1
孃	U+5B43	U+5B43.png	02319	02319_Web_SS_5.png	1
孅	U+5B45	U+5B45.png	02320	02320_Web_SS_5.png	1
孈	U+5B48	U+5B48.png	02321	02321_Web_SS_5.png	1
孌	U+5B4C	U+5B4C.png	02322	02322_Web_SS_5.png	1
孎	U+5B4E	U+5B4E.png	02323	02323_Web_SS_5.png	1
子	U+5B50	U+5B50.png	02324	02324_Web_SS_0.png	2
孑	U+5B51	U+5B51.png	02325	02325_Web_SS_5.png	1
孓	U+5B53	U+5B53.png	02326	02326_Web_SS_5.png	1
孔	U+5B54	U+5B54.png	02327	02327_Web_SS_0.png	2
孕	U+5B55	U+5B55.png	02328	02328_Web_SS_5.png	2
字	U+5B57	U+5B57.png	02330	02330_Web_SS_5.png	2
存	U+5B58	U+5B58.png	02331	02331_Web_SS_0.png	2
孙	U+5B59	U+5B59.png	02332	02332_Web_SS_0.png	2
孚	U+5B5A	U+5B5A.png	02333	02333_Web_SS_5.png	3
孛	U+5B5B	U+5B5B.png	02334	02334_Web_SS_5.png	1
孜	U+5B5C	U+5B5C.png	02335	02335_Web_SS_5.png	2
孝	U+5B5D	U+5B5D.png	02336	02336_Web_SS_0.png	2
孟	U+5B5F	U+5B5F.png	02337	02337_Web_SS_5.png	3
季	U+5B63	U+5B63.png	02338	02338_Web_SS_5.png	2
孤	U+5B64	U+5B64.png	02339	02339_Web_SS_0.png	2
学	U+5B66	U+5B66.png	02340	02340_Web_SS_5.png	3
孨	U+5B68	U+5B68.png	02341	02341_Web_SS_5.png	1
孩	U+5B69	U+5B69.png	02342	02342_Web_SS_1.png	3
孫	U+5B6B	U+5B6B.png	02343	02343_Web_SS_0.png	1
孰	U+5B70	U+5B70.png	02344	02344_Web_SS_5.png	1
孱	U+5B71	U+5B71.png	02345	02345_Web_SS_5.png	1
孳	U+5B73	U+5B73.png	02346	02346_Web_SS_5.png	1
孴	U+5B74	U+5B74.png	02347	02347_Web_SS_5.png	1
學	U+5B78	U+5B78.png	02349	02349_Web_SS_1.png	3
孺	U+5B7A	U+5B7A.png	02350	02350_Web_SS_0.png	2
孼	U+5B7C	U+5B7C.png	02351	02351_Web_SS_5.png	1
孽	U+5B7D	U+5B7D.png	02352	02352_Web_SS_5.png	1
宀	U+5B80	U+5B80.png	02354	02354_Web_SS_0.png	2
宁	U+5B81	U+5B81.png	02355	02355_Web_SS_5.png	2
宂	U+5B82	U+5B82.png	02356	02356_Web_SS_5.png	1
它	U+5B83	U+5B83.png	02357	02357_Web_SS_5.png	3
宄	U+5B84	U+5B84.png	02358	02358_Web_SS_5.png	1
宅	U+5B85	U+5B85.png	02359	02359_Web_SS_0.png	4
宇	U+5B87	U+5B87.png	02361	02361_Web_SS_0.png	3
守	U+5B88	U+5B88.png	02362	02362_Web_SS_0.png	2
安	U+5B89	U+5B89.png	02363	02363_Web_SS_0.png	2
宋	U+5B8B	U+5B8B.png	02364	02364_Web_SS_0.png	2
完	U+5B8C	U+5B8C.png	02365	02365_Web_SS_0.png	2
宏	U+5B8F	U+5B8F.png	02367	02367_Web_SS_5.png	2
宐	U+5B90	U+5B90.png	02368	02368_Web_SS_5.png	1
宓	U+5B93	U+5B93.png	02369	02369_Web_SS_5.png	1
宔	U+5B94	U+5B94.png	02370	02370_Web_SS_5.png	1
宕	U+5B95	U+5B95.png	02371	02371_Web_SS_5.png	1
宖	U+5B96	U+5B96.png	02372	02372_Web_SS_5.png	1
宗	U+5B97	U+5B97.png	02373	02373_Web_SS_0.png	2
官	U+5B98	U+5B98.png	02374	02374_Web_SS_5.png	2
宙	U+5B99	U+5B99.png	02375	02375_Web_SS_0.png	2
定	U+5B9A	U+5B9A.png	02376	02376_Web_SS_0.png	2
宛	U+5B9B	U+5B9B.png	02377	02377_Web_SS_0.png	3
宜	U+5B9C	U+5B9C.png	02378	02378_Web_SS_0.png	4
宝	U+5B9D	U+5B9D.png	02379	02379_Web_SS_0.png	3
实	U+5B9E	U+5B9E.png	02380	02380_Web_SS_5.png	2
宠	U+5BA0	U+5BA0.png	02381	02381_Web_SS_5.png	2
审	U+5BA1	U+5BA1.png	02382	02382_Web_SS_5.png	3
客	U+5BA2	U+5BA2.png	02383	02383_Web_SS_0.png	2
宣	U+5BA3	U+5BA3.png	02384	02384_Web_SS_0.png	2
室	U+5BA4	U+5BA4.png	02385	02385_Web_SS_5.png	2
宥	U+5BA5	U+5BA5.png	02386	02386_Web_SS_5.png	1
宦	U+5BA6	U+5BA6.png	02387	02387_Web_SS_5.png	1
宪	U+5BAA	U+5BAA.png	02389	02389_Web_SS_5.png	2
宫	U+5BAB	U+5BAB.png	02390	02390_Web_SS_0.png	2
宬	U+5BAC	U+5BAC.png	02391	02391_Web_SS_5.png	1
宭	U+5BAD	U+5BAD.png	02392	02392_Web_SS_5.png	1
宮	U+5BAE	U+5BAE.png	02393	02393_Web_SS_0.png	2
宰	U+5BB0	U+5BB0.png	02394	02394_Web_SS_0.png	2
害	U+5BB3	U+5BB3.png	02395	02395_Web_SS_0.png	2
宴	U+5BB4	U+5BB4.png	02396	02396_Web_SS_0.png	2
宵	U+5BB5	U+5BB5.png	02397	02397_Web_SS_0.png	2
家	U+5BB6	U+5BB6.png	02398	02398_Web_SS_5.png	3
宸	U+5BB8	U+5BB8.png	02400	02400_Web_SS_5.png	1
容	U+5BB9	U+5BB9.png	02401	02401_Web_SS_1.png	3
宽	U+5BBD	U+5BBD.png	02402	02402_Web_SS_5.png	2
宾	U+5BBE	U+5BBE.png	02403	02403_Web_SS_5.png	3
宿	U+5BBF	U+5BBF.png	02404	02404_Web_SS_0.png	2
寁	U+5BC1	U+5BC1.png	02406	02406_Web_SS_5.png	1
寂	U+5BC2	U+5BC2.png	02407	02407_Web_SS_0.png	3
寄	U+5BC4	U+5BC4.png	02408	02408_Web_SS_0.png	2
寅	U+5BC5	U+5BC5.png	02409	02409_Web_SS_5.png	1
密	U+5BC6	U+5BC6.png	02410	02410_Web_SS_0.png	2
寇	U+5BC7	U+5BC7.png	02411	02411_Web_SS_0.png	2
富	U+5BCC	U+5BCC.png	02414	02414_Web_SS_0.png	2
寍	U+5BCD	U+5BCD.png	02415	02415_Web_SS_5.png	1
寏	U+5BCF	U+5BCF.png	02416	02416_Web_SS_5.png	1
寐	U+5BD0	U+5BD0.png	02417	02417_Web_SS_5.png	1
寑	U+5BD1	U+5BD1.png	02418	02418_Web_SS_5.png	1
寒	U+5BD2	U+5BD2.png	02419	02419_Web_SS_5.png	2
寓	U+5BD3	U+5BD3.png	02420	02420_Web_SS_5.png	3
寔	U+5BD4	U+5BD4.png	02421	02421_Web_SS_5.png	1
寘	U+5BD8	U+5BD8.png	02424	02424_Web_SS_5.png	1
寝	U+5BDD	U+5BDD.png	02427	02427_Web_SS_0.png	2
寞	U+5BDE	U+5BDE.png	02428	02428_Web_SS_5.png	1
察	U+5BDF	U+5BDF.png	02429	02429_Web_SS_0.png	2
寠	U+5BE0	U+5BE0.png	02430	02430_Web_SS_5.png	1
寡	U+5BE1	U+5BE1.png	02431	02431_Web_SS_0.png	2
寢	U+5BE2	U+5BE2.png	02432	02432_Web_SS_0.png	1
寣	U+5BE3	U+5BE3.png	02433	02433_Web_SS_5.png	1
寤	U+5BE4	U+5BE4.png	02434	02434_Web_SS_5.png	1
實	U+5BE6	U+5BE6.png	02435	02435_Web_SS_5.png	2
寧	U+5BE7	U+5BE7.png	02436	02436_Web_SS_0.png	2
審	U+5BE9	U+5BE9.png	02437	02437_Web_SS_0.png	3
寪	U+5BEA	U+5BEA.png	02438	02438_Web_SS_5.png	1
寫	U+5BEB	U+5BEB.png	02439	02439_Web_SS_0.png	2
寬	U+5BEC	U+5BEC.png	02440	02440_Web_SS_5.png	2
寮	U+5BEE	U+5BEE.png	02441	02441_Web_SS_0.png	2
寰	U+5BF0	U+5BF0.png	02442	02442_Web_SS_5.png	1
寱	U+5BF1	U+5BF1.png	02443	02443_Web_SS_5.png	1
寴	U+5BF4	U+5BF4.png	02444	02444_Web_SS_5.png	1
寵	U+5BF5	U+5BF5.png	02445	02445_Web_SS_0.png	2
寶	U+5BF6	U+5BF6.png	02446	02446_Web_SS_0.png	3
寷	U+5BF7	U+5BF7.png	02447	02447_Web_SS_5.png	1
寸	U+5BF8	U+5BF8.png	02448	02448_Web_SS_0.png	2
对	U+5BF9	U+5BF9.png	02449	02449_Web_SS_1.png	3
寺	U+5BFA	U+5BFA.png	02450	02450_Web_SS_0.png	2
寻	U+5BFB	U+5BFB.png	02451	02451_Web_SS_0.png	2
导	U+5BFC	U+5BFC.png	02452	02452_Web_SS_0.png	2
寽	U+5BFD	U+5BFD.png	02453	02453_Web_SS_5.png	1
寿	U+5BFF	U+5BFF.png	02454	02454_Web_SS_5.png	2
封	U+5C01	U+5C01.png	02455	02455_Web_SS_5.png	2
尃	U+5C03	U+5C03.png	02456	02456_Web_SS_5.png	1
射	U+5C04	U+5C04.png	02457	02457_Web_SS_1.png	3
将	U+5C06	U+5C06.png	02458	02458_Web_SS_0.png	2
將	U+5C07	U+5C07.png	02459	02459_Web_SS_0.png	1
專	U+5C08	U+5C08.png	02460	02460_Web_SS_0.png	2
尉	U+5C09	U+5C09.png	02461	02461_Web_SS_0.png	2
尊	U+5C0A	U+5C0A.png	02462	02462_Web_SS_1.png	3
尋	U+5C0B	U+5C0B.png	02463	02463_Web_SS_0.png	2
尌	U+5C0C	U+5C0C.png	02464	02464_Web_SS_5.png	1
對	U+5C0D	U+5C0D.png	02465	02465_Web_SS_0.png	3
導	U+5C0E	U+5C0E.png	02466	02466_Web_SS_0.png	2
小	U+5C0F	U+5C0F.png	02467	02467_Web_SS_0.png	2
尐	U+5C10	U+5C10.png	02468	02468_Web_SS_5.png	1
少	U+5C11	U+5C11.png	02469	02469_Web_SS_0.png	2
尒	U+5C12	U+5C12.png	02470	02470_Web_SS_5.png	1
尔	U+5C14	U+5C14.png	02471	02471_Web_SS_0.png	2
尗	U+5C17	U+5C17.png	02472	02472_Web_SS_5.png	1
尘	U+5C18	U+5C18.png	02473	02473_Web_SS_0.png	3
尚	U+5C1A	U+5C1A.png	02474	02474_Web_SS_0.png	2
尝	U+5C1D	U+5C1D.png	02475	02475_Web_SS_0.png	2
尞	U+5C1E	U+5C1E.png	02476	02476_Web_SS_5.png	1
尟	U+5C1F	U+5C1F.png	02477	02477_Web_SS_5.png	1
尢	U+5C22	U+5C22.png	02478	02478_Web_SS_0.png	3
尣	U+5C23	U+5C23.png	02479	02479_Web_SS_5.png	1
尤	U+5C24	U+5C24.png	02480	02480_Web_SS_0.png	2
尥	U+5C25	U+5C25.png	02481	02481_Web_SS_5.png	1
尨	U+5C28	U+5C28.png	02482	02482_Web_SS_5.png	1
尬	U+5C2C	U+5C2C.png	02483	02483_Web_SS_0.png	2
就	U+5C31	U+5C31.png	02484	02484_Web_SS_0.png	3
尲	U+5C32	U+5C32.png	02485	02485_Web_SS_5.png	1
尳	U+5C33	U+5C33.png	02486	02486_Web_SS_5.png	1
尸	U+5C38	U+5C38.png	02487	02487_Web_SS_5.png	2
尹	U+5C39	U+5C39.png	02488	02488_Web_SS_5.png	1
尺	U+5C3A	U+5C3A.png	02489	02489_Web_SS_0.png	2
尻	U+5C3B	U+5C3B.png	02490	02490_Web_SS_5.png	1
尼	U+5C3C	U+5C3C.png	02491	02491_Web_SS_0.png	2
尽	U+5C3D	U+5C3D.png	02492	02492_Web_SS_0.png	2
尾	U+5C3E	U+5C3E.png	02493	02493_Web_SS_0.png	2
尿	U+5C3F	U+5C3F.png	02494	02494_Web_SS_5.png	2
局	U+5C40	U+5C40.png	02495	02495_Web_SS_0.png	2
层	U+5C42	U+5C42.png	02496	02496_Web_SS_5.png	2
居	U+5C45	U+5C45.png	02497	02497_Web_SS_0.png	3
屆	U+5C46	U+5C46.png	02498	02498_Web_SS_0.png	2
屈	U+5C48	U+5C48.png	02499	02499_Web_SS_5.png	2
届	U+5C4A	U+5C4A.png	02500	02500_Web_SS_0.png	2
屋	U+5C4B	U+5C4B.png	02501	02501_Web_SS_1.png	4
屍	U+5C4D	U+5C4D.png	02502	02502_Web_SS_0.png	2
屎	U+5C4E	U+5C4E.png	02503	02503_Web_SS_5.png	2
屏	U+5C4F	U+5C4F.png	02504	02504_Web_SS_5.png	2
屐	U+5C50	U+5C50.png	02505	02505_Web_SS_5.png	1
屑	U+5C51	U+5C51.png	02506	02506_Web_SS_0.png	2
屒	U+5C52	U+5C52.png	02507	02507_Web_SS_5.png	1
展	U+5C55	U+5C55.png	02508	02508_Web_SS_0.png	2
屖	U+5C56	U+5C56.png	02509	02509_Web_SS_5.png	1
屚	U+5C5A	U+5C5A.png	02510	02510_Web_SS_5.png	1
屝	U+5C5D	U+5C5D.png	02511	02511_Web_SS_5.png	1
属	U+5C5E	U+5C5E.png	02512	02512_Web_SS_5.png	2
屟	U+5C5F	U+5C5F.png	02513	02513_Web_SS_5.png	1
屠	U+5C60	U+5C60.png	02514	02514_Web_SS_5.png	2
屡	U+5C61	U+5C61.png	02515	02515_Web_SS_5.png	2
屢	U+5C62	U+5C62.png	02516	02516_Web_SS_0.png	2
層	U+5C64	U+5C64.png	02517	02517_Web_SS_5.png	2
履	U+5C65	U+5C65.png	02518	02518_Web_SS_5.png	3
屨	U+5C68	U+5C68.png	02519	02519_Web_SS_5.png	1
屩	U+5C69	U+5C69.png	02520	02520_Web_SS_5.png	1
屬	U+5C6C	U+5C6C.png	02521	02521_Web_SS_0.png	2
屮	U+5C6E	U+5C6E.png	02522	02522_Web_SS_5.png	2
屯	U+5C6F	U+5C6F.png	02523	02523_Web_SS_5.png	1
屰	U+5C70	U+5C70.png	02524	02524_Web_SS_5.png	1
山	U+5C71	U+5C71.png	02525	02525_Web_SS_5.png	2
屵	U+5C75	U+5C75.png	02526	02526_Web_SS_5.png	1
屺	U+5C7A	U+5C7A.png	02527	02527_Web_SS_5.png	1
屾	U+5C7E	U+5C7E.png	02529	02529_Web_SS_5.png	1
屿	U+5C7F	U+5C7F.png	02530	02530_Web_SS_0.png	2
岁	U+5C81	U+5C81.png	02531	02531_Web_SS_5.png	2
岂	U+5C82	U+5C82.png	02532	02532_Web_SS_0.png	2
岊	U+5C8A	U+5C8A.png	02533	02533_Web_SS_5.png	1
岌	U+5C8C	U+5C8C.png	02534	02534_Web_SS_0.png	2
岐	U+5C90	U+5C90.png	02535	02535_Web_SS_5.png	1
岑	U+5C91	U+5C91.png	02536	02536_Web_SS_5.png	1
岚	U+5C9A	U+5C9A.png	02537	02537_Web_SS_5.png	2
岛	U+5C9B	U+5C9B.png	02538	02538_Web_SS_0.png	2
岡	U+5CA1	U+5CA1.png	02539	02539_Web_SS_0.png	2
岨	U+5CA8	U+5CA8.png	02541	02541_Web_SS_5.png	1
岩	U+5CA9	U+5CA9.png	02542	02542_Web_SS_5.png	1
岪	U+5CAA	U+5CAA.png	02543	02543_Web_SS_5.png	1
岫	U+5CAB	U+5CAB.png	02544	02544_Web_SS_5.png	1
岭	U+5CAD	U+5CAD.png	02545	02545_Web_SS_0.png	2
岱	U+5CB1	U+5CB1.png	02546	02546_Web_SS_5.png	1
岳	U+5CB3	U+5CB3.png	02547	02547_Web_SS_5.png	3
岵	U+5CB5	U+5CB5.png	02548	02548_Web_SS_5.png	1
岸	U+5CB8	U+5CB8.png	02549	02549_Web_SS_0.png	2
峋	U+5CCB	U+5CCB.png	02551	02551_Web_SS_5.png	1
峦	U+5CE6	U+5CE6.png	02553	02553_Web_SS_0.png	2
峨	U+5CE8	U+5CE8.png	02554	02554_Web_SS_5.png	1
峯	U+5CEF	U+5CEF.png	02555	02555_Web_SS_5.png	1
峰	U+5CF0	U+5CF0.png	02556	02556_Web_SS_5.png	2
島	U+5CF6	U+5CF6.png	02557	02557_Web_SS_0.png	2
峻	U+5CFB	U+5CFB.png	02558	02558_Web_SS_1.png	3
崇	U+5D07	U+5D07.png	02559	02559_Web_SS_0.png	2
崋	U+5D0B	U+5D0B.png	02560	02560_Web_SS_5.png	1
崎	U+5D0E	U+5D0E.png	02561	02561_Web_SS_5.png	1
崑	U+5D11	U+5D11.png	02562	02562_Web_SS_5.png	1
崒	U+5D12	U+5D12.png	02563	02563_Web_SS_5.png	1
崔	U+5D14	U+5D14.png	02564	02564_Web_SS_5.png	1
崖	U+5D16	U+5D16.png	02565	02565_Web_SS_5.png	2
崙	U+5D19	U+5D19.png	02566	02566_Web_SS_5.png	1
崛	U+5D1B	U+5D1B.png	02567	02567_Web_SS_5.png	1
崝	U+5D1D	U+5D1D.png	02568	02568_Web_SS_5.png	1
崞	U+5D1E	U+5D1E.png	02569	02569_Web_SS_5.png	1
崟	U+5D1F	U+5D1F.png	02570	02570_Web_SS_5.png	1
崩	U+5D29	U+5D29.png	02573	02573_Web_SS_0.png	3
崵	U+5D35	U+5D35.png	02574	02574_Web_SS_5.png	1
嵇	U+5D47	U+5D47.png	02575	02575_Web_SS_5.png	1
嵌	U+5D4C	U+5D4C.png	02576	02576_Web_SS_5.png	1
嵍	U+5D4D	U+5D4D.png	02577	02577_Web_SS_5.png	1
嵏	U+5D4F	U+5D4F.png	02578	02578_Web_SS_5.png	1
嵐	U+5D50	U+5D50.png	02579	02579_Web_SS_0.png	1
嵒	U+5D52	U+5D52.png	02580	02580_Web_SS_5.png	1
嵕	U+5D55	U+5D55.png	02581	02581_Web_SS_5.png	1
嵞	U+5D5E	U+5D5E.png	02583	02583_Web_SS_5.png	1
嵟	U+5D5F	U+5D5F.png	02584	02584_Web_SS_5.png	1
嵩	U+5D69	U+5D69.png	02585	02585_Web_SS_5.png	2
嵬	U+5D6C	U+5D6C.png	02586	02586_Web_SS_5.png	1
嵯	U+5D6F	U+5D6F.png	02587	02587_Web_SS_5.png	1
嶅	U+5D85	U+5D85.png	02589	02589_Web_SS_5.png	1
嶏	U+5D8F	U+5D8F.png	02590	02590_Web_SS_5.png	1
嶘	U+5D98	U+5D98.png	02592	02592_Web_SS_5.png	1
嶙	U+5D99	U+5D99.png	02593	02593_Web_SS_5.png	1
嶞	U+5D9E	U+5D9E.png	02594	02594_Web_SS_5.png	1
嶠	U+5DA0	U+5DA0.png	02595	02595_Web_SS_5.png	1
嶢	U+5DA2	U+5DA2.png	02596	02596_Web_SS_5.png	1
嶧	U+5DA7	U+5DA7.png	02597	02597_Web_SS_5.png	1
嶨	U+5DA8	U+5DA8.png	02598	02598_Web_SS_5.png	1
嶷	U+5DB7	U+5DB7.png	02600	02600_Web_SS_5.png	1
嶺	U+5DBA	U+5DBA.png	02601	02601_Web_SS_0.png	2
嶼	U+5DBC	U+5DBC.png	02602	02602_Web_SS_5.png	2
嶽	U+5DBD	U+5DBD.png	02603	02603_Web_SS_0.png	2
巀	U+5DC0	U+5DC0.png	02604	02604_Web_SS_5.png	1
巂	U+5DC2	U+5DC2.png	02605	02605_Web_SS_5.png	1
巍	U+5DCD	U+5DCD.png	02606	02606_Web_SS_0.png	2
巒	U+5DD2	U+5DD2.png	02607	02607_Web_SS_0.png	2
巖	U+5DD6	U+5DD6.png	02608	02608_Web_SS_5.png	2
巛	U+5DDB	U+5DDB.png	02609	02609_Web_SS_0.png	2
川	U+5DDD	U+5DDD.png	02610	02610_Web_SS_5.png	2
州	U+5DDE	U+5DDE.png	02611	02611_Web_SS_5.png	3
巟	U+5DDF	U+5DDF.png	02612	02612_Web_SS_5.png	1
巠	U+5DE0	U+5DE0.png	02613	02613_Web_SS_5.png	1
巡	U+5DE1	U+5DE1.png	02614	02614_Web_SS_5.png	2
巢	U+5DE2	U+5DE2.png	02615	02615_Web_SS_5.png	2
巤	U+5DE4	U+5DE4.png	02616	02616_Web_SS_5.png	1
工	U+5DE5	U+5DE5.png	02617	02617_Web_SS_0.png	3
左	U+5DE6	U+5DE6.png	02618	02618_Web_SS_0.png	2
巧	U+5DE7	U+5DE7.png	02619	02619_Web_SS_5.png	2
巨	U+5DE8	U+5DE8.png	02620	02620_Web_SS_5.png	4
巩	U+5DE9	U+5DE9.png	02621	02621_Web_SS_5.png	1
巫	U+5DEB	U+5DEB.png	02622	02622_Web_SS_0.png	3
差	U+5DEE	U+5DEE.png	02623	02623_Web_SS_5.png	3
己	U+5DF1	U+5DF1.png	02624	02624_Web_SS_5.png	3
已	U+5DF2	U+5DF2.png	02625	02625_Web_SS_0.png	2
巳	U+5DF3	U+5DF3.png	02626	02626_Web_SS_5.png	1
巴	U+5DF4	U+5DF4.png	02627	02627_Web_SS_0.png	2
巷	U+5DF7	U+5DF7.png	02628	02628_Web_SS_5.png	3
巸	U+5DF8	U+5DF8.png	02629	02629_Web_SS_5.png	1
巹	U+5DF9	U+5DF9.png	02630	02630_Web_SS_5.png	1
巺	U+5DFA	U+5DFA.png	02631	02631_Web_SS_5.png	1
巽	U+5DFD	U+5DFD.png	02632	02632_Web_SS_5.png	1
巾	U+5DFE	U+5DFE.png	02633	02633_Web_SS_5.png	2
巿	U+5DFF	U+5DFF.png	02634	02634_Web_SS_5.png	1
帀	U+5E00	U+5E00.png	02635	02635_Web_SS_5.png	1
币	U+5E01	U+5E01.png	02636	02636_Web_SS_5.png	2
市	U+5E02	U+5E02.png	02637	02637_Web_SS_0.png	2
布	U+5E03	U+5E03.png	02638	02638_Web_SS_0.png	2
帅	U+5E05	U+5E05.png	02639	02639_Web_SS_0.png	3
师	U+5E08	U+5E08.png	02640	02640_Web_SS_5.png	2
帊	U+5E0A	U+5E0A.png	02641	02641_Web_SS_5.png	1
希	U+5E0C	U+5E0C.png	02642	02642_Web_SS_5.png	1
帐	U+5E10	U+5E10.png	02643	02643_Web_SS_0.png	2
帑	U+5E11	U+5E11.png	02644	02644_Web_SS_5.png	1
帒	U+5E12	U+5E12.png	02645	02645_Web_SS_5.png	1
帔	U+5E14	U+5E14.png	02646	02646_Web_SS_5.png	1
帖	U+5E16	U+5E16.png	02647	02647_Web_SS_5.png	2
帗	U+5E17	U+5E17.png	02648	02648_Web_SS_5.png	1
帘	U+5E18	U+5E18.png	02649	02649_Web_SS_5.png	2
帙	U+5E19	U+5E19.png	02650	02650_Web_SS_5.png	1
帚	U+5E1A	U+5E1A.png	02651	02651_Web_SS_0.png	2
帛	U+5E1B	U+5E1B.png	02652	02652_Web_SS_5.png	1
帝	U+5E1D	U+5E1D.png	02653	02653_Web_SS_5.png	3
帟	U+5E1F	U+5E1F.png	02654	02654_Web_SS_5.png	1
帤	U+5E24	U+5E24.png	02655	02655_Web_SS_5.png	1
帥	U+5E25	U+5E25.png	02656	02656_Web_SS_0.png	2
带	U+5E26	U+5E26.png	02657	02657_Web_SS_0.png	2
帨	U+5E28	U+5E28.png	02658	02658_Web_SS_5.png	1
師	U+5E2B	U+5E2B.png	02659	02659_Web_SS_5.png	2
帬	U+5E2C	U+5E2C.png	02660	02660_Web_SS_5.png	1
席	U+5E2D	U+5E2D.png	02661	02661_Web_SS_0.png	3
帳	U+5E33	U+5E33.png	02662	02662_Web_SS_0.png	2
帴	U+5E34	U+5E34.png	02663	02663_Web_SS_5.png	1
帶	U+5E36	U+5E36.png	02664	02664_Web_SS_5.png	2
帷	U+5E37	U+5E37.png	02665	02665_Web_SS_5.png	1
常	U+5E38	U+5E38.png	02666	02666_Web_SS_0.png	3
帽	U+5E3D	U+5E3D.png	02667	02667_Web_SS_5.png	2
幃	U+5E43	U+5E43.png	02668	02668_Web_SS_5.png	1
幅	U+5E45	U+5E45.png	02669	02669_Web_SS_0.png	2
幋	U+5E4B	U+5E4B.png	02670	02670_Web_SS_5.png	1
幎	U+5E4E	U+5E4E.png	02671	02671_Web_SS_5.png	1
幏	U+5E4F	U+5E4F.png	02672	02672_Web_SS_5.png	1
幐	U+5E50	U+5E50.png	02673	02673_Web_SS_5.png	1
幑	U+5E51	U+5E51.png	02674	02674_Web_SS_5.png	1
幔	U+5E54	U+5E54.png	02675	02675_Web_SS_5.png	1
幕	U+5E55	U+5E55.png	02676	02676_Web_SS_0.png	2
幗	U+5E57	U+5E57.png	02677	02677_Web_SS_5.png	1
幘	U+5E58	U+5E58.png	02678	02678_Web_SS_5.png	1
幝	U+5E5D	U+5E5D.png	02679	02679_Web_SS_5.png	1
幞	U+5E5E	U+5E5E.png	02680	02680_Web_SS_5.png	1
幟	U+5E5F	U+5E5F.png	02681	02681_Web_SS_5.png	1
幠	U+5E60	U+5E60.png	02682	02682_Web_SS_5.png	1
幡	U+5E61	U+5E61.png	02683	02683_Web_SS_5.png	1
幢	U+5E62	U+5E62.png	02684	02684_Web_SS_0.png	2
幣	U+5E63	U+5E63.png	02685	02685_Web_SS_5.png	2
幦	U+5E66	U+5E66.png	02686	02686_Web_SS_5.png	1
幧	U+5E67	U+5E67.png	02687	02687_Web_SS_5.png	1
幩	U+5E69	U+5E69.png	02689	02689_Web_SS_5.png	1
幭	U+5E6D	U+5E6D.png	02691	02691_Web_SS_5.png	1
幰	U+5E70	U+5E70.png	02692	02692_Web_SS_5.png	1
干	U+5E72	U+5E72.png	02693	02693_Web_SS_5.png	2
平	U+5E73	U+5E73.png	02694	02694_Web_SS_0.png	3
年	U+5E74	U+5E74.png	02695	02695_Web_SS_0.png	2
幵	U+5E75	U+5E75.png	02696	02696_Web_SS_5.png	1
并	U+5E76	U+5E76.png	02697	02697_Web_SS_5.png	2
幷	U+5E77	U+5E77.png	02698	02698_Web_SS_5.png	1
幸	U+5E78	U+5E78.png	02699	02699_Web_SS_0.png	2
幹	U+5E79	U+5E79.png	02700	02700_Web_SS_0.png	1
幺	U+5E7A	U+5E7A.png	02701	02701_Web_SS_0.png	2
幻	U+5E7B	U+5E7B.png	02702	02702_Web_SS_0.png	2
幼	U+5E7C	U+5E7C.png	02703	02703_Web_SS_0.png	2
幽	U+5E7D	U+5E7D.png	02704	02704_Web_SS_0.png	2
幾	U+5E7E	U+5E7E.png	02705	02705_Web_SS_0.png	1
广	U+5E7F	U+5E7F.png	02706	02706_Web_SS_0.png	2
庄	U+5E84	U+5E84.png	02707	02707_Web_SS_5.png	3
庆	U+5E86	U+5E86.png	02708	02708_Web_SS_0.png	2
庇	U+5E87	U+5E87.png	02709	02709_Web_SS_5.png	2
庉	U+5E89	U+5E89.png	02710	02710_Web_SS_5.png	1
床	U+5E8A	U+5E8A.png	02711	02711_Web_SS_0.png	2
庌	U+5E8C	U+5E8C.png	02712	02712_Web_SS_5.png	1
序	U+5E8F	U+5E8F.png	02715	02715_Web_SS_0.png	2
庐	U+5E90	U+5E90.png	02716	02716_Web_SS_0.png	2
库	U+5E93	U+5E93.png	02717	02717_Web_SS_0.png	2
应	U+5E94	U+5E94.png	02718	02718_Web_SS_0.png	3
底	U+5E95	U+5E95.png	02719	02719_Web_SS_5.png	2
庖	U+5E96	U+5E96.png	02720	02720_Web_SS_5.png	1
店	U+5E97	U+5E97.png	02721	02721_Web_SS_0.png	2
庙	U+5E99	U+5E99.png	02722	02722_Web_SS_5.png	3
庚	U+5E9A	U+5E9A.png	02723	02723_Web_SS_0.png	2
府	U+5E9C	U+5E9C.png	02725	02725_Web_SS_0.png	2
庞	U+5E9E	U+5E9E.png	02726	02726_Web_SS_0.png	2
废	U+5E9F	U+5E9F.png	02727	02727_Web_SS_0.png	2
庠	U+5EA0	U+5EA0.png	02728	02728_Web_SS_5.png	1
庢	U+5EA2	U+5EA2.png	02729	02729_Web_SS_5.png	1
庤	U+5EA4	U+5EA4.png	02730	02730_Web_SS_5.png	1
庥	U+5EA5	U+5EA5.png	02731	02731_Web_SS_5.png	1
度	U+5EA6	U+5EA6.png	02732	02732_Web_SS_5.png	2
庪	U+5EAA	U+5EAA.png	02733	02733_Web_SS_5.png	1
庫	U+5EAB	U+5EAB.png	02734	02734_Web_SS_0.png	2
庭	U+5EAD	U+5EAD.png	02735	02735_Web_SS_0.png	2
庮	U+5EAE	U+5EAE.png	02736	02736_Web_SS_5.png	1
庰	U+5EB0	U+5EB0.png	02737	02737_Web_SS_5.png	1
庱	U+5EB1	U+5EB1.png	02738	02738_Web_SS_5.png	1
庳	U+5EB3	U+5EB3.png	02739	02739_Web_SS_5.png	1
庶	U+5EB6	U+5EB6.png	02741	02741_Web_SS_5.png	1
康	U+5EB7	U+5EB7.png	02742	02742_Web_SS_1.png	3
庸	U+5EB8	U+5EB8.png	02743	02743_Web_SS_0.png	2
庾	U+5EBE	U+5EBE.png	02744	02744_Web_SS_5.png	1
廁	U+5EC1	U+5EC1.png	02745	02745_Web_SS_0.png	2
廂	U+5EC2	U+5EC2.png	02746	02746_Web_SS_5.png	2
廄	U+5EC4	U+5EC4.png	02747	02747_Web_SS_5.png	1
廇	U+5EC7	U+5EC7.png	02748	02748_Web_SS_5.png	1
廈	U+5EC8	U+5EC8.png	02749	02749_Web_SS_5.png	2
廉	U+5EC9	U+5EC9.png	02750	02750_Web_SS_0.png	2
廊	U+5ECA	U+5ECA.png	02751	02751_Web_SS_0.png	2
廌	U+5ECC	U+5ECC.png	02752	02752_Web_SS_5.png	1
廎	U+5ECE	U+5ECE.png	02753	02753_Web_SS_5.png	1
廏	U+5ECF	U+5ECF.png	02754	02754_Web_SS_5.png	1
廑	U+5ED1	U+5ED1.png	02755	02755_Web_SS_5.png	1
廓	U+5ED3	U+5ED3.png	02756	02756_Web_SS_5.png	1
廖	U+5ED6	U+5ED6.png	02758	02758_Web_SS_5.png	2
廙	U+5ED9	U+5ED9.png	02759	02759_Web_SS_5.png	1
廚	U+5EDA	U+5EDA.png	02760	02760_Web_SS_5.png	2
廛	U+5EDB	U+5EDB.png	02761	02761_Web_SS_5.png	1
廞	U+5EDE	U+5EDE.png	02762	02762_Web_SS_5.png	1
廟	U+5EDF	U+5EDF.png	02763	02763_Web_SS_5.png	3
廡	U+5EE1	U+5EE1.png	02764	02764_Web_SS_5.png	1
廢	U+5EE2	U+5EE2.png	02765	02765_Web_SS_0.png	2
廣	U+5EE3	U+5EE3.png	02766	02766_Web_SS_0.png	2
廥	U+5EE5	U+5EE5.png	02767	02767_Web_SS_5.png	1
廦	U+5EE6	U+5EE6.png	02768	02768_Web_SS_5.png	1
廫	U+5EEB	U+5EEB.png	02770	02770_Web_SS_5.png	1
廬	U+5EEC	U+5EEC.png	02771	02771_Web_SS_0.png	2
廮	U+5EEE	U+5EEE.png	02772	02772_Web_SS_5.png	1
廱	U+5EF1	U+5EF1.png	02773	02773_Web_SS_5.png	1
廴	U+5EF4	U+5EF4.png	02775	02775_Web_SS_5.png	2
延	U+5EF6	U+5EF6.png	02776	02776_Web_SS_5.png	2
廷	U+5EF7	U+5EF7.png	02777	02777_Web_SS_5.png	2
建	U+5EFA	U+5EFA.png	02778	02778_Web_SS_5.png	2
廾	U+5EFE	U+5EFE.png	02779	02779_Web_SS_0.png	3
廿	U+5EFF	U+5EFF.png	02780	02780_Web_SS_5.png	1
开	U+5F00	U+5F00.png	02781	02781_Web_SS_0.png	3
弁	U+5F01	U+5F01.png	02782	02782_Web_SS_5.png	1
异	U+5F02	U+5F02.png	02783	02783_Web_SS_5.png	2
弃	U+5F03	U+5F03.png	02784	02784_Web_SS_5.png	4
弄	U+5F04	U+5F04.png	02785	02785_Web_SS_5.png	2
弇	U+5F07	U+5F07.png	02786	02786_Web_SS_5.png	1
弈	U+5F08	U+5F08.png	02787	02787_Web_SS_5.png	1
弊	U+5F0A	U+5F0A.png	02788	02788_Web_SS_0.png	2
弋	U+5F0B	U+5F0B.png	02789	02789_Web_SS_5.png	2
式	U+5F0F	U+5F0F.png	02790	02790_Web_SS_5.png	2
弒	U+5F12	U+5F12.png	02791	02791_Web_SS_0.png	2
弓	U+5F13	U+5F13.png	02792	02792_Web_SS_0.png	2
弔	U+5F14	U+5F14.png	02793	02793_Web_SS_0.png	2
引	U+5F15	U+5F15.png	02794	02794_Web_SS_5.png	2
弗	U+5F17	U+5F17.png	02795	02795_Web_SS_0.png	2
弘	U+5F18	U+5F18.png	02796	02796_Web_SS_5.png	1
弙	U+5F19	U+5F19.png	02797	02797_Web_SS_5.png	1
弛	U+5F1B	U+5F1B.png	02798	02798_Web_SS_0.png	3
弜	U+5F1C	U+5F1C.png	02799	02799_Web_SS_5.png	1
弞	U+5F1E	U+5F1E.png	02800	02800_Web_SS_5.png	1
弟	U+5F1F	U+5F1F.png	02801	02801_Web_SS_0.png	3
张	U+5F20	U+5F20.png	02802	02802_Web_SS_5.png	2
弥	U+5F25	U+5F25.png	02803	02803_Web_SS_5.png	2
弦	U+5F26	U+5F26.png	02804	02804_Web_SS_0.png	2
弧	U+5F27	U+5F27.png	02805	02805_Web_SS_0.png	2
弨	U+5F28	U+5F28.png	02806	02806_Web_SS_5.png	1
弩	U+5F29	U+5F29.png	02807	02807_Web_SS_5.png	1
弭	U+5F2D	U+5F2D.png	02808	02808_Web_SS_0.png	3
弯	U+5F2F	U+5F2F.png	02809	02809_Web_SS_5.png	2
弱	U+5F31	U+5F31.png	02810	02810_Web_SS_5.png	2
弲	U+5F32	U+5F32.png	02811	02811_Web_SS_5.png	1
弴	U+5F34	U+5F34.png	02813	02813_Web_SS_5.png	1
張	U+5F35	U+5F35.png	02814	02814_Web_SS_0.png	1
強	U+5F37	U+5F37.png	02815	02815_Web_SS_0.png	2
弸	U+5F38	U+5F38.png	02816	02816_Web_SS_5.png	1
弹	U+5F39	U+5F39.png	02817	02817_Web_SS_5.png	3
强	U+5F3A	U+5F3A.png	02818	02818_Web_SS_5.png	3
弼	U+5F3C	U+5F3C.png	02819	02819_Web_SS_5.png	1
彀	U+5F40	U+5F40.png	02820	02820_Web_SS_5.png	1
彃	U+5F43	U+5F43.png	02821	02821_Web_SS_5.png	1
彄	U+5F44	U+5F44.png	02822	02822_Web_SS_5.png	1
彈	U+5F48	U+5F48.png	02823	02823_Web_SS_0.png	2
彉	U+5F49	U+5F49.png	02824	02824_Web_SS_5.png	1
彌	U+5F4C	U+5F4C.png	02826	02826_Web_SS_0.png	1
彎	U+5F4E	U+5F4E.png	02827	02827_Web_SS_5.png	2
彏	U+5F4F	U+5F4F.png	02828	02828_Web_SS_5.png	1
彐	U+5F50	U+5F50.png	02829	02829_Web_SS_0.png	2
彑	U+5F51	U+5F51.png	02830	02830_Web_SS_5.png	1
归	U+5F52	U+5F52.png	02831	02831_Web_SS_0.png	3
当	U+5F53	U+5F53.png	02832	02832_Web_SS_0.png	2
彔	U+5F54	U+5F54.png	02833	02833_Web_SS_5.png	1
录	U+5F55	U+5F55.png	02834	02834_Web_SS_5.png	2
彖	U+5F56	U+5F56.png	02835	02835_Web_SS_5.png	1
彗	U+5F57	U+5F57.png	02836	02836_Web_SS_0.png	4
彘	U+5F58	U+5F58.png	02837	02837_Web_SS_5.png	1
彙	U+5F59	U+5F59.png	02838	02838_Web_SS_0.png	3
彝	U+5F5D	U+5F5D.png	02839	02839_Web_SS_5.png	1
彡	U+5F61	U+5F61.png	02841	02841_Web_SS_0.png	2
形	U+5F62	U+5F62.png	02842	02842_Web_SS_0.png	2
彣	U+5F63	U+5F63.png	02843	02843_Web_SS_5.png	1
彤	U+5F64	U+5F64.png	02844	02844_Web_SS_5.png	1
彥	U+5F65	U+5F65.png	02845	02845_Web_SS_0.png	2
彦	U+5F66	U+5F66.png	02846	02846_Web_SS_5.png	2
彩	U+5F69	U+5F69.png	02847	02847_Web_SS_5.png	2
彪	U+5F6A	U+5F6A.png	02848	02848_Web_SS_5.png	2
彫	U+5F6B	U+5F6B.png	02849	02849_Web_SS_5.png	1
彬	U+5F6C	U+5F6C.png	02850	02850_Web_SS_5.png	3
彭	U+5F6D	U+5F6D.png	02851	02851_Web_SS_0.png	2
彰	U+5F70	U+5F70.png	02852	02852_Web_SS_0.png	2
彳	U+5F73	U+5F73.png	02853	02853_Web_SS_0.png	2
彶	U+5F76	U+5F76.png	02854	02854_Web_SS_5.png	1
彷	U+5F77	U+5F77.png	02855	02855_Web_SS_5.png	1
役	U+5F79	U+5F79.png	02856	02856_Web_SS_5.png	3
彻	U+5F7B	U+5F7B.png	02857	02857_Web_SS_5.png	3
彼	U+5F7C	U+5F7C.png	02858	02858_Web_SS_5.png	2
往	U+5F80	U+5F80.png	02859	02859_Web_SS_0.png	3
征	U+5F81	U+5F81.png	02860	02860_Web_SS_5.png	3
徂	U+5F82	U+5F82.png	02861	02861_Web_SS_5.png	1
径	U+5F84	U+5F84.png	02862	02862_Web_SS_0.png	2
待	U+5F85	U+5F85.png	02863	02863_Web_SS_0.png	2
很	U+5F88	U+5F88.png	02864	02864_Web_SS_5.png	2
徉	U+5F89	U+5F89.png	02865	02865_Web_SS_5.png	1
律	U+5F8B	U+5F8B.png	02866	02866_Web_SS_0.png	2
後	U+5F8C	U+5F8C.png	02867	02867_Web_SS_0.png	3
徎	U+5F8E	U+5F8E.png	02868	02868_Web_SS_5.png	1
徐	U+5F90	U+5F90.png	02869	02869_Web_SS_0.png	2
徑	U+5F91	U+5F91.png	02870	02870_Web_SS_0.png	2
徒	U+5F92	U+5F92.png	02871	02871_Web_SS_0.png	2
得	U+5F97	U+5F97.png	02872	02872_Web_SS_0.png	3
徙	U+5F99	U+5F99.png	02873	02873_Web_SS_1.png	4
徛	U+5F9B	U+5F9B.png	02874	02874_Web_SS_5.png	1
從	U+5F9E	U+5F9E.png	02876	02876_Web_SS_0.png	2
御	U+5FA1	U+5FA1.png	02878	02878_Web_SS_5.png	3
徥	U+5FA5	U+5FA5.png	02879	02879_Web_SS_5.png	1
徦	U+5FA6	U+5FA6.png	02880	02880_Web_SS_5.png	1
徧	U+5FA7	U+5FA7.png	02881	02881_Web_SS_5.png	1
復	U+5FA9	U+5FA9.png	02882	02882_Web_SS_0.png	1
循	U+5FAA	U+5FAA.png	02883	02883_Web_SS_5.png	2
徬	U+5FAC	U+5FAC.png	02884	02884_Web_SS_5.png	1
微	U+5FAE	U+5FAE.png	02885	02885_Web_SS_0.png	3
徯	U+5FAF	U+5FAF.png	02886	02886_Web_SS_5.png	1
徲	U+5FB2	U+5FB2.png	02887	02887_Web_SS_5.png	1
徵	U+5FB5	U+5FB5.png	02888	02888_Web_SS_0.png	3
德	U+5FB7	U+5FB7.png	02889	02889_Web_SS_0.png	2
徹	U+5FB9	U+5FB9.png	02890	02890_Web_SS_5.png	3
徼	U+5FBC	U+5FBC.png	02892	02892_Web_SS_5.png	1
徽	U+5FBD	U+5FBD.png	02893	02893_Web_SS_5.png	1
忂	U+5FC2	U+5FC2.png	02894	02894_Web_SS_5.png	1
心	U+5FC3	U+5FC3.png	02895	02895_Web_SS_5.png	2
忄	U+5FC4	U+5FC4.png	02896	02896_Web_SS_5.png	1
必	U+5FC5	U+5FC5.png	02897	02897_Web_SS_0.png	2
忌	U+5FCC	U+5FCC.png	02898	02898_Web_SS_5.png	2
忍	U+5FCD	U+5FCD.png	02899	02899_Web_SS_0.png	2
忑	U+5FD1	U+5FD1.png	02901	02901_Web_SS_5.png	1
忒	U+5FD2	U+5FD2.png	02902	02902_Web_SS_5.png	1
忓	U+5FD3	U+5FD3.png	02903	02903_Web_SS_5.png	1
忖	U+5FD6	U+5FD6.png	02905	02905_Web_SS_5.png	1
志	U+5FD7	U+5FD7.png	02906	02906_Web_SS_0.png	2
忘	U+5FD8	U+5FD8.png	02907	02907_Web_SS_5.png	2
忝	U+5FDD	U+5FDD.png	02908	02908_Web_SS_5.png	1
忞	U+5FDE	U+5FDE.png	02909	02909_Web_SS_5.png	1
忠	U+5FE0	U+5FE0.png	02910	02910_Web_SS_5.png	2
忡	U+5FE1	U+5FE1.png	02911	02911_Web_SS_5.png	1
忥	U+5FE5	U+5FE5.png	02913	02913_Web_SS_5.png	1
忦	U+5FE6	U+5FE6.png	02914	02914_Web_SS_5.png	1
忧	U+5FE7	U+5FE7.png	02915	02915_Web_SS_5.png	3
忨	U+5FE8	U+5FE8.png	02916	02916_Web_SS_5.png	1
快	U+5FEB	U+5FEB.png	02917	02917_Web_SS_5.png	2
忮	U+5FEE	U+5FEE.png	02918	02918_Web_SS_5.png	1
忯	U+5FEF	U+5FEF.png	02919	02919_Web_SS_5.png	1
忱	U+5FF1	U+5FF1.png	02920	02920_Web_SS_0.png	2
念	U+5FF5	U+5FF5.png	02922	02922_Web_SS_0.png	2
忻	U+5FFB	U+5FFB.png	02923	02923_Web_SS_5.png	1
忼	U+5FFC	U+5FFC.png	02924	02924_Web_SS_5.png	1
忽	U+5FFD	U+5FFD.png	02925	02925_Web_SS_5.png	2
忿	U+5FFF	U+5FFF.png	02926	02926_Web_SS_5.png	1
怀	U+6000	U+6000.png	02927	02927_Web_SS_0.png	2
态	U+6001	U+6001.png	02928	02928_Web_SS_5.png	3
怊	U+600A	U+600A.png	02929	02929_Web_SS_5.png	1
怋	U+600B	U+600B.png	02930	02930_Web_SS_5.png	1
怍	U+600D	U+600D.png	02931	02931_Web_SS_5.png	1
怏	U+600F	U+600F.png	02932	02932_Web_SS_0.png	2
怒	U+6012	U+6012.png	02933	02933_Web_SS_0.png	2
怓	U+6013	U+6013.png	02934	02934_Web_SS_5.png	1
怕	U+6015	U+6015.png	02935	02935_Web_SS_0.png	2
怖	U+6016	U+6016.png	02936	02936_Web_SS_1.png	3
怙	U+6019	U+6019.png	02937	02937_Web_SS_5.png	1
怚	U+601A	U+601A.png	02938	02938_Web_SS_5.png	1
怛	U+601B	U+601B.png	02939	02939_Web_SS_5.png	1
怜	U+601C	U+601C.png	02940	02940_Web_SS_0.png	2
思	U+601D	U+601D.png	02941	02941_Web_SS_0.png	2
怞	U+601E	U+601E.png	02942	02942_Web_SS_5.png	1
怠	U+6020	U+6020.png	02943	02943_Web_SS_5.png	1
怡	U+6021	U+6021.png	02944	02944_Web_SS_0.png	2
怤	U+6024	U+6024.png	02945	02945_Web_SS_5.png	1
急	U+6025	U+6025.png	02946	02946_Web_SS_0.png	2
性	U+6027	U+6027.png	02947	02947_Web_SS_5.png	2
怨	U+6028	U+6028.png	02948	02948_Web_SS_5.png	3
怩	U+6029	U+6029.png	02949	02949_Web_SS_5.png	1
怪	U+602A	U+602A.png	02950	02950_Web_SS_5.png	2
怫	U+602B	U+602B.png	02951	02951_Web_SS_5.png	1
怮	U+602E	U+602E.png	02953	02953_Web_SS_5.png	1
怯	U+602F	U+602F.png	02954	02954_Web_SS_1.png	3
怲	U+6032	U+6032.png	02956	02956_Web_SS_5.png	1
怳	U+6033	U+6033.png	02957	02957_Web_SS_5.png	1
怵	U+6035	U+6035.png	02959	02959_Web_SS_5.png	1
总	U+603B	U+603B.png	02960	02960_Web_SS_0.png	2
恁	U+6041	U+6041.png	02963	02963_Web_SS_5.png	1
恂	U+6042	U+6042.png	02964	02964_Web_SS_5.png	1
恃	U+6043	U+6043.png	02965	02965_Web_SS_5.png	1
恆	U+6046	U+6046.png	02966	02966_Web_SS_0.png	2
恉	U+6049	U+6049.png	02967	02967_Web_SS_5.png	1
恊	U+604A	U+604A.png	02968	02968_Web_SS_5.png	1
恋	U+604B	U+604B.png	02969	02969_Web_SS_5.png	1
恐	U+6050	U+6050.png	02970	02970_Web_SS_5.png	3
恑	U+6051	U+6051.png	02971	02971_Web_SS_5.png	1
恒	U+6052	U+6052.png	02972	02972_Web_SS_5.png	2
恔	U+6054	U+6054.png	02973	02973_Web_SS_5.png	1
恕	U+6055	U+6055.png	02974	02974_Web_SS_5.png	3
恙	U+6059	U+6059.png	02976	02976_Web_SS_5.png	1
恚	U+605A	U+605A.png	02977	02977_Web_SS_5.png	1
恢	U+6062	U+6062.png	02978	02978_Web_SS_0.png	2
恣	U+6063	U+6063.png	02979	02979_Web_SS_5.png	1
恤	U+6064	U+6064.png	02980	02980_Web_SS_5.png	3
恥	U+6065	U+6065.png	02981	02981_Web_SS_0.png	2
恧	U+6067	U+6067.png	02982	02982_Web_SS_5.png	1
恨	U+6068	U+6068.png	02983	02983_Web_SS_0.png	2
恩	U+6069	U+6069.png	02984	02984_Web_SS_0.png	2
恫	U+606B	U+606B.png	02986	02986_Web_SS_5.png	1
恬	U+606C	U+606C.png	02987	02987_Web_SS_5.png	1
恭	U+606D	U+606D.png	02988	02988_Web_SS_5.png	2
恮	U+606E	U+606E.png	02989	02989_Web_SS_5.png	1
息	U+606F	U+606F.png	02990	02990_Web_SS_0.png	2
恰	U+6070	U+6070.png	02991	02991_Web_SS_0.png	2
恳	U+6073	U+6073.png	02992	02992_Web_SS_5.png	3
恶	U+6076	U+6076.png	02993	02993_Web_SS_0.png	2
恻	U+607B	U+607B.png	02995	02995_Web_SS_0.png	2
恿	U+607F	U+607F.png	02996	02996_Web_SS_5.png	1
悁	U+6081	U+6081.png	02997	02997_Web_SS_5.png	1
悃	U+6083	U+6083.png	02998	02998_Web_SS_5.png	1
悄	U+6084	U+6084.png	02999	02999_Web_SS_0.png	2
悆	U+6086	U+6086.png	03001	03001_Web_SS_5.png	1
悈	U+6088	U+6088.png	03002	03002_Web_SS_5.png	1
悉	U+6089	U+6089.png	03003	03003_Web_SS_5.png	3
悊	U+608A	U+608A.png	03004	03004_Web_SS_5.png	1
悌	U+608C	U+608C.png	03005	03005_Web_SS_5.png	1
悍	U+608D	U+608D.png	03006	03006_Web_SS_0.png	2
悐	U+6090	U+6090.png	03007	03007_Web_SS_5.png	1
悑	U+6091	U+6091.png	03008	03008_Web_SS_5.png	1
悒	U+6092	U+6092.png	03009	03009_Web_SS_5.png	1
悔	U+6094	U+6094.png	03010	03010_Web_SS_0.png	2
悖	U+6096	U+6096.png	03011	03011_Web_SS_5.png	1
悛	U+609B	U+609B.png	03014	03014_Web_SS_5.png	1
悝	U+609D	U+609D.png	03015	03015_Web_SS_5.png	1
悟	U+609F	U+609F.png	03016	03016_Web_SS_0.png	3
悠	U+60A0	U+60A0.png	03017	03017_Web_SS_0.png	2
患	U+60A3	U+60A3.png	03018	03018_Web_SS_5.png	4
悤	U+60A4	U+60A4.png	03019	03019_Web_SS_5.png	1
悦	U+60A6	U+60A6.png	03020	03020_Web_SS_5.png	1
悬	U+60AC	U+60AC.png	03022	03022_Web_SS_5.png	2
悰	U+60B0	U+60B0.png	03023	03023_Web_SS_5.png	1
悱	U+60B1	U+60B1.png	03024	03024_Web_SS_5.png	1
悲	U+60B2	U+60B2.png	03025	03025_Web_SS_0.png	2
悴	U+60B4	U+60B4.png	03027	03027_Web_SS_5.png	1
悵	U+60B5	U+60B5.png	03028	03028_Web_SS_5.png	1
悶	U+60B6	U+60B6.png	03029	03029_Web_SS_0.png	2
悸	U+60B8	U+60B8.png	03030	03030_Web_SS_5.png	1
悹	U+60B9	U+60B9.png	03031	03031_Web_SS_5.png	1
悼	U+60BC	U+60BC.png	03032	03032_Web_SS_5.png	2
悽	U+60BD	U+60BD.png	03033	03033_Web_SS_5.png	1
惀	U+60C0	U+60C0.png	03034	03034_Web_SS_5.png	1
惂	U+60C2	U+60C2.png	03035	03035_Web_SS_5.png	1
惄	U+60C4	U+60C4.png	03037	03037_Web_SS_5.png	1
情	U+60C5	U+60C5.png	03038	03038_Web_SS_0.png	2
惆	U+60C6	U+60C6.png	03039	03039_Web_SS_5.png	1
惉	U+60C9	U+60C9.png	03041	03041_Web_SS_5.png	1
惊	U+60CA	U+60CA.png	03042	03042_Web_SS_5.png	2
惌	U+60CC	U+60CC.png	03043	03043_Web_SS_5.png	1
惎	U+60CE	U+60CE.png	03044	03044_Web_SS_5.png	1
惏	U+60CF	U+60CF.png	03045	03045_Web_SS_5.png	1
惑	U+60D1	U+60D1.png	03046	03046_Web_SS_0.png	2
惔	U+60D4	U+60D4.png	03047	03047_Web_SS_5.png	1
惕	U+60D5	U+60D5.png	03048	03048_Web_SS_0.png	3
惜	U+60DC	U+60DC.png	03051	03051_Web_SS_0.png	2
惝	U+60DD	U+60DD.png	03052	03052_Web_SS_5.png	1
惟	U+60DF	U+60DF.png	03053	03053_Web_SS_0.png	2
惠	U+60E0	U+60E0.png	03054	03054_Web_SS_5.png	3
惡	U+60E1	U+60E1.png	03055	03055_Web_SS_0.png	1
惢	U+60E2	U+60E2.png	03056	03056_Web_SS_5.png	1
惧	U+60E7	U+60E7.png	03059	03059_Web_SS_0.png	3
惨	U+60E8	U+60E8.png	03060	03060_Web_SS_0.png	2
惩	U+60E9	U+60E9.png	03061	03061_Web_SS_0.png	2
惭	U+60ED	U+60ED.png	03063	03063_Web_SS_0.png	2
惰	U+60F0	U+60F0.png	03064	03064_Web_SS_1.png	4
惲	U+60F2	U+60F2.png	03065	03065_Web_SS_5.png	1
想	U+60F3	U+60F3.png	03066	03066_Web_SS_0.png	2
惴	U+60F4	U+60F4.png	03067	03067_Web_SS_5.png	1
惶	U+60F6	U+60F6.png	03068	03068_Web_SS_5.png	2
惷	U+60F7	U+60F7.png	03069	03069_Web_SS_5.png	1
惹	U+60F9	U+60F9.png	03070	03070_Web_SS_5.png	2
惻	U+60FB	U+60FB.png	03071	03071_Web_SS_0.png	2
愁	U+6101	U+6101.png	03072	03072_Web_SS_0.png	2
愃	U+6103	U+6103.png	03073	03073_Web_SS_5.png	1
愆	U+6106	U+6106.png	03075	03075_Web_SS_5.png	1
愈	U+6108	U+6108.png	03076	03076_Web_SS_5.png	1
愉	U+6109	U+6109.png	03077	03077_Web_SS_5.png	2
愊	U+610A	U+610A.png	03078	03078_Web_SS_5.png	1
愍	U+610D	U+610D.png	03080	03080_Web_SS_5.png	1
意	U+610F	U+610F.png	03081	03081_Web_SS_5.png	2
愐	U+6110	U+6110.png	03082	03082_Web_SS_5.png	1
愙	U+6119	U+6119.png	03085	03085_Web_SS_5.png	1
愚	U+611A	U+611A.png	03086	03086_Web_SS_0.png	2
愛	U+611B	U+611B.png	03087	03087_Web_SS_1.png	4
感	U+611F	U+611F.png	03088	03088_Web_SS_0.png	2
愠	U+6120	U+6120.png	03089	03089_Web_SS_5.png	1
愤	U+6124	U+6124.png	03090	03090_Web_SS_0.png	2
愧	U+6127	U+6127.png	03091	03091_Web_SS_1.png	3
愨	U+6128	U+6128.png	03092	03092_Web_SS_5.png	1
愪	U+612A	U+612A.png	03093	03093_Web_SS_5.png	1
愬	U+612C	U+612C.png	03094	03094_Web_SS_5.png	1
愯	U+612F	U+612F.png	03095	03095_Web_SS_5.png	1
愴	U+6134	U+6134.png	03097	03097_Web_SS_5.png	1
愵	U+6135	U+6135.png	03098	03098_Web_SS_5.png	1
愷	U+6137	U+6137.png	03099	03099_Web_SS_5.png	1
愻	U+613B	U+613B.png	03100	03100_Web_SS_5.png	1
愿	U+613F	U+613F.png	03101	03101_Web_SS_0.png	3
慁	U+6141	U+6141.png	03102	03102_Web_SS_5.png	1
慅	U+6145	U+6145.png	03103	03103_Web_SS_5.png	1
慆	U+6146	U+6146.png	03104	03104_Web_SS_5.png	1
慇	U+6147	U+6147.png	03105	03105_Web_SS_5.png	1
慈	U+6148	U+6148.png	03106	03106_Web_SS_0.png	2
慉	U+6149	U+6149.png	03107	03107_Web_SS_5.png	1
慊	U+614A	U+614A.png	03108	03108_Web_SS_5.png	1
態	U+614B	U+614B.png	03109	03109_Web_SS_5.png	3
慎	U+614E	U+614E.png	03111	03111_Web_SS_0.png	3
慒	U+6152	U+6152.png	03112	03112_Web_SS_5.png	1
慓	U+6153	U+6153.png	03113	03113_Web_SS_5.png	1
慔	U+6154	U+6154.png	03114	03114_Web_SS_5.png	1
慕	U+6155	U+6155.png	03115	03115_Web_SS_0.png	2
慘	U+6158	U+6158.png	03117	03117_Web_SS_0.png	2
慙	U+6159	U+6159.png	03118	03118_Web_SS_5.png	1
慚	U+615A	U+615A.png	03119	03119_Web_SS_0.png	2
慟	U+615F	U+615F.png	03121	03121_Web_SS_5.png	1
慢	U+6162	U+6162.png	03122	03122_Web_SS_0.png	2
慧	U+6167	U+6167.png	03123	03123_Web_SS_0.png	2
慨	U+6168	U+6168.png	03124	03124_Web_SS_0.png	2
慮	U+616E	U+616E.png	03127	03127_Web_SS_0.png	2
慯	U+616F	U+616F.png	03128	03128_Web_SS_5.png	1
慰	U+6170	U+6170.png	03129	03129_Web_SS_5.png	2
慲	U+6172	U+6172.png	03130	03130_Web_SS_5.png	1
慴	U+6174	U+6174.png	03131	03131_Web_SS_5.png	1
慵	U+6175	U+6175.png	03132	03132_Web_SS_5.png	1
慶	U+6176	U+6176.png	03133	03133_Web_SS_0.png	1
慷	U+6177	U+6177.png	03134	03134_Web_SS_0.png	2
慸	U+6178	U+6178.png	03135	03135_Web_SS_5.png	1
慹	U+6179	U+6179.png	03136	03136_Web_SS_5.png	1
慼	U+617C	U+617C.png	03137	03137_Web_SS_5.png	1
慽	U+617D	U+617D.png	03138	03138_Web_SS_5.png	1
慾	U+617E	U+617E.png	03139	03139_Web_SS_0.png	1
憀	U+6180	U+6180.png	03140	03140_Web_SS_5.png	1
憂	U+6182	U+6182.png	03141	03141_Web_SS_1.png	3
憃	U+6183	U+6183.png	03142	03142_Web_SS_5.png	1
憌	U+618C	U+618C.png	03143	03143_Web_SS_5.png	1
憎	U+618E	U+618E.png	03145	03145_Web_SS_5.png	1
憐	U+6190	U+6190.png	03147	03147_Web_SS_0.png	2
憒	U+6192	U+6192.png	03148	03148_Web_SS_5.png	1
憕	U+6195	U+6195.png	03149	03149_Web_SS_5.png	1
憖	U+6196	U+6196.png	03150	03150_Web_SS_5.png	1
憙	U+6199	U+6199.png	03151	03151_Web_SS_5.png	1
憚	U+619A	U+619A.png	03152	03152_Web_SS_5.png	1
憜	U+619C	U+619C.png	03153	03153_Web_SS_5.png	1
憝	U+619D	U+619D.png	03154	03154_Web_SS_5.png	1
憤	U+61A4	U+61A4.png	03156	03156_Web_SS_0.png	2
憧	U+61A7	U+61A7.png	03158	03158_Web_SS_0.png	2
憪	U+61AA	U+61AA.png	03159	03159_Web_SS_5.png	1
憬	U+61AC	U+61AC.png	03160	03160_Web_SS_0.png	2
憭	U+61AD	U+61AD.png	03161	03161_Web_SS_5.png	1
憮	U+61AE	U+61AE.png	03162	03162_Web_SS_5.png	1
憰	U+61B0	U+61B0.png	03164	03164_Web_SS_5.png	1
憲	U+61B2	U+61B2.png	03165	03165_Web_SS_5.png	2
憸	U+61B8	U+61B8.png	03166	03166_Web_SS_5.png	1
憺	U+61BA	U+61BA.png	03167	03167_Web_SS_5.png	1
憼	U+61BC	U+61BC.png	03168	03168_Web_SS_5.png	1
憿	U+61BF	U+61BF.png	03169	03169_Web_SS_5.png	1
懁	U+61C1	U+61C1.png	03170	03170_Web_SS_5.png	1
懆	U+61C6	U+61C6.png	03171	03171_Web_SS_5.png	1
懇	U+61C7	U+61C7.png	03172	03172_Web_SS_0.png	2
懈	U+61C8	U+61C8.png	03173	03173_Web_SS_0.png	2
應	U+61C9	U+61C9.png	03174	03174_Web_SS_0.png	2
懋	U+61CB	U+61CB.png	03175	03175_Web_SS_5.png	1
懌	U+61CC	U+61CC.png	03176	03176_Web_SS_5.png	1
懒	U+61D2	U+61D2.png	03177	03177_Web_SS_0.png	2
懕	U+61D5	U+61D5.png	03178	03178_Web_SS_5.png	1
懖	U+61D6	U+61D6.png	03179	03179_Web_SS_5.png	1
懘	U+61D8	U+61D8.png	03180	03180_Web_SS_5.png	1
懜	U+61DC	U+61DC.png	03181	03181_Web_SS_5.png	1
懝	U+61DD	U+61DD.png	03182	03182_Web_SS_5.png	1
懟	U+61DF	U+61DF.png	03183	03183_Web_SS_5.png	1
懣	U+61E3	U+61E3.png	03184	03184_Web_SS_5.png	1
懦	U+61E6	U+61E6.png	03186	03186_Web_SS_5.png	1
懬	U+61EC	U+61EC.png	03187	03187_Web_SS_5.png	1
懱	U+61F1	U+61F1.png	03188	03188_Web_SS_5.png	1
懲	U+61F2	U+61F2.png	03189	03189_Web_SS_0.png	2
懶	U+61F6	U+61F6.png	03190	03190_Web_SS_0.png	1
懷	U+61F7	U+61F7.png	03191	03191_Web_SS_0.png	2
懸	U+61F8	U+61F8.png	03192	03192_Web_SS_0.png	1
懼	U+61FC	U+61FC.png	03193	03193_Web_SS_1.png	2
懽	U+61FD	U+61FD.png	03194	03194_Web_SS_5.png	1
懿	U+61FF	U+61FF.png	03195	03195_Web_SS_5.png	2
戁	U+6201	U+6201.png	03197	03197_Web_SS_5.png	1
戈	U+6208	U+6208.png	03198	03198_Web_SS_0.png	2
戉	U+6209	U+6209.png	03199	03199_Web_SS_5.png	1
戊	U+620A	U+620A.png	03200	03200_Web_SS_0.png	2
戌	U+620C	U+620C.png	03201	03201_Web_SS_0.png	2
戍	U+620D	U+620D.png	03202	03202_Web_SS_5.png	2
戎	U+620E	U+620E.png	03203	03203_Web_SS_0.png	2
戏	U+620F	U+620F.png	03204	03204_Web_SS_5.png	2
成	U+6210	U+6210.png	03205	03205_Web_SS_5.png	3
我	U+6211	U+6211.png	03206	03206_Web_SS_0.png	3
戒	U+6212	U+6212.png	03207	03207_Web_SS_5.png	2
戔	U+6214	U+6214.png	03209	03209_Web_SS_5.png	1
戕	U+6215	U+6215.png	03210	03210_Web_SS_5.png	1
或	U+6216	U+6216.png	03211	03211_Web_SS_0.png	3
战	U+6218	U+6218.png	03212	03212_Web_SS_0.png	2
戚	U+621A	U+621A.png	03213	03213_Web_SS_5.png	2
戛	U+621B	U+621B.png	03214	03214_Web_SS_5.png	1
戟	U+621F	U+621F.png	03216	03216_Web_SS_5.png	1
戠	U+6220	U+6220.png	03217	03217_Web_SS_5.png	1
戡	U+6221	U+6221.png	03218	03218_Web_SS_5.png	2
戢	U+6222	U+6222.png	03219	03219_Web_SS_5.png	1
戣	U+6223	U+6223.png	03220	03220_Web_SS_5.png	1
戩	U+6229	U+6229.png	03221	03221_Web_SS_5.png	1
截	U+622A	U+622A.png	03222	03222_Web_SS_5.png	2
戭	U+622D	U+622D.png	03223	03223_Web_SS_5.png	1
戮	U+622E	U+622E.png	03224	03224_Web_SS_5.png	2
戰	U+6230	U+6230.png	03225	03225_Web_SS_0.png	2
戲	U+6232	U+6232.png	03226	03226_Web_SS_5.png	2
戴	U+6234	U+6234.png	03227	03227_Web_SS_5.png	3
戶	U+6236	U+6236.png	03228	03228_Web_SS_1.png	2
户	U+6237	U+6237.png	03229	03229_Web_SS_0.png	3
戹	U+6239	U+6239.png	03230	03230_Web_SS_5.png	1
戺	U+623A	U+623A.png	03231	03231_Web_SS_5.png	1
戻	U+623B	U+623B.png	03232	03232_Web_SS_5.png	1
戼	U+623C	U+623C.png	03233	03233_Web_SS_5.png	1
戾	U+623E	U+623E.png	03234	03234_Web_SS_5.png	1
房	U+623F	U+623F.png	03235	03235_Web_SS_5.png	2
所	U+6240	U+6240.png	03236	03236_Web_SS_0.png	2
扁	U+6241	U+6241.png	03237	03237_Web_SS_0.png	2
扃	U+6243	U+6243.png	03238	03238_Web_SS_5.png	1
扆	U+6246	U+6246.png	03239	03239_Web_SS_5.png	1
扇	U+6247	U+6247.png	03240	03240_Web_SS_5.png	2
扈	U+6248	U+6248.png	03241	03241_Web_SS_5.png	1
扉	U+6249	U+6249.png	03242	03242_Web_SS_5.png	2
手	U+624B	U+624B.png	03243	03243_Web_SS_0.png	3
扌	U+624C	U+624C.png	03244	03244_Web_SS_5.png	1
才	U+624D	U+624D.png	03245	03245_Web_SS_0.png	2
扐	U+6250	U+6250.png	03246	03246_Web_SS_5.png	1
扑	U+6251	U+6251.png	03247	03247_Web_SS_0.png	2
打	U+6253	U+6253.png	03248	03248_Web_SS_5.png	2
扔	U+6254	U+6254.png	03249	03249_Web_SS_5.png	1
托	U+6258	U+6258.png	03250	03250_Web_SS_0.png	2
扚	U+625A	U+625A.png	03251	03251_Web_SS_5.png	1
扛	U+625B	U+625B.png	03252	03252_Web_SS_0.png	2
扜	U+625C	U+625C.png	03253	03253_Web_SS_5.png	1
扞	U+625E	U+625E.png	03254	03254_Web_SS_5.png	1
扟	U+625F	U+625F.png	03255	03255_Web_SS_5.png	1
扣	U+6263	U+6263.png	03256	03256_Web_SS_5.png	1
扤	U+6264	U+6264.png	03257	03257_Web_SS_5.png	1
执	U+6267	U+6267.png	03258	03258_Web_SS_0.png	2
扫	U+626B	U+626B.png	03259	03259_Web_SS_5.png	1
扬	U+626C	U+626C.png	03260	03260_Web_SS_0.png	3
扮	U+626E	U+626E.png	03261	03261_Web_SS_0.png	2
扰	U+6270	U+6270.png	03262	03262_Web_SS_0.png	2
扱	U+6271	U+6271.png	03263	03263_Web_SS_5.png	1
扴	U+6274	U+6274.png	03264	03264_Web_SS_5.png	1
扶	U+6276	U+6276.png	03265	03265_Web_SS_5.png	3
批	U+6279	U+6279.png	03266	03266_Web_SS_0.png	2
扺	U+627A	U+627A.png	03267	03267_Web_SS_5.png	1
扼	U+627C	U+627C.png	03268	03268_Web_SS_5.png	1
承	U+627F	U+627F.png	03269	03269_Web_SS_5.png	2
技	U+6280	U+6280.png	03270	03270_Web_SS_0.png	2
抈	U+6288	U+6288.png	03272	03272_Web_SS_5.png	1
抉	U+6289	U+6289.png	03273	03273_Web_SS_5.png	1
把	U+628A	U+628A.png	03274	03274_Web_SS_0.png	2
抌	U+628C	U+628C.png	03275	03275_Web_SS_5.png	1
抍	U+628D	U+628D.png	03276	03276_Web_SS_5.png	1
抎	U+628E	U+628E.png	03277	03277_Web_SS_5.png	1
抑	U+6291	U+6291.png	03278	03278_Web_SS_1.png	3
抒	U+6292	U+6292.png	03279	03279_Web_SS_0.png	2
投	U+6295	U+6295.png	03281	03281_Web_SS_5.png	2
抗	U+6297	U+6297.png	03282	03282_Web_SS_1.png	3
折	U+6298	U+6298.png	03283	03283_Web_SS_2.png	4
抚	U+629A	U+629A.png	03284	03284_Web_SS_5.png	3
抛	U+629B	U+629B.png	03285	03285_Web_SS_5.png	2
护	U+62A4	U+62A4.png	03286	03286_Web_SS_5.png	2
报	U+62A5	U+62A5.png	03287	03287_Web_SS_5.png	2
抧	U+62A7	U+62A7.png	03288	03288_Web_SS_5.png	1
抨	U+62A8	U+62A8.png	03289	03289_Web_SS_5.png	1
抩	U+62A9	U+62A9.png	03290	03290_Web_SS_5.png	1
抪	U+62AA	U+62AA.png	03291	03291_Web_SS_5.png	1
披	U+62AB	U+62AB.png	03292	03292_Web_SS_5.png	2
抭	U+62AD	U+62AD.png	03293	03293_Web_SS_5.png	1
抯	U+62AF	U+62AF.png	03294	03294_Web_SS_5.png	1
抰	U+62B0	U+62B0.png	03295	03295_Web_SS_5.png	1
抱	U+62B1	U+62B1.png	03296	03296_Web_SS_1.png	3
抲	U+62B2	U+62B2.png	03297	03297_Web_SS_5.png	1
抴	U+62B4	U+62B4.png	03298	03298_Web_SS_5.png	1
抵	U+62B5	U+62B5.png	03299	03299_Web_SS_0.png	2
抶	U+62B6	U+62B6.png	03300	03300_Web_SS_5.png	1
抽	U+62BD	U+62BD.png	03302	03302_Web_SS_1.png	4
拂	U+62C2	U+62C2.png	03303	03303_Web_SS_5.png	1
担	U+62C5	U+62C5.png	03304	03304_Web_SS_5.png	1
拇	U+62C7	U+62C7.png	03305	03305_Web_SS_5.png	2
拈	U+62C8	U+62C8.png	03306	03306_Web_SS_5.png	1
拉	U+62C9	U+62C9.png	03307	03307_Web_SS_0.png	2
拊	U+62CA	U+62CA.png	03308	03308_Web_SS_5.png	1
拋	U+62CB	U+62CB.png	03309	03309_Web_SS_0.png	2
拍	U+62CD	U+62CD.png	03310	03310_Web_SS_5.png	2
拑	U+62D1	U+62D1.png	03312	03312_Web_SS_5.png	1
拓	U+62D3	U+62D3.png	03313	03313_Web_SS_5.png	2
拔	U+62D4	U+62D4.png	03314	03314_Web_SS_0.png	2
拕	U+62D5	U+62D5.png	03315	03315_Web_SS_5.png	1
拖	U+62D6	U+62D6.png	03316	03316_Web_SS_0.png	2
拗	U+62D7	U+62D7.png	03317	03317_Web_SS_5.png	1
拘	U+62D8	U+62D8.png	03318	03318_Web_SS_0.png	2
拙	U+62D9	U+62D9.png	03319	03319_Web_SS_5.png	2
拚	U+62DA	U+62DA.png	03320	03320_Web_SS_5.png	2
招	U+62DB	U+62DB.png	03321	03321_Web_SS_5.png	2
拜	U+62DC	U+62DC.png	03322	03322_Web_SS_1.png	4
拟	U+62DF	U+62DF.png	03323	03323_Web_SS_5.png	2
拥	U+62E5	U+62E5.png	03324	03324_Web_SS_0.png	2
拨	U+62E8	U+62E8.png	03325	03325_Web_SS_5.png	2
择	U+62E9	U+62E9.png	03326	03326_Web_SS_0.png	2
括	U+62EC	U+62EC.png	03327	03327_Web_SS_5.png	2
拭	U+62ED	U+62ED.png	03328	03328_Web_SS_5.png	1
拮	U+62EE	U+62EE.png	03329	03329_Web_SS_5.png	1
拯	U+62EF	U+62EF.png	03330	03330_Web_SS_1.png	4
拱	U+62F1	U+62F1.png	03331	03331_Web_SS_5.png	2
拲	U+62F2	U+62F2.png	03332	03332_Web_SS_5.png	1
拳	U+62F3	U+62F3.png	03333	03333_Web_SS_0.png	2
拹	U+62F9	U+62F9.png	03334	03334_Web_SS_5.png	1
拾	U+62FE	U+62FE.png	03335	03335_Web_SS_0.png	2
拿	U+62FF	U+62FF.png	03336	03336_Web_SS_0.png	2
持	U+6301	U+6301.png	03337	03337_Web_SS_0.png	2
挂	U+6302	U+6302.png	03338	03338_Web_SS_5.png	1
挃	U+6303	U+6303.png	03339	03339_Web_SS_5.png	1
指	U+6307	U+6307.png	03340	03340_Web_SS_0.png	2
挈	U+6308	U+6308.png	03341	03341_Web_SS_5.png	1
按	U+6309	U+6309.png	03342	03342_Web_SS_0.png	2
挋	U+630B	U+630B.png	03343	03343_Web_SS_5.png	1
挌	U+630C	U+630C.png	03344	03344_Web_SS_5.png	1
挏	U+630F	U+630F.png	03345	03345_Web_SS_5.png	1
挐	U+6310	U+6310.png	03346	03346_Web_SS_5.png	1
挑	U+6311	U+6311.png	03347	03347_Web_SS_0.png	2
挠	U+6320	U+6320.png	03348	03348_Web_SS_0.png	2
挤	U+6324	U+6324.png	03349	03349_Web_SS_0.png	2
挥	U+6325	U+6325.png	03350	03350_Web_SS_5.png	2
挨	U+6328	U+6328.png	03351	03351_Web_SS_5.png	2
挩	U+6329	U+6329.png	03352	03352_Web_SS_5.png	1
挫	U+632B	U+632B.png	03353	03353_Web_SS_5.png	1
振	U+632F	U+632F.png	03354	03354_Web_SS_0.png	2
挶	U+6336	U+6336.png	03355	03355_Web_SS_5.png	1
挹	U+6339	U+6339.png	03356	03356_Web_SS_5.png	1
挺	U+633A	U+633A.png	03357	03357_Web_SS_5.png	2
挻	U+633B	U+633B.png	03358	03358_Web_SS_5.png	1
挽	U+633D	U+633D.png	03359	03359_Web_SS_5.png	1
挾	U+633E	U+633E.png	03360	03360_Web_SS_5.png	1
捀	U+6340	U+6340.png	03361	03361_Web_SS_5.png	1
捄	U+6344	U+6344.png	03362	03362_Web_SS_5.png	1
捇	U+6347	U+6347.png	03363	03363_Web_SS_5.png	1
捈	U+6348	U+6348.png	03364	03364_Web_SS_5.png	1
捉	U+6349	U+6349.png	03365	03365_Web_SS_5.png	2
捊	U+634A	U+634A.png	03366	03366_Web_SS_5.png	1
捋	U+634B	U+634B.png	03367	03367_Web_SS_5.png	1
捌	U+634C	U+634C.png	03368	03368_Web_SS_5.png	1
捎	U+634E	U+634E.png	03369	03369_Web_SS_5.png	1
捐	U+6350	U+6350.png	03370	03370_Web_SS_0.png	2
捕	U+6355	U+6355.png	03371	03371_Web_SS_0.png	2
捘	U+6358	U+6358.png	03372	03372_Web_SS_5.png	1
损	U+635F	U+635F.png	03374	03374_Web_SS_0.png	2
捡	U+6361	U+6361.png	03375	03375_Web_SS_0.png	2
换	U+6362	U+6362.png	03376	03376_Web_SS_5.png	2
捣	U+6363	U+6363.png	03377	03377_Web_SS_0.png	2
捦	U+6366	U+6366.png	03378	03378_Web_SS_5.png	1
捨	U+6368	U+6368.png	03379	03379_Web_SS_0.png	1
捪	U+636A	U+636A.png	03380	03380_Web_SS_5.png	1
捭	U+636D	U+636D.png	03381	03381_Web_SS_5.png	1
据	U+636E	U+636E.png	03382	03382_Web_SS_0.png	2
捲	U+6372	U+6372.png	03383	03383_Web_SS_5.png	2
捶	U+6376	U+6376.png	03384	03384_Web_SS_5.png	1
捷	U+6377	U+6377.png	03385	03385_Web_SS_5.png	2
捻	U+637B	U+637B.png	03386	03386_Web_SS_5.png	1
捼	U+637C	U+637C.png	03387	03387_Web_SS_5.png	1
捽	U+637D	U+637D.png	03388	03388_Web_SS_5.png	1
捾	U+637E	U+637E.png	03389	03389_Web_SS_5.png	1
掀	U+6380	U+6380.png	03391	03391_Web_SS_0.png	2
掄	U+6384	U+6384.png	03393	03393_Web_SS_5.png	1
掇	U+6387	U+6387.png	03394	03394_Web_SS_5.png	1
授	U+6388	U+6388.png	03395	03395_Web_SS_5.png	2
掉	U+6389	U+6389.png	03396	03396_Web_SS_0.png	2
掊	U+638A	U+638A.png	03397	03397_Web_SS_5.png	1
掌	U+638C	U+638C.png	03398	03398_Web_SS_0.png	2
掍	U+638D	U+638D.png	03399	03399_Web_SS_5.png	1
掎	U+638E	U+638E.png	03400	03400_Web_SS_5.png	1
掐	U+6390	U+6390.png	03401	03401_Web_SS_5.png	1
排	U+6392	U+6392.png	03402	03402_Web_SS_0.png	2
掔	U+6394	U+6394.png	03404	03404_Web_SS_5.png	1
掕	U+6395	U+6395.png	03405	03405_Web_SS_5.png	1
掖	U+6396	U+6396.png	03406	03406_Web_SS_5.png	1
掘	U+6398	U+6398.png	03407	03407_Web_SS_0.png	2
掠	U+63A0	U+63A0.png	03408	03408_Web_SS_5.png	1
採	U+63A1	U+63A1.png	03409	03409_Web_SS_0.png	1
探	U+63A2	U+63A2.png	03410	03410_Web_SS_5.png	2
掤	U+63A4	U+63A4.png	03411	03411_Web_SS_5.png	1
接	U+63A5	U+63A5.png	03412	03412_Web_SS_0.png	2
控	U+63A7	U+63A7.png	03413	03413_Web_SS_0.png	2
推	U+63A8	U+63A8.png	03414	03414_Web_SS_0.png	2
掩	U+63A9	U+63A9.png	03415	03415_Web_SS_0.png	2
措	U+63AA	U+63AA.png	03416	03416_Web_SS_5.png	2
掫	U+63AB	U+63AB.png	03417	03417_Web_SS_5.png	1
掾	U+63BE	U+63BE.png	03418	03418_Web_SS_5.png	1
揂	U+63C2	U+63C2.png	03419	03419_Web_SS_5.png	1
揃	U+63C3	U+63C3.png	03420	03420_Web_SS_5.png	1
揄	U+63C4	U+63C4.png	03421	03421_Web_SS_5.png	1
揆	U+63C6	U+63C6.png	03422	03422_Web_SS_5.png	1
提	U+63D0	U+63D0.png	03424	03424_Web_SS_0.png	2
插	U+63D2	U+63D2.png	03425	03425_Web_SS_5.png	2
揖	U+63D6	U+63D6.png	03426	03426_Web_SS_5.png	1
揗	U+63D7	U+63D7.png	03427	03427_Web_SS_5.png	1
揙	U+63D9	U+63D9.png	03428	03428_Web_SS_5.png	1
揚	U+63DA	U+63DA.png	03429	03429_Web_SS_0.png	3
換	U+63DB	U+63DB.png	03430	03430_Web_SS_5.png	2
揜	U+63DC	U+63DC.png	03431	03431_Web_SS_5.png	1
揟	U+63DF	U+63DF.png	03432	03432_Web_SS_5.png	1
揠	U+63E0	U+63E0.png	03433	03433_Web_SS_5.png	1
握	U+63E1	U+63E1.png	03434	03434_Web_SS_0.png	3
揣	U+63E3	U+63E3.png	03435	03435_Web_SS_5.png	1
揤	U+63E4	U+63E4.png	03436	03436_Web_SS_5.png	1
揫	U+63EB	U+63EB.png	03437	03437_Web_SS_5.png	1
揭	U+63ED	U+63ED.png	03438	03438_Web_SS_0.png	2
揮	U+63EE	U+63EE.png	03439	03439_Web_SS_0.png	2
揯	U+63EF	U+63EF.png	03440	03440_Web_SS_5.png	1
揱	U+63F1	U+63F1.png	03441	03441_Web_SS_5.png	1
揲	U+63F2	U+63F2.png	03442	03442_Web_SS_5.png	1
援	U+63F4	U+63F4.png	03443	03443_Web_SS_0.png	2
搅	U+6405	U+6405.png	03444	03444_Web_SS_0.png	2
搈	U+6408	U+6408.png	03445	03445_Web_SS_5.png	1
搉	U+6409	U+6409.png	03446	03446_Web_SS_5.png	1
損	U+640D	U+640D.png	03447	03447_Web_SS_0.png	2
搏	U+640F	U+640F.png	03448	03448_Web_SS_0.png	2
搑	U+6411	U+6411.png	03449	03449_Web_SS_5.png	1
搒	U+6412	U+6412.png	03450	03450_Web_SS_5.png	1
搓	U+6413	U+6413.png	03451	03451_Web_SS_5.png	1
搔	U+6414	U+6414.png	03452	03452_Web_SS_5.png	1
搖	U+6416	U+6416.png	03453	03453_Web_SS_5.png	2
搗	U+6417	U+6417.png	03454	03454_Web_SS_0.png	1
搜	U+641C	U+641C.png	03455	03455_Web_SS_0.png	2
搢	U+6422	U+6422.png	03456	03456_Web_SS_5.png	1
搣	U+6423	U+6423.png	03457	03457_Web_SS_5.png	1
搤	U+6424	U+6424.png	03458	03458_Web_SS_5.png	1
搦	U+6426	U+6426.png	03460	03460_Web_SS_5.png	1
搫	U+642B	U+642B.png	03461	03461_Web_SS_5.png	1
搯	U+642F	U+642F.png	03462	03462_Web_SS_5.png	1
搳	U+6433	U+6433.png	03463	03463_Web_SS_5.png	1
搵	U+6435	U+6435.png	03464	03464_Web_SS_5.png	1
搹	U+6439	U+6439.png	03465	03465_Web_SS_5.png	1
携	U+643A	U+643A.png	03466	03466_Web_SS_5.png	2
摄	U+6444	U+6444.png	03467	03467_Web_SS_5.png	2
摇	U+6447	U+6447.png	03468	03468_Web_SS_0.png	2
摊	U+644A	U+644A.png	03469	03469_Web_SS_0.png	2
摍	U+644D	U+644D.png	03470	03470_Web_SS_5.png	1
摎	U+644E	U+644E.png	03471	03471_Web_SS_5.png	1
摕	U+6455	U+6455.png	03472	03472_Web_SS_5.png	1
摘	U+6458	U+6458.png	03473	03473_Web_SS_0.png	2
摛	U+645B	U+645B.png	03474	03474_Web_SS_5.png	1
摜	U+645C	U+645C.png	03475	03475_Web_SS_5.png	1
摡	U+6461	U+6461.png	03476	03476_Web_SS_5.png	1
摦	U+6466	U+6466.png	03477	03477_Web_SS_5.png	1
摧	U+6467	U+6467.png	03478	03478_Web_SS_0.png	2
摩	U+6469	U+6469.png	03479	03479_Web_SS_0.png	2
摬	U+646C	U+646C.png	03480	03480_Web_SS_5.png	1
摭	U+646D	U+646D.png	03481	03481_Web_SS_5.png	1
摯	U+646F	U+646F.png	03482	03482_Web_SS_5.png	1
摳	U+6473	U+6473.png	03483	03483_Web_SS_5.png	1
摴	U+6474	U+6474.png	03484	03484_Web_SS_5.png	1
摵	U+6475	U+6475.png	03485	03485_Web_SS_5.png	1
摶	U+6476	U+6476.png	03486	03486_Web_SS_5.png	1
摷	U+6477	U+6477.png	03487	03487_Web_SS_5.png	1
摹	U+6479	U+6479.png	03488	03488_Web_SS_5.png	1
摺	U+647A	U+647A.png	03489	03489_Web_SS_5.png	2
摼	U+647C	U+647C.png	03490	03490_Web_SS_5.png	1
摽	U+647D	U+647D.png	03491	03491_Web_SS_5.png	1
撅	U+6485	U+6485.png	03492	03492_Web_SS_5.png	1
撆	U+6486	U+6486.png	03493	03493_Web_SS_5.png	1
撇	U+6487	U+6487.png	03494	03494_Web_SS_5.png	1
撎	U+648E	U+648E.png	03495	03495_Web_SS_5.png	1
撓	U+6493	U+6493.png	03496	03496_Web_SS_5.png	2
撜	U+649C	U+649C.png	03497	03497_Web_SS_5.png	1
撝	U+649D	U+649D.png	03498	03498_Web_SS_5.png	1
撞	U+649E	U+649E.png	03499	03499_Web_SS_5.png	2
撟	U+649F	U+649F.png	03500	03500_Web_SS_5.png	1
撢	U+64A2	U+64A2.png	03501	03501_Web_SS_5.png	1
撣	U+64A3	U+64A3.png	03502	03502_Web_SS_5.png	1
撥	U+64A5	U+64A5.png	03503	03503_Web_SS_5.png	2
撩	U+64A9	U+64A9.png	03504	03504_Web_SS_5.png	1
撫	U+64AB	U+64AB.png	03505	03505_Web_SS_0.png	3
播	U+64AD	U+64AD.png	03506	03506_Web_SS_0.png	3
撮	U+64AE	U+64AE.png	03507	03507_Web_SS_5.png	1
撰	U+64B0	U+64B0.png	03508	03508_Web_SS_5.png	1
撲	U+64B2	U+64B2.png	03509	03509_Web_SS_0.png	2
撻	U+64BB	U+64BB.png	03510	03510_Web_SS_5.png	1
撽	U+64BD	U+64BD.png	03511	03511_Web_SS_5.png	1
撿	U+64BF	U+64BF.png	03512	03512_Web_SS_0.png	2
擁	U+64C1	U+64C1.png	03513	03513_Web_SS_0.png	2
擅	U+64C5	U+64C5.png	03514	03514_Web_SS_0.png	2
擇	U+64C7	U+64C7.png	03515	03515_Web_SS_5.png	2
擊	U+64CA	U+64CA.png	03516	03516_Web_SS_0.png	2
操	U+64CD	U+64CD.png	03517	03517_Web_SS_0.png	2
擐	U+64D0	U+64D0.png	03518	03518_Web_SS_5.png	1
擖	U+64D6	U+64D6.png	03521	03521_Web_SS_5.png	1
擘	U+64D8	U+64D8.png	03522	03522_Web_SS_5.png	1
據	U+64DA	U+64DA.png	03523	03523_Web_SS_0.png	2
擠	U+64E0	U+64E0.png	03524	03524_Web_SS_0.png	2
擢	U+64E2	U+64E2.png	03525	03525_Web_SS_5.png	1
擣	U+64E3	U+64E3.png	03526	03526_Web_SS_5.png	1
擩	U+64E9	U+64E9.png	03530	03530_Web_SS_5.png	1
擪	U+64EA	U+64EA.png	03531	03531_Web_SS_5.png	1
擫	U+64EB	U+64EB.png	03532	03532_Web_SS_5.png	1
擬	U+64EC	U+64EC.png	03533	03533_Web_SS_5.png	2
擭	U+64ED	U+64ED.png	03534	03534_Web_SS_5.png	1
擯	U+64EF	U+64EF.png	03535	03535_Web_SS_5.png	1
擷	U+64F7	U+64F7.png	03536	03536_Web_SS_5.png	1
擸	U+64F8	U+64F8.png	03537	03537_Web_SS_5.png	1
擾	U+64FE	U+64FE.png	03538	03538_Web_SS_0.png	2
擿	U+64FF	U+64FF.png	03539	03539_Web_SS_5.png	1
攀	U+6500	U+6500.png	03540	03540_Web_SS_5.png	3
攈	U+6508	U+6508.png	03541	03541_Web_SS_5.png	1
攎	U+650E	U+650E.png	03542	03542_Web_SS_5.png	1
攐	U+6510	U+6510.png	03543	03543_Web_SS_5.png	1
攕	U+6515	U+6515.png	03544	03544_Web_SS_5.png	1
攘	U+6518	U+6518.png	03545	03545_Web_SS_5.png	1
攙	U+6519	U+6519.png	03546	03546_Web_SS_5.png	1
攜	U+651C	U+651C.png	03547	03547_Web_SS_0.png	2
攝	U+651D	U+651D.png	03548	03548_Web_SS_5.png	2
攣	U+6523	U+6523.png	03549	03549_Web_SS_5.png	1
攤	U+6524	U+6524.png	03550	03550_Web_SS_0.png	2
攩	U+6529	U+6529.png	03551	03551_Web_SS_5.png	1
攪	U+652A	U+652A.png	03552	03552_Web_SS_5.png	2
攫	U+652B	U+652B.png	03553	03553_Web_SS_5.png	1
支	U+652F	U+652F.png	03554	03554_Web_SS_1.png	3
攲	U+6532	U+6532.png	03555	03555_Web_SS_5.png	1
攴	U+6534	U+6534.png	03556	03556_Web_SS_5.png	2
攵	U+6535	U+6535.png	03557	03557_Web_SS_5.png	1
收	U+6536	U+6536.png	03558	03558_Web_SS_0.png	2
攷	U+6537	U+6537.png	03559	03559_Web_SS_5.png	1
攸	U+6538	U+6538.png	03560	03560_Web_SS_5.png	1
改	U+6539	U+6539.png	03561	03561_Web_SS_0.png	2
攻	U+653B	U+653B.png	03563	03563_Web_SS_0.png	2
攽	U+653D	U+653D.png	03565	03565_Web_SS_5.png	1
放	U+653E	U+653E.png	03566	03566_Web_SS_0.png	2
政	U+653F	U+653F.png	03567	03567_Web_SS_0.png	2
敀	U+6540	U+6540.png	03568	03568_Web_SS_5.png	1
敃	U+6543	U+6543.png	03570	03570_Web_SS_5.png	1
敄	U+6544	U+6544.png	03571	03571_Web_SS_5.png	1
故	U+6545	U+6545.png	03572	03572_Web_SS_0.png	2
敆	U+6546	U+6546.png	03573	03573_Web_SS_5.png	1
敇	U+6547	U+6547.png	03574	03574_Web_SS_5.png	1
效	U+6548	U+6548.png	03575	03575_Web_SS_5.png	2
敉	U+6549	U+6549.png	03576	03576_Web_SS_5.png	1
敌	U+654C	U+654C.png	03578	03578_Web_SS_0.png	2
敏	U+654F	U+654F.png	03579	03579_Web_SS_0.png	2
救	U+6551	U+6551.png	03581	03581_Web_SS_0.png	2
敒	U+6552	U+6552.png	03582	03582_Web_SS_5.png	1
敓	U+6553	U+6553.png	03583	03583_Web_SS_5.png	1
敔	U+6554	U+6554.png	03584	03584_Web_SS_5.png	1
敕	U+6555	U+6555.png	03585	03585_Web_SS_5.png	1
敖	U+6556	U+6556.png	03586	03586_Web_SS_5.png	1
敗	U+6557	U+6557.png	03587	03587_Web_SS_1.png	3
敘	U+6558	U+6558.png	03588	03588_Web_SS_0.png	2
教	U+6559	U+6559.png	03589	03589_Web_SS_0.png	4
敜	U+655C	U+655C.png	03590	03590_Web_SS_5.png	1
敝	U+655D	U+655D.png	03591	03591_Web_SS_5.png	1
敞	U+655E	U+655E.png	03592	03592_Web_SS_5.png	2
敟	U+655F	U+655F.png	03593	03593_Web_SS_5.png	1
敡	U+6561	U+6561.png	03594	03594_Web_SS_5.png	1
敢	U+6562	U+6562.png	03595	03595_Web_SS_5.png	4
散	U+6563	U+6563.png	03596	03596_Web_SS_0.png	2
敤	U+6564	U+6564.png	03597	03597_Web_SS_5.png	1
敦	U+6566	U+6566.png	03598	03598_Web_SS_0.png	2
敫	U+656B	U+656B.png	03600	03600_Web_SS_5.png	1
敬	U+656C	U+656C.png	03601	03601_Web_SS_0.png	2
敯	U+656F	U+656F.png	03603	03603_Web_SS_5.png	1
数	U+6570	U+6570.png	03604	03604_Web_SS_0.png	2
敲	U+6572	U+6572.png	03605	03605_Web_SS_0.png	2
敳	U+6573	U+6573.png	03606	03606_Web_SS_5.png	1
整	U+6574	U+6574.png	03607	03607_Web_SS_5.png	2
敵	U+6575	U+6575.png	03608	03608_Web_SS_0.png	2
敶	U+6576	U+6576.png	03609	03609_Web_SS_5.png	1
敷	U+6577	U+6577.png	03610	03610_Web_SS_0.png	2
數	U+6578	U+6578.png	03611	03611_Web_SS_5.png	2
敹	U+6579	U+6579.png	03612	03612_Web_SS_5.png	1
敺	U+657A	U+657A.png	03613	03613_Web_SS_5.png	1
敻	U+657B	U+657B.png	03614	03614_Web_SS_5.png	1
敿	U+657F	U+657F.png	03617	03617_Web_SS_5.png	1
斀	U+6580	U+6580.png	03618	03618_Web_SS_5.png	1
斁	U+6581	U+6581.png	03619	03619_Web_SS_5.png	1
斃	U+6583	U+6583.png	03621	03621_Web_SS_1.png	3
斄	U+6584	U+6584.png	03622	03622_Web_SS_5.png	1
斆	U+6586	U+6586.png	03624	03624_Web_SS_5.png	1
文	U+6587	U+6587.png	03625	03625_Web_SS_5.png	2
斋	U+658B	U+658B.png	03626	03626_Web_SS_0.png	3
斐	U+6590	U+6590.png	03628	03628_Web_SS_5.png	1
斑	U+6591	U+6591.png	03629	03629_Web_SS_0.png	2
斗	U+6597	U+6597.png	03630	03630_Web_SS_5.png	2
料	U+6599	U+6599.png	03631	03631_Web_SS_0.png	2
斛	U+659B	U+659B.png	03632	03632_Web_SS_5.png	1
斜	U+659C	U+659C.png	03633	03633_Web_SS_0.png	2
斝	U+659D	U+659D.png	03634	03634_Web_SS_5.png	1
斞	U+659E	U+659E.png	03635	03635_Web_SS_5.png	1
斟	U+659F	U+659F.png	03636	03636_Web_SS_5.png	1
斠	U+65A0	U+65A0.png	03637	03637_Web_SS_5.png	1
斡	U+65A1	U+65A1.png	03638	03638_Web_SS_5.png	1
斣	U+65A3	U+65A3.png	03639	03639_Web_SS_5.png	1
斤	U+65A4	U+65A4.png	03640	03640_Web_SS_0.png	2
斥	U+65A5	U+65A5.png	03641	03641_Web_SS_5.png	2
斦	U+65A6	U+65A6.png	03642	03642_Web_SS_5.png	1
斧	U+65A7	U+65A7.png	03643	03643_Web_SS_0.png	2
斨	U+65A8	U+65A8.png	03644	03644_Web_SS_5.png	1
斩	U+65A9	U+65A9.png	03645	03645_Web_SS_0.png	2
斪	U+65AA	U+65AA.png	03646	03646_Web_SS_5.png	1
斫	U+65AB	U+65AB.png	03647	03647_Web_SS_5.png	1
斬	U+65AC	U+65AC.png	03648	03648_Web_SS_0.png	2
断	U+65AD	U+65AD.png	03649	03649_Web_SS_1.png	4
斮	U+65AE	U+65AE.png	03650	03650_Web_SS_5.png	1
斯	U+65AF	U+65AF.png	03651	03651_Web_SS_0.png	2
新	U+65B0	U+65B0.png	03652	03652_Web_SS_0.png	2
斲	U+65B2	U+65B2.png	03654	03654_Web_SS_5.png	1
斷	U+65B7	U+65B7.png	03655	03655_Web_SS_0.png	4
斸	U+65B8	U+65B8.png	03656	03656_Web_SS_5.png	1
方	U+65B9	U+65B9.png	03657	03657_Web_SS_0.png	2
斻	U+65BB	U+65BB.png	03658	03658_Web_SS_5.png	1
於	U+65BC	U+65BC.png	03659	03659_Web_SS_5.png	4
施	U+65BD	U+65BD.png	03660	03660_Web_SS_5.png	2
旁	U+65C1	U+65C1.png	03662	03662_Web_SS_5.png	4
旂	U+65C2	U+65C2.png	03663	03663_Web_SS_5.png	1
旃	U+65C3	U+65C3.png	03664	03664_Web_SS_5.png	1
旄	U+65C4	U+65C4.png	03665	03665_Web_SS_5.png	1
旅	U+65C5	U+65C5.png	03666	03666_Web_SS_5.png	3
旆	U+65C6	U+65C6.png	03667	03667_Web_SS_5.png	1
旇	U+65C7	U+65C7.png	03668	03668_Web_SS_5.png	1
旋	U+65CB	U+65CB.png	03669	03669_Web_SS_5.png	2
旌	U+65CC	U+65CC.png	03670	03670_Web_SS_5.png	1
族	U+65CF	U+65CF.png	03671	03671_Web_SS_5.png	2
旐	U+65D0	U+65D0.png	03672	03672_Web_SS_5.png	1
旖	U+65D6	U+65D6.png	03673	03673_Web_SS_5.png	1
旗	U+65D7	U+65D7.png	03674	03674_Web_SS_5.png	2
旚	U+65DA	U+65DA.png	03675	03675_Web_SS_5.png	1
旛	U+65DB	U+65DB.png	03676	03676_Web_SS_5.png	1
旝	U+65DD	U+65DD.png	03677	03677_Web_SS_5.png	1
旞	U+65DE	U+65DE.png	03678	03678_Web_SS_5.png	1
旟	U+65DF	U+65DF.png	03679	03679_Web_SS_5.png	1
无	U+65E0	U+65E0.png	03680	03680_Web_SS_0.png	2
旡	U+65E1	U+65E1.png	03681	03681_Web_SS_5.png	1
既	U+65E2	U+65E2.png	03682	03682_Web_SS_0.png	2
旣	U+65E3	U+65E3.png	03683	03683_Web_SS_5.png	1
日	U+65E5	U+65E5.png	03684	03684_Web_SS_1.png	3
旦	U+65E6	U+65E6.png	03685	03685_Web_SS_0.png	2
旧	U+65E7	U+65E7.png	03686	03686_Web_SS_0.png	3
旨	U+65E8	U+65E8.png	03687	03687_Web_SS_5.png	3
早	U+65E9	U+65E9.png	03688	03688_Web_SS_0.png	2
旬	U+65EC	U+65EC.png	03689	03689_Web_SS_0.png	3
旭	U+65ED	U+65ED.png	03690	03690_Web_SS_5.png	1
旰	U+65F0	U+65F0.png	03691	03691_Web_SS_5.png	1
旱	U+65F1	U+65F1.png	03692	03692_Web_SS_0.png	2
旳	U+65F3	U+65F3.png	03694	03694_Web_SS_5.png	1
时	U+65F6	U+65F6.png	03695	03695_Web_SS_5.png	3
旷	U+65F7	U+65F7.png	03696	03696_Web_SS_0.png	2
旻	U+65FB	U+65FB.png	03698	03698_Web_SS_5.png	1
昀	U+6600	U+6600.png	03699	03699_Web_SS_5.png	1
昂	U+6602	U+6602.png	03700	03700_Web_SS_0.png	2
昃	U+6603	U+6603.png	03701	03701_Web_SS_5.png	1
昄	U+6604	U+6604.png	03702	03702_Web_SS_5.png	1
昆	U+6606	U+6606.png	03703	03703_Web_SS_5.png	2
昇	U+6607	U+6607.png	03704	03704_Web_SS_5.png	1
昈	U+6608	U+6608.png	03705	03705_Web_SS_5.png	1
昉	U+6609	U+6609.png	03706	03706_Web_SS_5.png	1
昊	U+660A	U+660A.png	03707	03707_Web_SS_5.png	1
昌	U+660C	U+660C.png	03708	03708_Web_SS_5.png	3
明	U+660E	U+660E.png	03709	03709_Web_SS_5.png	3
昏	U+660F	U+660F.png	03710	03710_Web_SS_5.png	2
昒	U+6612	U+6612.png	03711	03711_Web_SS_5.png	1
易	U+6613	U+6613.png	03712	03712_Web_SS_5.png	2
昔	U+6614	U+6614.png	03713	03713_Web_SS_5.png	3
昕	U+6615	U+6615.png	03714	03714_Web_SS_5.png	1
昜	U+661C	U+661C.png	03715	03715_Web_SS_5.png	1
星	U+661F	U+661F.png	03716	03716_Web_SS_2.png	4
映	U+6620	U+6620.png	03717	03717_Web_SS_0.png	2
春	U+6625	U+6625.png	03718	03718_Web_SS_0.png	2
昦	U+6626	U+6626.png	03719	03719_Web_SS_5.png	1
昧	U+6627	U+6627.png	03720	03720_Web_SS_5.png	2
昨	U+6628	U+6628.png	03721	03721_Web_SS_0.png	2
昪	U+662A	U+662A.png	03722	03722_Web_SS_5.png	1
昫	U+662B	U+662B.png	03723	03723_Web_SS_5.png	1
昭	U+662D	U+662D.png	03724	03724_Web_SS_0.png	2
是	U+662F	U+662F.png	03725	03725_Web_SS_1.png	3
昱	U+6631	U+6631.png	03726	03726_Web_SS_5.png	1
昳	U+6633	U+6633.png	03727	03727_Web_SS_5.png	1
昴	U+6634	U+6634.png	03728	03728_Web_SS_5.png	1
昵	U+6635	U+6635.png	03729	03729_Web_SS_5.png	1
昶	U+6636	U+6636.png	03730	03730_Web_SS_5.png	1
显	U+663E	U+663E.png	03732	03732_Web_SS_0.png	2
時	U+6642	U+6642.png	03733	03733_Web_SS_0.png	3
晃	U+6643	U+6643.png	03734	03734_Web_SS_5.png	2
晄	U+6644	U+6644.png	03735	03735_Web_SS_5.png	1
晉	U+6649	U+6649.png	03737	03737_Web_SS_5.png	2
晋	U+664B	U+664B.png	03738	03738_Web_SS_5.png	2
晏	U+664F	U+664F.png	03739	03739_Web_SS_5.png	1
晐	U+6650	U+6650.png	03740	03740_Web_SS_5.png	1
晒	U+6652	U+6652.png	03741	03741_Web_SS_0.png	2
晓	U+6653	U+6653.png	03742	03742_Web_SS_0.png	2
晕	U+6655	U+6655.png	03743	03743_Web_SS_0.png	2
晙	U+6659	U+6659.png	03744	03744_Web_SS_5.png	1
晚	U+665A	U+665A.png	03745	03745_Web_SS_0.png	2
晛	U+665B	U+665B.png	03746	03746_Web_SS_5.png	1
晝	U+665D	U+665D.png	03747	03747_Web_SS_5.png	1
晞	U+665E	U+665E.png	03748	03748_Web_SS_5.png	1
晟	U+665F	U+665F.png	03749	03749_Web_SS_5.png	1
晢	U+6662	U+6662.png	03750	03750_Web_SS_5.png	1
晤	U+6664	U+6664.png	03751	03751_Web_SS_5.png	1
晦	U+6666	U+6666.png	03752	03752_Web_SS_5.png	1
晧	U+6667	U+6667.png	03753	03753_Web_SS_5.png	1
晨	U+6668	U+6668.png	03754	03754_Web_SS_1.png	4
晬	U+666C	U+666C.png	03755	03755_Web_SS_5.png	1
普	U+666E	U+666E.png	03756	03756_Web_SS_5.png	2
景	U+666F	U+666F.png	03757	03757_Web_SS_5.png	2
晰	U+6670	U+6670.png	03758	03758_Web_SS_0.png	2
晴	U+6674	U+6674.png	03759	03759_Web_SS_0.png	2
晵	U+6675	U+6675.png	03760	03760_Web_SS_5.png	1
晶	U+6676	U+6676.png	03761	03761_Web_SS_5.png	2
晷	U+6677	U+6677.png	03762	03762_Web_SS_5.png	1
晹	U+6679	U+6679.png	03763	03763_Web_SS_5.png	1
智	U+667A	U+667A.png	03764	03764_Web_SS_5.png	3
晻	U+667B	U+667B.png	03765	03765_Web_SS_5.png	1
暀	U+6680	U+6680.png	03766	03766_Web_SS_5.png	1
暂	U+6682	U+6682.png	03767	03767_Web_SS_0.png	2
暆	U+6686	U+6686.png	03769	03769_Web_SS_5.png	1
暇	U+6687	U+6687.png	03770	03770_Web_SS_0.png	2
暈	U+6688	U+6688.png	03771	03771_Web_SS_5.png	2
暉	U+6689	U+6689.png	03772	03772_Web_SS_5.png	1
暋	U+668B	U+668B.png	03774	03774_Web_SS_5.png	1
暍	U+668D	U+668D.png	03775	03775_Web_SS_5.png	1
暏	U+668F	U+668F.png	03776	03776_Web_SS_5.png	1
暑	U+6691	U+6691.png	03777	03777_Web_SS_0.png	2
暖	U+6696	U+6696.png	03778	03778_Web_SS_0.png	2
暗	U+6697	U+6697.png	03779	03779_Web_SS_0.png	2
暢	U+66A2	U+66A2.png	03781	03781_Web_SS_0.png	1
暤	U+66A4	U+66A4.png	03782	03782_Web_SS_5.png	1
暨	U+66A8	U+66A8.png	03783	03783_Web_SS_5.png	2
暫	U+66AB	U+66AB.png	03784	03784_Web_SS_0.png	2
暮	U+66AE	U+66AE.png	03785	03785_Web_SS_0.png	2
暱	U+66B1	U+66B1.png	03786	03786_Web_SS_5.png	1
暴	U+66B4	U+66B4.png	03788	03788_Web_SS_5.png	4
暵	U+66B5	U+66B5.png	03789	03789_Web_SS_5.png	1
曄	U+66C4	U+66C4.png	03792	03792_Web_SS_5.png	1
曆	U+66C6	U+66C6.png	03793	03793_Web_SS_0.png	1
曇	U+66C7	U+66C7.png	03794	03794_Web_SS_5.png	1
曈	U+66C8	U+66C8.png	03795	03795_Web_SS_5.png	1
曉	U+66C9	U+66C9.png	03796	03796_Web_SS_0.png	2
曏	U+66CF	U+66CF.png	03797	03797_Web_SS_5.png	1
曐	U+66D0	U+66D0.png	03798	03798_Web_SS_5.png	1
曑	U+66D1	U+66D1.png	03799	03799_Web_SS_5.png	1
曓	U+66D3	U+66D3.png	03800	03800_Web_SS_5.png	1
曙	U+66D9	U+66D9.png	03801	03801_Web_SS_5.png	1
曟	U+66DF	U+66DF.png	03802	03802_Web_SS_5.png	1
曠	U+66E0	U+66E0.png	03803	03803_Web_SS_5.png	2
曡	U+66E1	U+66E1.png	03804	03804_Web_SS_5.png	1
曨	U+66E8	U+66E8.png	03806	03806_Web_SS_5.png	1
曩	U+66E9	U+66E9.png	03807	03807_Web_SS_5.png	1
曫	U+66EB	U+66EB.png	03808	03808_Web_SS_5.png	1
曬	U+66EC	U+66EC.png	03809	03809_Web_SS_5.png	1
曰	U+66F0	U+66F0.png	03810	03810_Web_SS_5.png	2
曲	U+66F2	U+66F2.png	03811	03811_Web_SS_0.png	4
曳	U+66F3	U+66F3.png	03812	03812_Web_SS_0.png	2
更	U+66F4	U+66F4.png	03813	03813_Web_SS_5.png	2
曷	U+66F7	U+66F7.png	03815	03815_Web_SS_0.png	2
書	U+66F8	U+66F8.png	03816	03816_Web_SS_0.png	1
曹	U+66F9	U+66F9.png	03817	03817_Web_SS_0.png	2
曼	U+66FC	U+66FC.png	03818	03818_Web_SS_5.png	2
曾	U+66FE	U+66FE.png	03820	03820_Web_SS_5.png	2
替	U+66FF	U+66FF.png	03821	03821_Web_SS_1.png	4
最	U+6700	U+6700.png	03822	03822_Web_SS_5.png	1
朁	U+6701	U+6701.png	03823	03823_Web_SS_5.png	1
會	U+6703	U+6703.png	03824	03824_Web_SS_5.png	3
朄	U+6704	U+6704.png	03825	03825_Web_SS_5.png	1
朅	U+6705	U+6705.png	03826	03826_Web_SS_5.png	1
朇	U+6707	U+6707.png	03827	03827_Web_SS_5.png	1
月	U+6708	U+6708.png	03828	03828_Web_SS_0.png	2
有	U+6709	U+6709.png	03829	03829_Web_SS_5.png	2
朋	U+670B	U+670B.png	03831	03831_Web_SS_1.png	4
服	U+670D	U+670D.png	03832	03832_Web_SS_1.png	3
朏	U+670F	U+670F.png	03833	03833_Web_SS_5.png	1
朓	U+6713	U+6713.png	03835	03835_Web_SS_5.png	1
朔	U+6714	U+6714.png	03836	03836_Web_SS_0.png	2
朕	U+6715	U+6715.png	03837	03837_Web_SS_5.png	1
朗	U+6717	U+6717.png	03838	03838_Web_SS_5.png	2
朙	U+6719	U+6719.png	03840	03840_Web_SS_5.png	1
望	U+671B	U+671B.png	03841	03841_Web_SS_0.png	2
朝	U+671D	U+671D.png	03842	03842_Web_SS_0.png	2
期	U+671F	U+671F.png	03843	03843_Web_SS_0.png	3
朢	U+6722	U+6722.png	03844	03844_Web_SS_5.png	1
朦	U+6726	U+6726.png	03845	03845_Web_SS_5.png	1
朧	U+6727	U+6727.png	03846	03846_Web_SS_5.png	1
木	U+6728	U+6728.png	03847	03847_Web_SS_0.png	2
未	U+672A	U+672A.png	03848	03848_Web_SS_5.png	2
末	U+672B	U+672B.png	03849	03849_Web_SS_5.png	2
本	U+672C	U+672C.png	03850	03850_Web_SS_5.png	3
札	U+672D	U+672D.png	03851	03851_Web_SS_0.png	2
朮	U+672E	U+672E.png	03852	03852_Web_SS_5.png	1
术	U+672F	U+672F.png	03853	03853_Web_SS_0.png	2
朱	U+6731	U+6731.png	03854	03854_Web_SS_0.png	2
朴	U+6734	U+6734.png	03855	03855_Web_SS_5.png	2
朵	U+6735	U+6735.png	03856	03856_Web_SS_5.png	2
朸	U+6738	U+6738.png	03857	03857_Web_SS_5.png	1
朹	U+6739	U+6739.png	03858	03858_Web_SS_5.png	1
机	U+673A	U+673A.png	03859	03859_Web_SS_5.png	2
朻	U+673B	U+673B.png	03860	03860_Web_SS_5.png	1
朽	U+673D	U+673D.png	03861	03861_Web_SS_0.png	3
朾	U+673E	U+673E.png	03862	03862_Web_SS_5.png	1
朿	U+673F	U+673F.png	03863	03863_Web_SS_5.png	1
杀	U+6740	U+6740.png	03864	03864_Web_SS_5.png	4
杂	U+6742	U+6742.png	03865	03865_Web_SS_5.png	2
权	U+6743	U+6743.png	03866	03866_Web_SS_5.png	2
杆	U+6746	U+6746.png	03867	03867_Web_SS_5.png	1
杇	U+6747	U+6747.png	03868	03868_Web_SS_5.png	1
杈	U+6748	U+6748.png	03869	03869_Web_SS_5.png	1
杍	U+674D	U+674D.png	03872	03872_Web_SS_5.png	1
李	U+674E	U+674E.png	03873	03873_Web_SS_5.png	3
杏	U+674F	U+674F.png	03874	03874_Web_SS_5.png	2
材	U+6750	U+6750.png	03875	03875_Web_SS_0.png	2
村	U+6751	U+6751.png	03876	03876_Web_SS_0.png	2
杒	U+6752	U+6752.png	03877	03877_Web_SS_5.png	1
杓	U+6753	U+6753.png	03878	03878_Web_SS_5.png	1
杕	U+6755	U+6755.png	03879	03879_Web_SS_5.png	1
杖	U+6756	U+6756.png	03880	03880_Web_SS_0.png	2
杗	U+6757	U+6757.png	03881	03881_Web_SS_5.png	1
杘	U+6758	U+6758.png	03882	03882_Web_SS_5.png	1
杙	U+6759	U+6759.png	03883	03883_Web_SS_5.png	1
杚	U+675A	U+675A.png	03884	03884_Web_SS_5.png	1
杜	U+675C	U+675C.png	03885	03885_Web_SS_0.png	2
杝	U+675D	U+675D.png	03886	03886_Web_SS_5.png	1
杞	U+675E	U+675E.png	03887	03887_Web_SS_5.png	1
束	U+675F	U+675F.png	03888	03888_Web_SS_5.png	2
杠	U+6760	U+6760.png	03889	03889_Web_SS_5.png	1
条	U+6761	U+6761.png	03890	03890_Web_SS_0.png	2
来	U+6765	U+6765.png	03891	03891_Web_SS_5.png	2
杪	U+676A	U+676A.png	03892	03892_Web_SS_5.png	1
杭	U+676D	U+676D.png	03893	03893_Web_SS_5.png	1
杮	U+676E	U+676E.png	03894	03894_Web_SS_5.png	1
杯	U+676F	U+676F.png	03895	03895_Web_SS_5.png	1
杰	U+6770	U+6770.png	03896	03896_Web_SS_0.png	2
東	U+6771	U+6771.png	03897	03897_Web_SS_0.png	1
杲	U+6772	U+6772.png	03898	03898_Web_SS_5.png	1
杳	U+6773	U+6773.png	03899	03899_Web_SS_5.png	1
杵	U+6775	U+6775.png	03900	03900_Web_SS_5.png	1
杶	U+6776	U+6776.png	03901	03901_Web_SS_5.png	1
杷	U+6777	U+6777.png	03902	03902_Web_SS_5.png	1
杸	U+6778	U+6778.png	03903	03903_Web_SS_5.png	1
杼	U+677C	U+677C.png	03905	03905_Web_SS_5.png	1
杽	U+677D	U+677D.png	03906	03906_Web_SS_5.png	1
松	U+677E	U+677E.png	03907	03907_Web_SS_5.png	1
板	U+677F	U+677F.png	03908	03908_Web_SS_5.png	1
极	U+6781	U+6781.png	03909	03909_Web_SS_5.png	2
构	U+6784	U+6784.png	03910	03910_Web_SS_5.png	2
枅	U+6785	U+6785.png	03911	03911_Web_SS_5.png	1
枇	U+6787	U+6787.png	03913	03913_Web_SS_5.png	1
枉	U+6789	U+6789.png	03914	03914_Web_SS_5.png	2
枊	U+678A	U+678A.png	03915	03915_Web_SS_5.png	1
枋	U+678B	U+678B.png	03916	03916_Web_SS_5.png	1
枌	U+678C	U+678C.png	03917	03917_Web_SS_5.png	1
枎	U+678E	U+678E.png	03918	03918_Web_SS_5.png	1
析	U+6790	U+6790.png	03920	03920_Web_SS_5.png	2
枑	U+6791	U+6791.png	03921	03921_Web_SS_5.png	1
枒	U+6792	U+6792.png	03922	03922_Web_SS_5.png	1
枕	U+6795	U+6795.png	03924	03924_Web_SS_5.png	2
枖	U+6796	U+6796.png	03925	03925_Web_SS_5.png	1
林	U+6797	U+6797.png	03926	03926_Web_SS_0.png	2
枚	U+679A	U+679A.png	03927	03927_Web_SS_5.png	1
果	U+679C	U+679C.png	03928	03928_Web_SS_0.png	2
枝	U+679D	U+679D.png	03929	03929_Web_SS_0.png	2
枪	U+67AA	U+67AA.png	03930	03930_Web_SS_0.png	2
枮	U+67AE	U+67AE.png	03931	03931_Web_SS_5.png	1
枯	U+67AF	U+67AF.png	03932	03932_Web_SS_0.png	2
枰	U+67B0	U+67B0.png	03933	03933_Web_SS_5.png	1
枱	U+67B1	U+67B1.png	03934	03934_Web_SS_5.png	1
枲	U+67B2	U+67B2.png	03935	03935_Web_SS_5.png	1
枳	U+67B3	U+67B3.png	03936	03936_Web_SS_5.png	1
枵	U+67B5	U+67B5.png	03937	03937_Web_SS_5.png	1
架	U+67B6	U+67B6.png	03938	03938_Web_SS_5.png	1
枷	U+67B7	U+67B7.png	03939	03939_Web_SS_5.png	1
枸	U+67B8	U+67B8.png	03940	03940_Web_SS_5.png	1
枼	U+67BC	U+67BC.png	03943	03943_Web_SS_5.png	1
柀	U+67C0	U+67C0.png	03944	03944_Web_SS_5.png	1
柁	U+67C1	U+67C1.png	03945	03945_Web_SS_5.png	1
柃	U+67C3	U+67C3.png	03946	03946_Web_SS_5.png	1
柄	U+67C4	U+67C4.png	03947	03947_Web_SS_0.png	3
柅	U+67C5	U+67C5.png	03948	03948_Web_SS_5.png	1
柆	U+67C6	U+67C6.png	03949	03949_Web_SS_5.png	1
柍	U+67CD	U+67CD.png	03952	03952_Web_SS_5.png	1
柏	U+67CF	U+67CF.png	03953	03953_Web_SS_5.png	1
某	U+67D0	U+67D0.png	03954	03954_Web_SS_5.png	3
染	U+67D3	U+67D3.png	03955	03955_Web_SS_0.png	2
柔	U+67D4	U+67D4.png	03956	03956_Web_SS_5.png	2
柖	U+67D6	U+67D6.png	03957	03957_Web_SS_5.png	1
柘	U+67D8	U+67D8.png	03958	03958_Web_SS_5.png	1
柙	U+67D9	U+67D9.png	03959	03959_Web_SS_5.png	1
柚	U+67DA	U+67DA.png	03960	03960_Web_SS_5.png	1
柜	U+67DC	U+67DC.png	03961	03961_Web_SS_5.png	1
柝	U+67DD	U+67DD.png	03962	03962_Web_SS_5.png	1
柞	U+67DE	U+67DE.png	03963	03963_Web_SS_5.png	1
柠	U+67E0	U+67E0.png	03965	03965_Web_SS_5.png	1
柢	U+67E2	U+67E2.png	03966	03966_Web_SS_5.png	1
柧	U+67E7	U+67E7.png	03968	03968_Web_SS_5.png	1
柩	U+67E9	U+67E9.png	03969	03969_Web_SS_5.png	1
柫	U+67EB	U+67EB.png	03970	03970_Web_SS_5.png	1
柬	U+67EC	U+67EC.png	03971	03971_Web_SS_5.png	1
柭	U+67ED	U+67ED.png	03972	03972_Web_SS_5.png	1
柮	U+67EE	U+67EE.png	03973	03973_Web_SS_5.png	1
柯	U+67EF	U+67EF.png	03974	03974_Web_SS_5.png	1
柰	U+67F0	U+67F0.png	03975	03975_Web_SS_5.png	1
柱	U+67F1	U+67F1.png	03976	03976_Web_SS_0.png	2
柲	U+67F2	U+67F2.png	03977	03977_Web_SS_5.png	1
柳	U+67F3	U+67F3.png	03978	03978_Web_SS_5.png	1
柴	U+67F4	U+67F4.png	03979	03979_Web_SS_0.png	2
柵	U+67F5	U+67F5.png	03980	03980_Web_SS_5.png	2
柶	U+67F6	U+67F6.png	03981	03981_Web_SS_5.png	1
柷	U+67F7	U+67F7.png	03982	03982_Web_SS_5.png	1
栅	U+6805	U+6805.png	03983	03983_Web_SS_5.png	2
标	U+6807	U+6807.png	03984	03984_Web_SS_5.png	2
栋	U+680B	U+680B.png	03985	03985_Web_SS_5.png	2
栏	U+680F	U+680F.png	03986	03986_Web_SS_0.png	2
树	U+6811	U+6811.png	03987	03987_Web_SS_5.png	3
栔	U+6814	U+6814.png	03989	03989_Web_SS_5.png	1
栖	U+6816	U+6816.png	03991	03991_Web_SS_1.png	4
栗	U+6817	U+6817.png	03992	03992_Web_SS_5.png	1
栘	U+6818	U+6818.png	03993	03993_Web_SS_5.png	1
栙	U+6819	U+6819.png	03994	03994_Web_SS_5.png	1
栚	U+681A	U+681A.png	03995	03995_Web_SS_5.png	1
栜	U+681C	U+681C.png	03996	03996_Web_SS_5.png	1
栝	U+681D	U+681D.png	03997	03997_Web_SS_5.png	1
栟	U+681F	U+681F.png	03999	03999_Web_SS_5.png	1
栠	U+6820	U+6820.png	04000	04000_Web_SS_5.png	1
校	U+6821	U+6821.png	04001	04001_Web_SS_0.png	2
栩	U+6829	U+6829.png	04002	04002_Web_SS_5.png	1
株	U+682A	U+682A.png	04003	04003_Web_SS_5.png	2
栫	U+682B	U+682B.png	04004	04004_Web_SS_5.png	1
栭	U+682D	U+682D.png	04005	04005_Web_SS_5.png	1
栵	U+6835	U+6835.png	04007	04007_Web_SS_5.png	1
样	U+6837	U+6837.png	04008	04008_Web_SS_5.png	2
核	U+6838	U+6838.png	04009	04009_Web_SS_0.png	2
根	U+6839	U+6839.png	04010	04010_Web_SS_5.png	2
格	U+683C	U+683C.png	04012	04012_Web_SS_0.png	2
栽	U+683D	U+683D.png	04013	04013_Web_SS_5.png	2
桀	U+6840	U+6840.png	04014	04014_Web_SS_5.png	1
桂	U+6842	U+6842.png	04016	04016_Web_SS_5.png	1
桃	U+6843	U+6843.png	04017	04017_Web_SS_5.png	1
桄	U+6844	U+6844.png	04018	04018_Web_SS_5.png	1
桅	U+6845	U+6845.png	04019	04019_Web_SS_5.png	1
案	U+6848	U+6848.png	04020	04020_Web_SS_5.png	2
桊	U+684A	U+684A.png	04021	04021_Web_SS_5.png	1
桋	U+684B	U+684B.png	04022	04022_Web_SS_5.png	1
桌	U+684C	U+684C.png	04023	04023_Web_SS_5.png	1
桎	U+684E	U+684E.png	04024	04024_Web_SS_5.png	1
桏	U+684F	U+684F.png	04025	04025_Web_SS_5.png	1
桐	U+6850	U+6850.png	04026	04026_Web_SS_5.png	1
桑	U+6851	U+6851.png	04027	04027_Web_SS_0.png	2
桓	U+6853	U+6853.png	04029	04029_Web_SS_0.png	2
桔	U+6854	U+6854.png	04030	04030_Web_SS_5.png	1
桥	U+6865	U+6865.png	04032	04032_Web_SS_0.png	2
桩	U+6869	U+6869.png	04033	04033_Web_SS_0.png	2
桮	U+686E	U+686E.png	04034	04034_Web_SS_5.png	1
桯	U+686F	U+686F.png	04035	04035_Web_SS_5.png	1
桰	U+6870	U+6870.png	04036	04036_Web_SS_5.png	1
桱	U+6871	U+6871.png	04037	04037_Web_SS_5.png	1
桴	U+6874	U+6874.png	04038	04038_Web_SS_5.png	1
桵	U+6875	U+6875.png	04039	04039_Web_SS_5.png	1
桶	U+6876	U+6876.png	04040	04040_Web_SS_0.png	2
桷	U+6877	U+6877.png	04041	04041_Web_SS_5.png	1
桹	U+6879	U+6879.png	04042	04042_Web_SS_5.png	1
桺	U+687A	U+687A.png	04043	04043_Web_SS_5.png	1
桼	U+687C	U+687C.png	04044	04044_Web_SS_5.png	1
梀	U+6880	U+6880.png	04046	04046_Web_SS_5.png	1
梁	U+6881	U+6881.png	04047	04047_Web_SS_5.png	3
梂	U+6882	U+6882.png	04048	04048_Web_SS_5.png	1
梃	U+6883	U+6883.png	04049	04049_Web_SS_5.png	1
梅	U+6885	U+6885.png	04050	04050_Web_SS_5.png	1
梇	U+6887	U+6887.png	04051	04051_Web_SS_5.png	1
梏	U+688F	U+688F.png	04055	04055_Web_SS_5.png	1
梐	U+6890	U+6890.png	04056	04056_Web_SS_5.png	1
梓	U+6893	U+6893.png	04057	04057_Web_SS_5.png	1
梔	U+6894	U+6894.png	04058	04058_Web_SS_5.png	1
梗	U+6897	U+6897.png	04059	04059_Web_SS_5.png	1
梜	U+689C	U+689C.png	04061	04061_Web_SS_5.png	1
條	U+689D	U+689D.png	04062	04062_Web_SS_0.png	2
梟	U+689F	U+689F.png	04063	04063_Web_SS_5.png	1
梠	U+68A0	U+68A0.png	04064	04064_Web_SS_5.png	1
梡	U+68A1	U+68A1.png	04065	04065_Web_SS_5.png	1
梢	U+68A2	U+68A2.png	04066	04066_Web_SS_5.png	2
梣	U+68A3	U+68A3.png	04067	04067_Web_SS_5.png	1
梤	U+68A4	U+68A4.png	04068	04068_Web_SS_5.png	1
梦	U+68A6	U+68A6.png	04069	04069_Web_SS_5.png	3
梧	U+68A7	U+68A7.png	04070	04070_Web_SS_5.png	1
梨	U+68A8	U+68A8.png	04071	04071_Web_SS_5.png	1
梩	U+68A9	U+68A9.png	04072	04072_Web_SS_5.png	1
梪	U+68AA	U+68AA.png	04073	04073_Web_SS_5.png	1
梫	U+68AB	U+68AB.png	04074	04074_Web_SS_5.png	1
梬	U+68AC	U+68AC.png	04075	04075_Web_SS_5.png	1
梭	U+68AD	U+68AD.png	04076	04076_Web_SS_0.png	2
梯	U+68AF	U+68AF.png	04077	04077_Web_SS_5.png	2
械	U+68B0	U+68B0.png	04078	04078_Web_SS_0.png	2
梱	U+68B1	U+68B1.png	04079	04079_Web_SS_5.png	1
梲	U+68B2	U+68B2.png	04080	04080_Web_SS_5.png	1
梳	U+68B3	U+68B3.png	04081	04081_Web_SS_5.png	1
梴	U+68B4	U+68B4.png	04082	04082_Web_SS_5.png	1
梵	U+68B5	U+68B5.png	04083	04083_Web_SS_5.png	1
检	U+68C0	U+68C0.png	04084	04084_Web_SS_5.png	2
棃	U+68C3	U+68C3.png	04085	04085_Web_SS_5.png	1
棄	U+68C4	U+68C4.png	04086	04086_Web_SS_5.png	4
棆	U+68C6	U+68C6.png	04087	04087_Web_SS_5.png	1
棊	U+68CA	U+68CA.png	04089	04089_Web_SS_5.png	1
棋	U+68CB	U+68CB.png	04090	04090_Web_SS_0.png	2
棐	U+68D0	U+68D0.png	04092	04092_Web_SS_5.png	1
棓	U+68D3	U+68D3.png	04093	04093_Web_SS_5.png	1
棖	U+68D6	U+68D6.png	04094	04094_Web_SS_5.png	1
棗	U+68D7	U+68D7.png	04095	04095_Web_SS_5.png	1
棘	U+68D8	U+68D8.png	04096	04096_Web_SS_5.png	1
棚	U+68DA	U+68DA.png	04097	04097_Web_SS_0.png	2
棝	U+68DD	U+68DD.png	04098	04098_Web_SS_5.png	1
棟	U+68DF	U+68DF.png	04099	04099_Web_SS_0.png	1
棠	U+68E0	U+68E0.png	04100	04100_Web_SS_5.png	1
棣	U+68E3	U+68E3.png	04101	04101_Web_SS_5.png	1
棥	U+68E5	U+68E5.png	04102	04102_Web_SS_5.png	1
棧	U+68E7	U+68E7.png	04103	04103_Web_SS_5.png	1
棨	U+68E8	U+68E8.png	04104	04104_Web_SS_5.png	1
棪	U+68EA	U+68EA.png	04105	04105_Web_SS_5.png	1
森	U+68EE	U+68EE.png	04107	04107_Web_SS_5.png	2
棱	U+68F1	U+68F1.png	04108	04108_Web_SS_5.png	1
棲	U+68F2	U+68F2.png	04109	04109_Web_SS_1.png	4
棳	U+68F3	U+68F3.png	04110	04110_Web_SS_5.png	1
棷	U+68F7	U+68F7.png	04111	04111_Web_SS_5.png	1
棺	U+68FA	U+68FA.png	04112	04112_Web_SS_5.png	1
棼	U+68FC	U+68FC.png	04113	04113_Web_SS_5.png	1
椁	U+6901	U+6901.png	04114	04114_Web_SS_5.png	1
椄	U+6904	U+6904.png	04116	04116_Web_SS_5.png	1
椅	U+6905	U+6905.png	04117	04117_Web_SS_0.png	2
椋	U+690B	U+690B.png	04119	04119_Web_SS_5.png	1
椌	U+690C	U+690C.png	04120	04120_Web_SS_5.png	1
植	U+690D	U+690D.png	04121	04121_Web_SS_0.png	3
椎	U+690E	U+690E.png	04122	04122_Web_SS_0.png	2
椐	U+6910	U+6910.png	04123	04123_Web_SS_5.png	1
椑	U+6911	U+6911.png	04124	04124_Web_SS_5.png	1
椓	U+6913	U+6913.png	04125	04125_Web_SS_5.png	1
椯	U+692F	U+692F.png	04128	04128_Web_SS_5.png	1
椱	U+6931	U+6931.png	04129	04129_Web_SS_5.png	1
椲	U+6932	U+6932.png	04130	04130_Web_SS_5.png	1
椳	U+6933	U+6933.png	04131	04131_Web_SS_5.png	1
椵	U+6935	U+6935.png	04132	04132_Web_SS_5.png	1
椷	U+6937	U+6937.png	04134	04134_Web_SS_5.png	1
椸	U+6938	U+6938.png	04135	04135_Web_SS_5.png	1
椽	U+693D	U+693D.png	04136	04136_Web_SS_5.png	1
楀	U+6940	U+6940.png	04138	04138_Web_SS_5.png	1
楃	U+6943	U+6943.png	04139	04139_Web_SS_5.png	1
楄	U+6944	U+6944.png	04140	04140_Web_SS_5.png	1
楅	U+6945	U+6945.png	04141	04141_Web_SS_5.png	1
楇	U+6947	U+6947.png	04142	04142_Web_SS_5.png	1
楈	U+6948	U+6948.png	04143	04143_Web_SS_5.png	1
楋	U+694B	U+694B.png	04145	04145_Web_SS_5.png	1
楎	U+694E	U+694E.png	04146	04146_Web_SS_5.png	1
楑	U+6951	U+6951.png	04147	04147_Web_SS_5.png	1
楔	U+6954	U+6954.png	04149	04149_Web_SS_5.png	1
楗	U+6957	U+6957.png	04151	04151_Web_SS_5.png	1
楘	U+6958	U+6958.png	04152	04152_Web_SS_5.png	1
楚	U+695A	U+695A.png	04154	04154_Web_SS_0.png	2
楛	U+695B	U+695B.png	04155	04155_Web_SS_5.png	1
楝	U+695D	U+695D.png	04156	04156_Web_SS_5.png	1
楞	U+695E	U+695E.png	04157	04157_Web_SS_5.png	1
楢	U+6962	U+6962.png	04158	04158_Web_SS_5.png	1
楣	U+6963	U+6963.png	04159	04159_Web_SS_5.png	1
楨	U+6968	U+6968.png	04161	04161_Web_SS_5.png	1
楫	U+696B	U+696B.png	04162	04162_Web_SS_5.png	1
楬	U+696C	U+696C.png	04163	04163_Web_SS_5.png	1
業	U+696D	U+696D.png	04164	04164_Web_SS_0.png	2
楮	U+696E	U+696E.png	04165	04165_Web_SS_5.png	1
楯	U+696F	U+696F.png	04166	04166_Web_SS_5.png	1
楰	U+6970	U+6970.png	04167	04167_Web_SS_5.png	1
楲	U+6972	U+6972.png	04168	04168_Web_SS_5.png	1
極	U+6975	U+6975.png	04169	04169_Web_SS_0.png	2
楶	U+6976	U+6976.png	04170	04170_Web_SS_5.png	1
楷	U+6977	U+6977.png	04171	04171_Web_SS_0.png	2
楸	U+6978	U+6978.png	04172	04172_Web_SS_5.png	1
楹	U+6979	U+6979.png	04173	04173_Web_SS_5.png	1
楼	U+697C	U+697C.png	04174	04174_Web_SS_0.png	2
概	U+6982	U+6982.png	04175	04175_Web_SS_5.png	2
榆	U+6986	U+6986.png	04176	04176_Web_SS_5.png	1
榍	U+698D	U+698D.png	04177	04177_Web_SS_5.png	1
榑	U+6991	U+6991.png	04178	04178_Web_SS_5.png	1
榗	U+6997	U+6997.png	04180	04180_Web_SS_5.png	1
榘	U+6998	U+6998.png	04181	04181_Web_SS_5.png	1
榛	U+699B	U+699B.png	04183	04183_Web_SS_5.png	1
榜	U+699C	U+699C.png	04184	04184_Web_SS_0.png	2
榣	U+69A3	U+69A3.png	04186	04186_Web_SS_5.png	1
榦	U+69A6	U+69A6.png	04187	04187_Web_SS_5.png	1
榭	U+69AD	U+69AD.png	04188	04188_Web_SS_5.png	1
榮	U+69AE	U+69AE.png	04189	04189_Web_SS_0.png	1
榰	U+69B0	U+69B0.png	04190	04190_Web_SS_5.png	1
榱	U+69B1	U+69B1.png	04191	04191_Web_SS_5.png	1
榷	U+69B7	U+69B7.png	04192	04192_Web_SS_5.png	1
榹	U+69B9	U+69B9.png	04193	04193_Web_SS_5.png	1
榺	U+69BA	U+69BA.png	04194	04194_Web_SS_5.png	1
榻	U+69BB	U+69BB.png	04195	04195_Web_SS_5.png	1
榼	U+69BC	U+69BC.png	04196	04196_Web_SS_5.png	1
槀	U+69C0	U+69C0.png	04198	04198_Web_SS_5.png	1
槁	U+69C1	U+69C1.png	04199	04199_Web_SS_5.png	1
槃	U+69C3	U+69C3.png	04201	04201_Web_SS_5.png	1
槅	U+69C5	U+69C5.png	04202	04202_Web_SS_5.png	1
槈	U+69C8	U+69C8.png	04203	04203_Web_SS_5.png	1
槊	U+69CA	U+69CA.png	04204	04204_Web_SS_5.png	1
構	U+69CB	U+69CB.png	04205	04205_Web_SS_5.png	2
槌	U+69CC	U+69CC.png	04206	04206_Web_SS_5.png	1
槍	U+69CD	U+69CD.png	04207	04207_Web_SS_0.png	2
槎	U+69CE	U+69CE.png	04208	04208_Web_SS_5.png	1
槏	U+69CF	U+69CF.png	04209	04209_Web_SS_5.png	1
槐	U+69D0	U+69D0.png	04210	04210_Web_SS_5.png	1
槔	U+69D4	U+69D4.png	04211	04211_Web_SS_5.png	1
槙	U+69D9	U+69D9.png	04212	04212_Web_SS_5.png	1
槛	U+69DB	U+69DB.png	04213	04213_Web_SS_5.png	2
槢	U+69E2	U+69E2.png	04214	04214_Web_SS_5.png	1
槤	U+69E4	U+69E4.png	04215	04215_Web_SS_5.png	1
槥	U+69E5	U+69E5.png	04216	04216_Web_SS_5.png	1
槧	U+69E7	U+69E7.png	04217	04217_Web_SS_5.png	1
槩	U+69E9	U+69E9.png	04218	04218_Web_SS_5.png	1
槭	U+69ED	U+69ED.png	04220	04220_Web_SS_5.png	1
槮	U+69EE	U+69EE.png	04221	04221_Web_SS_5.png	1
槱	U+69F1	U+69F1.png	04222	04222_Web_SS_5.png	1
槶	U+69F6	U+69F6.png	04224	04224_Web_SS_5.png	1
槸	U+69F8	U+69F8.png	04225	04225_Web_SS_5.png	1
槹	U+69F9	U+69F9.png	04226	04226_Web_SS_5.png	1
槽	U+69FD	U+69FD.png	04227	04227_Web_SS_0.png	2
槾	U+69FE	U+69FE.png	04228	04228_Web_SS_5.png	1
槿	U+69FF	U+69FF.png	04229	04229_Web_SS_5.png	1
樀	U+6A00	U+6A00.png	04230	04230_Web_SS_5.png	1
樁	U+6A01	U+6A01.png	04231	04231_Web_SS_0.png	2
樂	U+6A02	U+6A02.png	04232	04232_Web_SS_0.png	1
樅	U+6A05	U+6A05.png	04233	04233_Web_SS_5.png	1
樊	U+6A0A	U+6A0A.png	04234	04234_Web_SS_5.png	2
樓	U+6A13	U+6A13.png	04235	04235_Web_SS_0.png	1
樔	U+6A14	U+6A14.png	04236	04236_Web_SS_5.png	1
樕	U+6A15	U+6A15.png	04237	04237_Web_SS_5.png	1
樗	U+6A17	U+6A17.png	04238	04238_Web_SS_5.png	1
樘	U+6A18	U+6A18.png	04239	04239_Web_SS_5.png	1
標	U+6A19	U+6A19.png	04240	04240_Web_SS_0.png	1
樛	U+6A1B	U+6A1B.png	04241	04241_Web_SS_5.png	1
樜	U+6A1C	U+6A1C.png	04242	04242_Web_SS_5.png	1
樝	U+6A1D	U+6A1D.png	04243	04243_Web_SS_5.png	1
樞	U+6A1E	U+6A1E.png	04244	04244_Web_SS_5.png	1
樠	U+6A20	U+6A20.png	04245	04245_Web_SS_5.png	1
模	U+6A21	U+6A21.png	04246	04246_Web_SS_5.png	2
樣	U+6A23	U+6A23.png	04247	04247_Web_SS_5.png	2
樧	U+6A27	U+6A27.png	04248	04248_Web_SS_5.png	1
横	U+6A2A	U+6A2A.png	04249	04249_Web_SS_5.png	2
樲	U+6A32	U+6A32.png	04250	04250_Web_SS_5.png	1
樴	U+6A34	U+6A34.png	04251	04251_Web_SS_5.png	1
樵	U+6A35	U+6A35.png	04252	04252_Web_SS_5.png	1
樸	U+6A38	U+6A38.png	04253	04253_Web_SS_5.png	2
樹	U+6A39	U+6A39.png	04254	04254_Web_SS_1.png	2
樻	U+6A3B	U+6A3B.png	04256	04256_Web_SS_5.png	1
樿	U+6A3F	U+6A3F.png	04257	04257_Web_SS_5.png	1
橃	U+6A43	U+6A43.png	04258	04258_Web_SS_5.png	1
橋	U+6A4B	U+6A4B.png	04261	04261_Web_SS_0.png	2
橌	U+6A4C	U+6A4C.png	04262	04262_Web_SS_5.png	1
橎	U+6A4E	U+6A4E.png	04263	04263_Web_SS_5.png	1
橐	U+6A50	U+6A50.png	04264	04264_Web_SS_5.png	1
橑	U+6A51	U+6A51.png	04265	04265_Web_SS_5.png	1
橘	U+6A58	U+6A58.png	04266	04266_Web_SS_5.png	1
橙	U+6A59	U+6A59.png	04267	04267_Web_SS_5.png	1
橚	U+6A5A	U+6A5A.png	04268	04268_Web_SS_5.png	1
橛	U+6A5B	U+6A5B.png	04269	04269_Web_SS_5.png	1
橜	U+6A5C	U+6A5C.png	04270	04270_Web_SS_5.png	1
橝	U+6A5D	U+6A5D.png	04271	04271_Web_SS_5.png	1
橞	U+6A5E	U+6A5E.png	04272	04272_Web_SS_5.png	1
機	U+6A5F	U+6A5F.png	04273	04273_Web_SS_0.png	2
橢	U+6A62	U+6A62.png	04274	04274_Web_SS_5.png	1
橪	U+6A6A	U+6A6A.png	04275	04275_Web_SS_5.png	1
橫	U+6A6B	U+6A6B.png	04276	04276_Web_SS_5.png	2
橾	U+6A7E	U+6A7E.png	04278	04278_Web_SS_5.png	1
橿	U+6A7F	U+6A7F.png	04279	04279_Web_SS_5.png	1
檀	U+6A80	U+6A80.png	04280	04280_Web_SS_5.png	1
檃	U+6A83	U+6A83.png	04281	04281_Web_SS_5.png	1
檄	U+6A84	U+6A84.png	04282	04282_Web_SS_5.png	1
檆	U+6A86	U+6A86.png	04283	04283_Web_SS_5.png	1
檇	U+6A87	U+6A87.png	04284	04284_Web_SS_5.png	1
檈	U+6A88	U+6A88.png	04285	04285_Web_SS_5.png	1
檉	U+6A89	U+6A89.png	04286	04286_Web_SS_5.png	1
檍	U+6A8D	U+6A8D.png	04287	04287_Web_SS_5.png	1
檐	U+6A90	U+6A90.png	04288	04288_Web_SS_5.png	1
檕	U+6A95	U+6A95.png	04289	04289_Web_SS_5.png	1
檗	U+6A97	U+6A97.png	04290	04290_Web_SS_5.png	1
檜	U+6A9C	U+6A9C.png	04291	04291_Web_SS_5.png	1
檟	U+6A9F	U+6A9F.png	04292	04292_Web_SS_5.png	1
檠	U+6AA0	U+6AA0.png	04293	04293_Web_SS_5.png	1
檢	U+6AA2	U+6AA2.png	04294	04294_Web_SS_5.png	2
檥	U+6AA5	U+6AA5.png	04295	04295_Web_SS_5.png	1
檴	U+6AB4	U+6AB4.png	04297	04297_Web_SS_5.png	1
檵	U+6AB5	U+6AB5.png	04298	04298_Web_SS_5.png	1
檷	U+6AB7	U+6AB7.png	04299	04299_Web_SS_5.png	1
檹	U+6AB9	U+6AB9.png	04300	04300_Web_SS_5.png	1
檻	U+6ABB	U+6ABB.png	04301	04301_Web_SS_0.png	1
檼	U+6ABC	U+6ABC.png	04302	04302_Web_SS_5.png	1
檾	U+6ABE	U+6ABE.png	04303	04303_Web_SS_5.png	1
檿	U+6ABF	U+6ABF.png	04304	04304_Web_SS_5.png	1
櫂	U+6AC2	U+6AC2.png	04305	04305_Web_SS_5.png	1
櫅	U+6AC5	U+6AC5.png	04306	04306_Web_SS_5.png	1
櫋	U+6ACB	U+6ACB.png	04307	04307_Web_SS_5.png	1
櫌	U+6ACC	U+6ACC.png	04308	04308_Web_SS_5.png	1
櫍	U+6ACD	U+6ACD.png	04309	04309_Web_SS_5.png	1
櫎	U+6ACE	U+6ACE.png	04310	04310_Web_SS_5.png	1
櫑	U+6AD1	U+6AD1.png	04311	04311_Web_SS_5.png	1
櫛	U+6ADB	U+6ADB.png	04314	04314_Web_SS_5.png	1
櫜	U+6ADC	U+6ADC.png	04315	04315_Web_SS_5.png	1
櫝	U+6ADD	U+6ADD.png	04316	04316_Web_SS_5.png	1
櫟	U+6ADF	U+6ADF.png	04317	04317_Web_SS_5.png	1
櫡	U+6AE1	U+6AE1.png	04318	04318_Web_SS_5.png	1
櫨	U+6AE8	U+6AE8.png	04319	04319_Web_SS_5.png	1
櫪	U+6AEA	U+6AEA.png	04320	04320_Web_SS_5.png	1
櫬	U+6AEC	U+6AEC.png	04321	04321_Web_SS_5.png	1
櫱	U+6AF1	U+6AF1.png	04322	04322_Web_SS_5.png	1
櫳	U+6AF3	U+6AF3.png	04323	04323_Web_SS_5.png	1
櫺	U+6AFA	U+6AFA.png	04324	04324_Web_SS_5.png	1
櫻	U+6AFB	U+6AFB.png	04325	04325_Web_SS_5.png	1
櫼	U+6AFC	U+6AFC.png	04326	04326_Web_SS_5.png	1
欄	U+6B04	U+6B04.png	04328	04328_Web_SS_0.png	1
權	U+6B0A	U+6B0A.png	04330	04330_Web_SS_5.png	2
欑	U+6B11	U+6B11.png	04331	04331_Web_SS_5.png	1
欒	U+6B12	U+6B12.png	04332	04332_Web_SS_5.png	1
欘	U+6B18	U+6B18.png	04333	04333_Web_SS_5.png	1
欙	U+6B19	U+6B19.png	04334	04334_Web_SS_5.png	1
欚	U+6B1A	U+6B1A.png	04335	04335_Web_SS_5.png	1
欠	U+6B20	U+6B20.png	04336	04336_Web_SS_0.png	2
次	U+6B21	U+6B21.png	04337	04337_Web_SS_0.png	3
欢	U+6B22	U+6B22.png	04338	04338_Web_SS_0.png	2
欣	U+6B23	U+6B23.png	04339	04339_Web_SS_0.png	2
欥	U+6B25	U+6B25.png	04340	04340_Web_SS_5.png	1
欦	U+6B26	U+6B26.png	04341	04341_Web_SS_5.png	1
欧	U+6B27	U+6B27.png	04342	04342_Web_SS_0.png	2
欨	U+6B28	U+6B28.png	04343	04343_Web_SS_5.png	1
欪	U+6B2A	U+6B2A.png	04344	04344_Web_SS_5.png	1
欯	U+6B2F	U+6B2F.png	04347	04347_Web_SS_5.png	1
欱	U+6B31	U+6B31.png	04348	04348_Web_SS_5.png	1
欲	U+6B32	U+6B32.png	04349	04349_Web_SS_0.png	2
欶	U+6B36	U+6B36.png	04350	04350_Web_SS_5.png	1
欷	U+6B37	U+6B37.png	04351	04351_Web_SS_5.png	1
欸	U+6B38	U+6B38.png	04352	04352_Web_SS_5.png	1
欹	U+6B39	U+6B39.png	04353	04353_Web_SS_5.png	1
欺	U+6B3A	U+6B3A.png	04354	04354_Web_SS_5.png	2
欻	U+6B3B	U+6B3B.png	04355	04355_Web_SS_5.png	1
欽	U+6B3D	U+6B3D.png	04357	04357_Web_SS_5.png	2
款	U+6B3E	U+6B3E.png	04358	04358_Web_SS_0.png	3
欿	U+6B3F	U+6B3F.png	04359	04359_Web_SS_5.png	1
歁	U+6B41	U+6B41.png	04360	04360_Web_SS_5.png	1
歂	U+6B42	U+6B42.png	04361	04361_Web_SS_5.png	1
歃	U+6B43	U+6B43.png	04362	04362_Web_SS_5.png	1
歆	U+6B46	U+6B46.png	04363	04363_Web_SS_5.png	1
歇	U+6B47	U+6B47.png	04364	04364_Web_SS_5.png	2
歈	U+6B48	U+6B48.png	04365	04365_Web_SS_5.png	1
歉	U+6B49	U+6B49.png	04366	04366_Web_SS_0.png	2
歊	U+6B4A	U+6B4A.png	04367	04367_Web_SS_5.png	1
歋	U+6B4B	U+6B4B.png	04368	04368_Web_SS_5.png	1
歌	U+6B4C	U+6B4C.png	04369	04369_Web_SS_0.png	3
歍	U+6B4D	U+6B4D.png	04370	04370_Web_SS_5.png	1
歎	U+6B4E	U+6B4E.png	04371	04371_Web_SS_5.png	1
歐	U+6B50	U+6B50.png	04373	04373_Web_SS_5.png	2
歑	U+6B51	U+6B51.png	04374	04374_Web_SS_5.png	1
歔	U+6B54	U+6B54.png	04375	04375_Web_SS_5.png	1
歕	U+6B55	U+6B55.png	04376	04376_Web_SS_5.png	1
歖	U+6B56	U+6B56.png	04377	04377_Web_SS_5.png	1
歗	U+6B57	U+6B57.png	04378	04378_Web_SS_5.png	1
歙	U+6B59	U+6B59.png	04379	04379_Web_SS_5.png	1
歜	U+6B5C	U+6B5C.png	04381	04381_Web_SS_5.png	1
歟	U+6B5F	U+6B5F.png	04382	04382_Web_SS_5.png	1
歠	U+6B60	U+6B60.png	04383	04383_Web_SS_5.png	1
歡	U+6B61	U+6B61.png	04384	04384_Web_SS_0.png	2
止	U+6B62	U+6B62.png	04385	04385_Web_SS_0.png	2
正	U+6B63	U+6B63.png	04386	04386_Web_SS_2.png	4
此	U+6B64	U+6B64.png	04387	04387_Web_SS_5.png	2
步	U+6B65	U+6B65.png	04388	04388_Web_SS_0.png	2
武	U+6B66	U+6B66.png	04389	04389_Web_SS_5.png	2
歧	U+6B67	U+6B67.png	04390	04390_Web_SS_5.png	1
歫	U+6B6B	U+6B6B.png	04391	04391_Web_SS_5.png	1
歰	U+6B70	U+6B70.png	04394	04394_Web_SS_5.png	1
歱	U+6B71	U+6B71.png	04395	04395_Web_SS_5.png	1
歲	U+6B72	U+6B72.png	04396	04396_Web_SS_0.png	1
歷	U+6B77	U+6B77.png	04397	04397_Web_SS_0.png	1
歸	U+6B78	U+6B78.png	04398	04398_Web_SS_0.png	3
歹	U+6B79	U+6B79.png	04399	04399_Web_SS_5.png	3
死	U+6B7B	U+6B7B.png	04401	04401_Web_SS_5.png	3
歾	U+6B7E	U+6B7E.png	04402	04402_Web_SS_5.png	1
歿	U+6B7F	U+6B7F.png	04403	04403_Web_SS_5.png	1
殂	U+6B82	U+6B82.png	04405	04405_Web_SS_5.png	1
殃	U+6B83	U+6B83.png	04406	04406_Web_SS_5.png	1
殄	U+6B84	U+6B84.png	04407	04407_Web_SS_5.png	1
殆	U+6B86	U+6B86.png	04408	04408_Web_SS_5.png	1
殊	U+6B8A	U+6B8A.png	04409	04409_Web_SS_0.png	2
残	U+6B8B	U+6B8B.png	04410	04410_Web_SS_0.png	2
殔	U+6B94	U+6B94.png	04411	04411_Web_SS_5.png	1
殖	U+6B96	U+6B96.png	04412	04412_Web_SS_0.png	2
殘	U+6B98	U+6B98.png	04413	04413_Web_SS_0.png	2
殛	U+6B9B	U+6B9B.png	04414	04414_Web_SS_5.png	1
殟	U+6B9F	U+6B9F.png	04416	04416_Web_SS_5.png	1
殠	U+6BA0	U+6BA0.png	04417	04417_Web_SS_5.png	1
殤	U+6BA4	U+6BA4.png	04418	04418_Web_SS_5.png	1
殨	U+6BA8	U+6BA8.png	04419	04419_Web_SS_5.png	1
殪	U+6BAA	U+6BAA.png	04420	04420_Web_SS_5.png	1
殫	U+6BAB	U+6BAB.png	04421	04421_Web_SS_5.png	1
殬	U+6BAC	U+6BAC.png	04422	04422_Web_SS_5.png	1
殯	U+6BAF	U+6BAF.png	04423	04423_Web_SS_5.png	1
殰	U+6BB0	U+6BB0.png	04424	04424_Web_SS_5.png	1
殲	U+6BB2	U+6BB2.png	04425	04425_Web_SS_5.png	1
殳	U+6BB3	U+6BB3.png	04426	04426_Web_SS_0.png	2
段	U+6BB5	U+6BB5.png	04427	04427_Web_SS_5.png	2
殷	U+6BB7	U+6BB7.png	04428	04428_Web_SS_5.png	2
殹	U+6BB9	U+6BB9.png	04430	04430_Web_SS_5.png	1
殺	U+6BBA	U+6BBA.png	04431	04431_Web_SS_5.png	4
殼	U+6BBC	U+6BBC.png	04432	04432_Web_SS_0.png	1
殽	U+6BBD	U+6BBD.png	04433	04433_Web_SS_5.png	1
殿	U+6BBF	U+6BBF.png	04434	04434_Web_SS_0.png	2
毀	U+6BC0	U+6BC0.png	04435	04435_Web_SS_0.png	3
毁	U+6BC1	U+6BC1.png	04436	04436_Web_SS_5.png	3
毃	U+6BC3	U+6BC3.png	04437	04437_Web_SS_5.png	1
毄	U+6BC4	U+6BC4.png	04438	04438_Web_SS_5.png	1
毅	U+6BC5	U+6BC5.png	04439	04439_Web_SS_5.png	2
毆	U+6BC6	U+6BC6.png	04440	04440_Web_SS_5.png	1
毇	U+6BC7	U+6BC7.png	04441	04441_Web_SS_5.png	1
毋	U+6BCB	U+6BCB.png	04442	04442_Web_SS_0.png	2
毌	U+6BCC	U+6BCC.png	04443	04443_Web_SS_5.png	1
母	U+6BCD	U+6BCD.png	04444	04444_Web_SS_0.png	2
每	U+6BCF	U+6BCF.png	04445	04445_Web_SS_0.png	2
毐	U+6BD0	U+6BD0.png	04446	04446_Web_SS_5.png	1
毒	U+6BD2	U+6BD2.png	04447	04447_Web_SS_0.png	2
毓	U+6BD3	U+6BD3.png	04448	04448_Web_SS_5.png	1
比	U+6BD4	U+6BD4.png	04449	04449_Web_SS_1.png	3
毕	U+6BD5	U+6BD5.png	04450	04450_Web_SS_5.png	2
毖	U+6BD6	U+6BD6.png	04451	04451_Web_SS_5.png	1
毙	U+6BD9	U+6BD9.png	04453	04453_Web_SS_1.png	3
毚	U+6BDA	U+6BDA.png	04454	04454_Web_SS_5.png	1
毛	U+6BDB	U+6BDB.png	04455	04455_Web_SS_5.png	2
毦	U+6BE6	U+6BE6.png	04457	04457_Web_SS_5.png	1
毨	U+6BE8	U+6BE8.png	04458	04458_Web_SS_5.png	1
毬	U+6BEC	U+6BEC.png	04459	04459_Web_SS_5.png	1
毳	U+6BF3	U+6BF3.png	04460	04460_Web_SS_5.png	1
毹	U+6BF9	U+6BF9.png	04462	04462_Web_SS_5.png	1
氂	U+6C02	U+6C02.png	04463	04463_Web_SS_5.png	1
氅	U+6C05	U+6C05.png	04464	04464_Web_SS_5.png	1
氈	U+6C08	U+6C08.png	04465	04465_Web_SS_5.png	1
氍	U+6C0D	U+6C0D.png	04467	04467_Web_SS_5.png	1
氏	U+6C0F	U+6C0F.png	04468	04468_Web_SS_5.png	2
氐	U+6C10	U+6C10.png	04469	04469_Web_SS_5.png	1
民	U+6C11	U+6C11.png	04470	04470_Web_SS_5.png	3
氒	U+6C12	U+6C12.png	04471	04471_Web_SS_5.png	1
氓	U+6C13	U+6C13.png	04472	04472_Web_SS_5.png	1
气	U+6C14	U+6C14.png	04473	04473_Web_SS_5.png	1
氛	U+6C1B	U+6C1B.png	04474	04474_Web_SS_5.png	1
氣	U+6C23	U+6C23.png	04475	04475_Web_SS_5.png	4
水	U+6C34	U+6C34.png	04477	04477_Web_SS_5.png	2
氵	U+6C35	U+6C35.png	04478	04478_Web_SS_5.png	1
永	U+6C38	U+6C38.png	04479	04479_Web_SS_5.png	2
氾	U+6C3E	U+6C3E.png	04480	04480_Web_SS_0.png	1
氿	U+6C3F	U+6C3F.png	04481	04481_Web_SS_5.png	1
汀	U+6C40	U+6C40.png	04482	04482_Web_SS_5.png	1
汁	U+6C41	U+6C41.png	04483	04483_Web_SS_0.png	2
求	U+6C42	U+6C42.png	04484	04484_Web_SS_1.png	3
汃	U+6C43	U+6C43.png	04485	04485_Web_SS_5.png	1
汇	U+6C47	U+6C47.png	04486	04486_Web_SS_0.png	2
汉	U+6C49	U+6C49.png	04487	04487_Web_SS_0.png	3
汋	U+6C4B	U+6C4B.png	04489	04489_Web_SS_5.png	1
汍	U+6C4D	U+6C4D.png	04490	04490_Web_SS_5.png	1
汓	U+6C53	U+6C53.png	04494	04494_Web_SS_5.png	1
汕	U+6C55	U+6C55.png	04495	04495_Web_SS_5.png	1
汗	U+6C57	U+6C57.png	04496	04496_Web_SS_0.png	2
汘	U+6C58	U+6C58.png	04497	04497_Web_SS_5.png	1
汙	U+6C59	U+6C59.png	04498	04498_Web_SS_0.png	2
汛	U+6C5B	U+6C5B.png	04499	04499_Web_SS_5.png	1
汜	U+6C5C	U+6C5C.png	04500	04500_Web_SS_5.png	1
汝	U+6C5D	U+6C5D.png	04501	04501_Web_SS_0.png	2
江	U+6C5F	U+6C5F.png	04502	04502_Web_SS_0.png	2
池	U+6C60	U+6C60.png	04503	04503_Web_SS_0.png	2
污	U+6C61	U+6C61.png	04504	04504_Web_SS_0.png	2
汤	U+6C64	U+6C64.png	04505	04505_Web_SS_0.png	2
汥	U+6C65	U+6C65.png	04506	04506_Web_SS_5.png	1
汦	U+6C66	U+6C66.png	04507	04507_Web_SS_5.png	1
汨	U+6C68	U+6C68.png	04509	04509_Web_SS_5.png	1
汩	U+6C69	U+6C69.png	04510	04510_Web_SS_5.png	1
汪	U+6C6A	U+6C6A.png	04511	04511_Web_SS_0.png	2
汰	U+6C70	U+6C70.png	04514	04514_Web_SS_5.png	1
汲	U+6C72	U+6C72.png	04516	04516_Web_SS_5.png	1
汳	U+6C73	U+6C73.png	04517	04517_Web_SS_5.png	1
汶	U+6C76	U+6C76.png	04518	04518_Web_SS_5.png	1
汷	U+6C77	U+6C77.png	04519	04519_Web_SS_5.png	1
汸	U+6C78	U+6C78.png	04520	04520_Web_SS_5.png	1
汹	U+6C79	U+6C79.png	04521	04521_Web_SS_0.png	2
決	U+6C7A	U+6C7A.png	04522	04522_Web_SS_0.png	2
汻	U+6C7B	U+6C7B.png	04523	04523_Web_SS_5.png	1
汽	U+6C7D	U+6C7D.png	04524	04524_Web_SS_0.png	2
汾	U+6C7E	U+6C7E.png	04525	04525_Web_SS_5.png	1
沁	U+6C81	U+6C81.png	04526	04526_Web_SS_5.png	1
沂	U+6C82	U+6C82.png	04527	04527_Web_SS_5.png	1
沃	U+6C83	U+6C83.png	04528	04528_Web_SS_0.png	2
沄	U+6C84	U+6C84.png	04529	04529_Web_SS_5.png	1
沅	U+6C85	U+6C85.png	04530	04530_Web_SS_5.png	1
沆	U+6C86	U+6C86.png	04531	04531_Web_SS_5.png	1
沇	U+6C87	U+6C87.png	04532	04532_Web_SS_5.png	1
沈	U+6C88	U+6C88.png	04533	04533_Web_SS_0.png	2
沉	U+6C89	U+6C89.png	04534	04534_Web_SS_0.png	2
沋	U+6C8B	U+6C8B.png	04535	04535_Web_SS_5.png	1
沐	U+6C90	U+6C90.png	04537	04537_Web_SS_0.png	2
沑	U+6C91	U+6C91.png	04538	04538_Web_SS_5.png	1
沒	U+6C92	U+6C92.png	04539	04539_Web_SS_0.png	2
沓	U+6C93	U+6C93.png	04540	04540_Web_SS_5.png	1
沔	U+6C94	U+6C94.png	04541	04541_Web_SS_5.png	1
沖	U+6C96	U+6C96.png	04542	04542_Web_SS_5.png	2
沙	U+6C99	U+6C99.png	04543	04543_Web_SS_0.png	3
沛	U+6C9B	U+6C9B.png	04545	04545_Web_SS_5.png	2
沝	U+6C9D	U+6C9D.png	04546	04546_Web_SS_5.png	1
沟	U+6C9F	U+6C9F.png	04547	04547_Web_SS_0.png	2
没	U+6CA1	U+6CA1.png	04548	04548_Web_SS_0.png	2
沥	U+6CA5	U+6CA5.png	04549	04549_Web_SS_0.png	2
沦	U+6CA6	U+6CA6.png	04550	04550_Web_SS_5.png	2
沫	U+6CAB	U+6CAB.png	04551	04551_Web_SS_5.png	2
沭	U+6CAD	U+6CAD.png	04553	04553_Web_SS_5.png	1
沮	U+6CAE	U+6CAE.png	04554	04554_Web_SS_5.png	1
沱	U+6CB1	U+6CB1.png	04555	04555_Web_SS_5.png	1
河	U+6CB3	U+6CB3.png	04557	04557_Web_SS_0.png	2
沴	U+6CB4	U+6CB4.png	04558	04558_Web_SS_5.png	1
沸	U+6CB8	U+6CB8.png	04560	04560_Web_SS_0.png	2
油	U+6CB9	U+6CB9.png	04561	04561_Web_SS_5.png	2
治	U+6CBB	U+6CBB.png	04562	04562_Web_SS_0.png	2
沼	U+6CBC	U+6CBC.png	04563	04563_Web_SS_5.png	1
沽	U+6CBD	U+6CBD.png	04564	04564_Web_SS_5.png	1
沾	U+6CBE	U+6CBE.png	04565	04565_Web_SS_0.png	2
沿	U+6CBF	U+6CBF.png	04566	04566_Web_SS_5.png	2
況	U+6CC1	U+6CC1.png	04567	04567_Web_SS_0.png	2
泂	U+6CC2	U+6CC2.png	04568	04568_Web_SS_5.png	1
泄	U+6CC4	U+6CC4.png	04570	04570_Web_SS_5.png	2
泅	U+6CC5	U+6CC5.png	04571	04571_Web_SS_5.png	1
泉	U+6CC9	U+6CC9.png	04573	04573_Web_SS_0.png	2
泊	U+6CCA	U+6CCA.png	04574	04574_Web_SS_5.png	1
泌	U+6CCC	U+6CCC.png	04575	04575_Web_SS_5.png	1
泏	U+6CCF	U+6CCF.png	04576	04576_Web_SS_5.png	1
泐	U+6CD0	U+6CD0.png	04577	04577_Web_SS_5.png	1
泑	U+6CD1	U+6CD1.png	04578	04578_Web_SS_5.png	1
泒	U+6CD2	U+6CD2.png	04579	04579_Web_SS_5.png	1
泓	U+6CD3	U+6CD3.png	04580	04580_Web_SS_5.png	1
泔	U+6CD4	U+6CD4.png	04581	04581_Web_SS_5.png	1
法	U+6CD5	U+6CD5.png	04582	04582_Web_SS_1.png	4
泗	U+6CD7	U+6CD7.png	04583	04583_Web_SS_5.png	1
泙	U+6CD9	U+6CD9.png	04584	04584_Web_SS_5.png	1
泛	U+6CDB	U+6CDB.png	04585	04585_Web_SS_0.png	2
泜	U+6CDC	U+6CDC.png	04586	04586_Web_SS_5.png	1
泝	U+6CDD	U+6CDD.png	04587	04587_Web_SS_5.png	1
泠	U+6CE0	U+6CE0.png	04588	04588_Web_SS_5.png	1
泡	U+6CE1	U+6CE1.png	04589	04589_Web_SS_0.png	2
波	U+6CE2	U+6CE2.png	04590	04590_Web_SS_0.png	2
泣	U+6CE3	U+6CE3.png	04591	04591_Web_SS_5.png	2
泥	U+6CE5	U+6CE5.png	04592	04592_Web_SS_0.png	2
泧	U+6CE7	U+6CE7.png	04593	04593_Web_SS_5.png	1
注	U+6CE8	U+6CE8.png	04594	04594_Web_SS_5.png	2
泪	U+6CEA	U+6CEA.png	04596	04596_Web_SS_5.png	1
泫	U+6CEB	U+6CEB.png	04597	04597_Web_SS_5.png	1
泬	U+6CEC	U+6CEC.png	04598	04598_Web_SS_5.png	1
泭	U+6CED	U+6CED.png	04599	04599_Web_SS_5.png	1
泮	U+6CEE	U+6CEE.png	04600	04600_Web_SS_5.png	1
泯	U+6CEF	U+6CEF.png	04601	04601_Web_SS_5.png	1
泰	U+6CF0	U+6CF0.png	04602	04602_Web_SS_0.png	3
泱	U+6CF1	U+6CF1.png	04603	04603_Web_SS_5.png	1
泲	U+6CF2	U+6CF2.png	04604	04604_Web_SS_5.png	1
泳	U+6CF3	U+6CF3.png	04605	04605_Web_SS_5.png	2
洁	U+6D01	U+6D01.png	04607	04607_Web_SS_5.png	3
洄	U+6D04	U+6D04.png	04608	04608_Web_SS_5.png	1
洅	U+6D05	U+6D05.png	04609	04609_Web_SS_5.png	1
洇	U+6D07	U+6D07.png	04611	04611_Web_SS_5.png	1
洈	U+6D08	U+6D08.png	04612	04612_Web_SS_5.png	1
洋	U+6D0B	U+6D0B.png	04613	04613_Web_SS_0.png	2
洌	U+6D0C	U+6D0C.png	04614	04614_Web_SS_5.png	1
洍	U+6D0D	U+6D0D.png	04615	04615_Web_SS_5.png	1
洎	U+6D0E	U+6D0E.png	04616	04616_Web_SS_5.png	1
洏	U+6D0F	U+6D0F.png	04617	04617_Web_SS_5.png	1
洐	U+6D10	U+6D10.png	04618	04618_Web_SS_5.png	1
洒	U+6D12	U+6D12.png	04619	04619_Web_SS_5.png	3
洓	U+6D13	U+6D13.png	04620	04620_Web_SS_5.png	1
洔	U+6D14	U+6D14.png	04621	04621_Web_SS_5.png	1
洗	U+6D17	U+6D17.png	04623	04623_Web_SS_5.png	2
洙	U+6D19	U+6D19.png	04624	04624_Web_SS_5.png	1
洚	U+6D1A	U+6D1A.png	04625	04625_Web_SS_5.png	1
洛	U+6D1B	U+6D1B.png	04626	04626_Web_SS_5.png	1
洝	U+6D1D	U+6D1D.png	04627	04627_Web_SS_5.png	1
洞	U+6D1E	U+6D1E.png	04628	04628_Web_SS_0.png	2
洟	U+6D1F	U+6D1F.png	04629	04629_Web_SS_5.png	1
津	U+6D25	U+6D25.png	04630	04630_Web_SS_5.png	3
洧	U+6D27	U+6D27.png	04631	04631_Web_SS_5.png	1
洪	U+6D2A	U+6D2A.png	04633	04633_Web_SS_5.png	2
洫	U+6D2B	U+6D2B.png	04634	04634_Web_SS_5.png	1
洭	U+6D2D	U+6D2D.png	04635	04635_Web_SS_5.png	1
洮	U+6D2E	U+6D2E.png	04636	04636_Web_SS_5.png	1
洱	U+6D31	U+6D31.png	04637	04637_Web_SS_5.png	1
洵	U+6D35	U+6D35.png	04639	04639_Web_SS_5.png	1
洶	U+6D36	U+6D36.png	04640	04640_Web_SS_0.png	2
洹	U+6D39	U+6D39.png	04641	04641_Web_SS_5.png	1
活	U+6D3B	U+6D3B.png	04642	04642_Web_SS_0.png	3
洼	U+6D3C	U+6D3C.png	04643	04643_Web_SS_5.png	1
洽	U+6D3D	U+6D3D.png	04644	04644_Web_SS_0.png	2
派	U+6D3E	U+6D3E.png	04645	04645_Web_SS_1.png	3
洿	U+6D3F	U+6D3F.png	04646	04646_Web_SS_5.png	1
流	U+6D41	U+6D41.png	04647	04647_Web_SS_1.png	3
浅	U+6D45	U+6D45.png	04648	04648_Web_SS_0.png	2
浇	U+6D47	U+6D47.png	04649	04649_Web_SS_0.png	2
浊	U+6D4A	U+6D4A.png	04650	04650_Web_SS_0.png	2
测	U+6D4B	U+6D4B.png	04651	04651_Web_SS_5.png	2
浏	U+6D4F	U+6D4F.png	04652	04652_Web_SS_5.png	2
浑	U+6D51	U+6D51.png	04653	04653_Web_SS_0.png	2
浙	U+6D59	U+6D59.png	04655	04655_Web_SS_5.png	1
浚	U+6D5A	U+6D5A.png	04656	04656_Web_SS_5.png	1
浝	U+6D5D	U+6D5D.png	04657	04657_Web_SS_5.png	1
浞	U+6D5E	U+6D5E.png	04658	04658_Web_SS_5.png	1
浣	U+6D63	U+6D63.png	04660	04660_Web_SS_5.png	1
浦	U+6D66	U+6D66.png	04662	04662_Web_SS_5.png	1
浩	U+6D69	U+6D69.png	04664	04664_Web_SS_0.png	2
浪	U+6D6A	U+6D6A.png	04665	04665_Web_SS_0.png	2
浮	U+6D6E	U+6D6E.png	04666	04666_Web_SS_0.png	2
浯	U+6D6F	U+6D6F.png	04667	04667_Web_SS_5.png	1
浴	U+6D74	U+6D74.png	04668	04668_Web_SS_0.png	2
海	U+6D77	U+6D77.png	04669	04669_Web_SS_0.png	2
浸	U+6D78	U+6D78.png	04670	04670_Web_SS_0.png	2
浼	U+6D7C	U+6D7C.png	04671	04671_Web_SS_5.png	1
浾	U+6D7E	U+6D7E.png	04672	04672_Web_SS_5.png	1
浿	U+6D7F	U+6D7F.png	04673	04673_Web_SS_5.png	1
涂	U+6D82	U+6D82.png	04674	04674_Web_SS_0.png	2
涅	U+6D85	U+6D85.png	04675	04675_Web_SS_5.png	1
涇	U+6D87	U+6D87.png	04676	04676_Web_SS_5.png	1
消	U+6D88	U+6D88.png	04677	04677_Web_SS_0.png	2
涉	U+6D89	U+6D89.png	04678	04678_Web_SS_1.png	3
涌	U+6D8C	U+6D8C.png	04679	04679_Web_SS_5.png	1
涐	U+6D90	U+6D90.png	04680	04680_Web_SS_5.png	1
涑	U+6D91	U+6D91.png	04681	04681_Web_SS_5.png	1
涒	U+6D92	U+6D92.png	04682	04682_Web_SS_5.png	1
涓	U+6D93	U+6D93.png	04683	04683_Web_SS_5.png	1
涔	U+6D94	U+6D94.png	04684	04684_Web_SS_5.png	1
涕	U+6D95	U+6D95.png	04685	04685_Web_SS_5.png	1
涗	U+6D97	U+6D97.png	04686	04686_Web_SS_5.png	1
涛	U+6D9B	U+6D9B.png	04687	04687_Web_SS_0.png	2
润	U+6DA6	U+6DA6.png	04688	04688_Web_SS_0.png	2
涩	U+6DA9	U+6DA9.png	04690	04690_Web_SS_5.png	2
涪	U+6DAA	U+6DAA.png	04691	04691_Web_SS_5.png	1
涫	U+6DAB	U+6DAB.png	04692	04692_Web_SS_5.png	1
涯	U+6DAF	U+6DAF.png	04693	04693_Web_SS_5.png	2
液	U+6DB2	U+6DB2.png	04694	04694_Web_SS_5.png	2
涳	U+6DB3	U+6DB3.png	04695	04695_Web_SS_5.png	1
涵	U+6DB5	U+6DB5.png	04696	04696_Web_SS_5.png	2
涶	U+6DB6	U+6DB6.png	04697	04697_Web_SS_5.png	1
涷	U+6DB7	U+6DB7.png	04698	04698_Web_SS_5.png	1
涸	U+6DB8	U+6DB8.png	04699	04699_Web_SS_5.png	1
涺	U+6DBA	U+6DBA.png	04700	04700_Web_SS_5.png	1
涻	U+6DBB	U+6DBB.png	04701	04701_Web_SS_5.png	1
涼	U+6DBC	U+6DBC.png	04702	04702_Web_SS_0.png	2
涾	U+6DBE	U+6DBE.png	04703	04703_Web_SS_5.png	1
涿	U+6DBF	U+6DBF.png	04704	04704_Web_SS_5.png	1
淀	U+6DC0	U+6DC0.png	04705	04705_Web_SS_5.png	2
淁	U+6DC1	U+6DC1.png	04706	04706_Web_SS_5.png	1
淄	U+6DC4	U+6DC4.png	04707	04707_Web_SS_5.png	1
淅	U+6DC5	U+6DC5.png	04708	04708_Web_SS_5.png	1
淇	U+6DC7	U+6DC7.png	04709	04709_Web_SS_5.png	1
淈	U+6DC8	U+6DC8.png	04710	04710_Web_SS_5.png	1
淉	U+6DC9	U+6DC9.png	04711	04711_Web_SS_5.png	1
淊	U+6DCA	U+6DCA.png	04712	04712_Web_SS_5.png	1
淋	U+6DCB	U+6DCB.png	04713	04713_Web_SS_5.png	1
淑	U+6DD1	U+6DD1.png	04715	04715_Web_SS_5.png	2
淒	U+6DD2	U+6DD2.png	04716	04716_Web_SS_5.png	1
淔	U+6DD4	U+6DD4.png	04717	04717_Web_SS_5.png	1
淖	U+6DD6	U+6DD6.png	04718	04718_Web_SS_5.png	1
淙	U+6DD9	U+6DD9.png	04719	04719_Web_SS_5.png	1
淜	U+6DDC	U+6DDC.png	04721	04721_Web_SS_5.png	1
淠	U+6DE0	U+6DE0.png	04722	04722_Web_SS_5.png	1
淡	U+6DE1	U+6DE1.png	04723	04723_Web_SS_5.png	2
淢	U+6DE2	U+6DE2.png	04724	04724_Web_SS_5.png	1
淤	U+6DE4	U+6DE4.png	04726	04726_Web_SS_5.png	1
淥	U+6DE5	U+6DE5.png	04727	04727_Web_SS_5.png	1
淦	U+6DE6	U+6DE6.png	04728	04728_Web_SS_5.png	1
淨	U+6DE8	U+6DE8.png	04729	04729_Web_SS_1.png	3
淪	U+6DEA	U+6DEA.png	04731	04731_Web_SS_5.png	2
淫	U+6DEB	U+6DEB.png	04732	04732_Web_SS_5.png	2
淬	U+6DEC	U+6DEC.png	04733	04733_Web_SS_5.png	1
淮	U+6DEE	U+6DEE.png	04734	04734_Web_SS_5.png	1
淰	U+6DF0	U+6DF0.png	04736	04736_Web_SS_5.png	1
深	U+6DF1	U+6DF1.png	04737	04737_Web_SS_0.png	2
淲	U+6DF2	U+6DF2.png	04738	04738_Web_SS_5.png	1
淳	U+6DF3	U+6DF3.png	04739	04739_Web_SS_0.png	2
淵	U+6DF5	U+6DF5.png	04740	04740_Web_SS_0.png	3
淶	U+6DF6	U+6DF6.png	04741	04741_Web_SS_5.png	1
混	U+6DF7	U+6DF7.png	04742	04742_Web_SS_5.png	2
淹	U+6DF9	U+6DF9.png	04743	04743_Web_SS_0.png	2
淺	U+6DFA	U+6DFA.png	04744	04744_Web_SS_0.png	2
淼	U+6DFC	U+6DFC.png	04745	04745_Web_SS_5.png	1
清	U+6E05	U+6E05.png	04747	04747_Web_SS_5.png	2
渊	U+6E0A	U+6E0A.png	04748	04748_Web_SS_0.png	4
渐	U+6E10	U+6E10.png	04749	04749_Web_SS_5.png	2
渔	U+6E14	U+6E14.png	04751	04751_Web_SS_5.png	3
渗	U+6E17	U+6E17.png	04752	04752_Web_SS_0.png	2
渙	U+6E19	U+6E19.png	04753	04753_Web_SS_5.png	1
渚	U+6E1A	U+6E1A.png	04754	04754_Web_SS_5.png	1
減	U+6E1B	U+6E1B.png	04755	04755_Web_SS_0.png	2
渜	U+6E1C	U+6E1C.png	04756	04756_Web_SS_5.png	1
渝	U+6E1D	U+6E1D.png	04757	04757_Web_SS_5.png	1
渠	U+6E20	U+6E20.png	04758	04758_Web_SS_0.png	2
渡	U+6E21	U+6E21.png	04759	04759_Web_SS_5.png	2
渥	U+6E25	U+6E25.png	04760	04760_Web_SS_5.png	1
渨	U+6E28	U+6E28.png	04761	04761_Web_SS_5.png	1
温	U+6E29	U+6E29.png	04762	04762_Web_SS_1.png	3
渫	U+6E2B	U+6E2B.png	04763	04763_Web_SS_5.png	1
測	U+6E2C	U+6E2C.png	04764	04764_Web_SS_5.png	2
渭	U+6E2D	U+6E2D.png	04765	04765_Web_SS_5.png	1
港	U+6E2F	U+6E2F.png	04766	04766_Web_SS_5.png	2
渳	U+6E33	U+6E33.png	04767	04767_Web_SS_5.png	1
渴	U+6E34	U+6E34.png	04768	04768_Web_SS_5.png	2
游	U+6E38	U+6E38.png	04769	04769_Web_SS_5.png	3
渻	U+6E3B	U+6E3B.png	04770	04770_Web_SS_5.png	1
渾	U+6E3E	U+6E3E.png	04771	04771_Web_SS_0.png	2
渿	U+6E3F	U+6E3F.png	04772	04772_Web_SS_5.png	1
湀	U+6E40	U+6E40.png	04773	04773_Web_SS_5.png	1
湁	U+6E41	U+6E41.png	04774	04774_Web_SS_5.png	1
湄	U+6E44	U+6E44.png	04775	04775_Web_SS_5.png	1
湅	U+6E45	U+6E45.png	04776	04776_Web_SS_5.png	1
湆	U+6E46	U+6E46.png	04777	04777_Web_SS_5.png	1
湊	U+6E4A	U+6E4A.png	04779	04779_Web_SS_5.png	2
湋	U+6E4B	U+6E4B.png	04780	04780_Web_SS_5.png	1
湍	U+6E4D	U+6E4D.png	04781	04781_Web_SS_5.png	1
湎	U+6E4E	U+6E4E.png	04782	04782_Web_SS_5.png	1
湒	U+6E52	U+6E52.png	04784	04784_Web_SS_5.png	1
湔	U+6E54	U+6E54.png	04785	04785_Web_SS_5.png	1
湖	U+6E56	U+6E56.png	04786	04786_Web_SS_0.png	2
湘	U+6E58	U+6E58.png	04787	04787_Web_SS_5.png	1
湛	U+6E5B	U+6E5B.png	04788	04788_Web_SS_5.png	1
湝	U+6E5D	U+6E5D.png	04789	04789_Web_SS_5.png	1
湞	U+6E5E	U+6E5E.png	04790	04790_Web_SS_5.png	1
湟	U+6E5F	U+6E5F.png	04791	04791_Web_SS_5.png	1
湡	U+6E61	U+6E61.png	04792	04792_Web_SS_5.png	1
湫	U+6E6B	U+6E6B.png	04795	04795_Web_SS_5.png	1
湮	U+6E6E	U+6E6E.png	04796	04796_Web_SS_5.png	1
湯	U+6E6F	U+6E6F.png	04797	04797_Web_SS_5.png	2
湳	U+6E73	U+6E73.png	04798	04798_Web_SS_5.png	1
湿	U+6E7F	U+6E7F.png	04800	04800_Web_SS_5.png	2
溃	U+6E83	U+6E83.png	04801	04801_Web_SS_5.png	2
溉	U+6E89	U+6E89.png	04803	04803_Web_SS_0.png	2
源	U+6E90	U+6E90.png	04805	04805_Web_SS_5.png	3
溑	U+6E91	U+6E91.png	04806	04806_Web_SS_5.png	1
溓	U+6E93	U+6E93.png	04807	04807_Web_SS_5.png	1
準	U+6E96	U+6E96.png	04808	04808_Web_SS_0.png	2
溘	U+6E98	U+6E98.png	04809	04809_Web_SS_5.png	1
溜	U+6E9C	U+6E9C.png	04810	04810_Web_SS_0.png	2
溝	U+6E9D	U+6E9D.png	04811	04811_Web_SS_0.png	2
溟	U+6E9F	U+6E9F.png	04813	04813_Web_SS_5.png	1
溢	U+6EA2	U+6EA2.png	04814	04814_Web_SS_0.png	2
溥	U+6EA5	U+6EA5.png	04816	04816_Web_SS_5.png	1
溦	U+6EA6	U+6EA6.png	04817	04817_Web_SS_5.png	1
溧	U+6EA7	U+6EA7.png	04818	04818_Web_SS_5.png	1
溪	U+6EAA	U+6EAA.png	04819	04819_Web_SS_5.png	1
溫	U+6EAB	U+6EAB.png	04820	04820_Web_SS_1.png	3
溯	U+6EAF	U+6EAF.png	04821	04821_Web_SS_0.png	3
溱	U+6EB1	U+6EB1.png	04822	04822_Web_SS_5.png	1
溲	U+6EB2	U+6EB2.png	04823	04823_Web_SS_5.png	1
溶	U+6EB6	U+6EB6.png	04824	04824_Web_SS_0.png	2
溷	U+6EB7	U+6EB7.png	04825	04825_Web_SS_5.png	1
溺	U+6EBA	U+6EBA.png	04826	04826_Web_SS_5.png	3
溼	U+6EBC	U+6EBC.png	04827	04827_Web_SS_5.png	2
溽	U+6EBD	U+6EBD.png	04828	04828_Web_SS_5.png	1
滁	U+6EC1	U+6EC1.png	04829	04829_Web_SS_5.png	1
滂	U+6EC2	U+6EC2.png	04830	04830_Web_SS_5.png	1
滃	U+6EC3	U+6EC3.png	04831	04831_Web_SS_5.png	1
滄	U+6EC4	U+6EC4.png	04832	04832_Web_SS_5.png	1
滅	U+6EC5	U+6EC5.png	04833	04833_Web_SS_5.png	3
滇	U+6EC7	U+6EC7.png	04835	04835_Web_SS_5.png	1
滋	U+6ECB	U+6ECB.png	04837	04837_Web_SS_0.png	2
滍	U+6ECD	U+6ECD.png	04838	04838_Web_SS_5.png	1
滎	U+6ECE	U+6ECE.png	04839	04839_Web_SS_5.png	1
滑	U+6ED1	U+6ED1.png	04841	04841_Web_SS_5.png	2
滒	U+6ED2	U+6ED2.png	04842	04842_Web_SS_5.png	1
滓	U+6ED3	U+6ED3.png	04843	04843_Web_SS_5.png	1
滔	U+6ED4	U+6ED4.png	04844	04844_Web_SS_5.png	2
滕	U+6ED5	U+6ED5.png	04845	04845_Web_SS_5.png	1
滞	U+6EDE	U+6EDE.png	04846	04846_Web_SS_0.png	2
满	U+6EE1	U+6EE1.png	04847	04847_Web_SS_0.png	2
滥	U+6EE5	U+6EE5.png	04848	04848_Web_SS_0.png	2
滨	U+6EE8	U+6EE8.png	04849	04849_Web_SS_5.png	1
滩	U+6EE9	U+6EE9.png	04850	04850_Web_SS_0.png	3
滫	U+6EEB	U+6EEB.png	04851	04851_Web_SS_5.png	1
滯	U+6EEF	U+6EEF.png	04852	04852_Web_SS_0.png	2
滰	U+6EF0	U+6EF0.png	04853	04853_Web_SS_5.png	1
滱	U+6EF1	U+6EF1.png	04854	04854_Web_SS_5.png	1
滲	U+6EF2	U+6EF2.png	04855	04855_Web_SS_5.png	2
滴	U+6EF4	U+6EF4.png	04857	04857_Web_SS_0.png	2
滶	U+6EF6	U+6EF6.png	04858	04858_Web_SS_5.png	1
滻	U+6EFB	U+6EFB.png	04859	04859_Web_SS_5.png	1
滿	U+6EFF	U+6EFF.png	04860	04860_Web_SS_5.png	2
漀	U+6F00	U+6F00.png	04861	04861_Web_SS_5.png	1
漁	U+6F01	U+6F01.png	04862	04862_Web_SS_1.png	2
漂	U+6F02	U+6F02.png	04863	04863_Web_SS_5.png	2
漆	U+6F06	U+6F06.png	04865	04865_Web_SS_5.png	3
漉	U+6F09	U+6F09.png	04866	04866_Web_SS_5.png	1
漏	U+6F0F	U+6F0F.png	04867	04867_Web_SS_5.png	3
演	U+6F14	U+6F14.png	04868	04868_Web_SS_0.png	2
漕	U+6F15	U+6F15.png	04869	04869_Web_SS_5.png	1
漘	U+6F18	U+6F18.png	04871	04871_Web_SS_5.png	1
漚	U+6F1A	U+6F1A.png	04872	04872_Web_SS_5.png	1
漠	U+6F20	U+6F20.png	04873	04873_Web_SS_0.png	2
漢	U+6F22	U+6F22.png	04874	04874_Web_SS_5.png	3
漥	U+6F25	U+6F25.png	04875	04875_Web_SS_5.png	1
漦	U+6F26	U+6F26.png	04876	04876_Web_SS_5.png	1
漫	U+6F2B	U+6F2B.png	04877	04877_Web_SS_5.png	1
漮	U+6F2E	U+6F2E.png	04879	04879_Web_SS_5.png	1
漱	U+6F31	U+6F31.png	04880	04880_Web_SS_5.png	2
漳	U+6F33	U+6F33.png	04881	04881_Web_SS_5.png	1
漸	U+6F38	U+6F38.png	04882	04882_Web_SS_5.png	2
漹	U+6F39	U+6F39.png	04883	04883_Web_SS_5.png	1
漻	U+6F3B	U+6F3B.png	04884	04884_Web_SS_5.png	1
漼	U+6F3C	U+6F3C.png	04885	04885_Web_SS_5.png	1
漾	U+6F3E	U+6F3E.png	04886	04886_Web_SS_5.png	1
漿	U+6F3F	U+6F3F.png	04887	04887_Web_SS_5.png	1
潀	U+6F40	U+6F40.png	04888	04888_Web_SS_5.png	1
潁	U+6F41	U+6F41.png	04889	04889_Web_SS_5.png	1
潇	U+6F47	U+6F47.png	04890	04890_Web_SS_5.png	2
潎	U+6F4E	U+6F4E.png	04891	04891_Web_SS_5.png	1
潏	U+6F4F	U+6F4F.png	04892	04892_Web_SS_5.png	1
潐	U+6F50	U+6F50.png	04893	04893_Web_SS_5.png	1
潒	U+6F52	U+6F52.png	04894	04894_Web_SS_5.png	1
潓	U+6F53	U+6F53.png	04895	04895_Web_SS_5.png	1
潔	U+6F54	U+6F54.png	04896	04896_Web_SS_5.png	3
潕	U+6F55	U+6F55.png	04897	04897_Web_SS_5.png	1
潘	U+6F58	U+6F58.png	04898	04898_Web_SS_5.png	2
潚	U+6F5A	U+6F5A.png	04899	04899_Web_SS_5.png	1
潛	U+6F5B	U+6F5B.png	04900	04900_Web_SS_5.png	2
潜	U+6F5C	U+6F5C.png	04901	04901_Web_SS_5.png	2
潝	U+6F5D	U+6F5D.png	04902	04902_Web_SS_5.png	1
潞	U+6F5E	U+6F5E.png	04903	04903_Web_SS_5.png	1
潠	U+6F60	U+6F60.png	04904	04904_Web_SS_5.png	1
潢	U+6F62	U+6F62.png	04905	04905_Web_SS_5.png	1
潣	U+6F63	U+6F63.png	04906	04906_Web_SS_5.png	1
潤	U+6F64	U+6F64.png	04907	04907_Web_SS_0.png	2
潦	U+6F66	U+6F66.png	04908	04908_Web_SS_5.png	1
潧	U+6F67	U+6F67.png	04909	04909_Web_SS_5.png	1
潨	U+6F68	U+6F68.png	04910	04910_Web_SS_5.png	1
潩	U+6F69	U+6F69.png	04911	04911_Web_SS_5.png	1
潪	U+6F6A	U+6F6A.png	04912	04912_Web_SS_5.png	1
潭	U+6F6D	U+6F6D.png	04913	04913_Web_SS_0.png	2
潮	U+6F6E	U+6F6E.png	04914	04914_Web_SS_0.png	2
潯	U+6F6F	U+6F6F.png	04915	04915_Web_SS_5.png	1
潰	U+6F70	U+6F70.png	04916	04916_Web_SS_0.png	2
潸	U+6F78	U+6F78.png	04918	04918_Web_SS_5.png	1
潺	U+6F7A	U+6F7A.png	04919	04919_Web_SS_5.png	1
潼	U+6F7C	U+6F7C.png	04920	04920_Web_SS_5.png	1
潿	U+6F7F	U+6F7F.png	04922	04922_Web_SS_5.png	1
澀	U+6F80	U+6F80.png	04923	04923_Web_SS_0.png	1
澄	U+6F84	U+6F84.png	04924	04924_Web_SS_5.png	1
澆	U+6F86	U+6F86.png	04926	04926_Web_SS_0.png	2
澇	U+6F87	U+6F87.png	04927	04927_Web_SS_5.png	1
澌	U+6F8C	U+6F8C.png	04928	04928_Web_SS_5.png	1
澍	U+6F8D	U+6F8D.png	04929	04929_Web_SS_5.png	1
澎	U+6F8E	U+6F8E.png	04930	04930_Web_SS_5.png	1
澐	U+6F90	U+6F90.png	04931	04931_Web_SS_5.png	1
澑	U+6F91	U+6F91.png	04932	04932_Web_SS_5.png	1
澒	U+6F92	U+6F92.png	04933	04933_Web_SS_5.png	1
澗	U+6F97	U+6F97.png	04934	04934_Web_SS_5.png	1
澜	U+6F9C	U+6F9C.png	04935	04935_Web_SS_0.png	3
澡	U+6FA1	U+6FA1.png	04936	04936_Web_SS_0.png	2
澤	U+6FA4	U+6FA4.png	04938	04938_Web_SS_5.png	1
澥	U+6FA5	U+6FA5.png	04939	04939_Web_SS_5.png	1
澧	U+6FA7	U+6FA7.png	04940	04940_Web_SS_5.png	1
澨	U+6FA8	U+6FA8.png	04941	04941_Web_SS_5.png	1
澩	U+6FA9	U+6FA9.png	04942	04942_Web_SS_5.png	1
澬	U+6FAC	U+6FAC.png	04944	04944_Web_SS_5.png	1
澮	U+6FAE	U+6FAE.png	04945	04945_Web_SS_5.png	1
澱	U+6FB1	U+6FB1.png	04947	04947_Web_SS_5.png	2
澳	U+6FB3	U+6FB3.png	04948	04948_Web_SS_5.png	2
澶	U+6FB6	U+6FB6.png	04949	04949_Web_SS_5.png	1
澹	U+6FB9	U+6FB9.png	04950	04950_Web_SS_5.png	1
澺	U+6FBA	U+6FBA.png	04951	04951_Web_SS_5.png	1
激	U+6FC0	U+6FC0.png	04952	04952_Web_SS_0.png	2
濁	U+6FC1	U+6FC1.png	04953	04953_Web_SS_0.png	2
濃	U+6FC3	U+6FC3.png	04954	04954_Web_SS_5.png	1
濄	U+6FC4	U+6FC4.png	04955	04955_Web_SS_5.png	1
濇	U+6FC7	U+6FC7.png	04957	04957_Web_SS_5.png	1
濒	U+6FD2	U+6FD2.png	04960	04960_Web_SS_0.png	2
濕	U+6FD5	U+6FD5.png	04961	04961_Web_SS_5.png	1
濘	U+6FD8	U+6FD8.png	04962	04962_Web_SS_5.png	1
濞	U+6FDE	U+6FDE.png	04964	04964_Web_SS_5.png	1
濟	U+6FDF	U+6FDF.png	04965	04965_Web_SS_5.png	1
濡	U+6FE1	U+6FE1.png	04966	04966_Web_SS_5.png	1
濢	U+6FE2	U+6FE2.png	04967	04967_Web_SS_5.png	1
濤	U+6FE4	U+6FE4.png	04968	04968_Web_SS_0.png	2
濥	U+6FE5	U+6FE5.png	04969	04969_Web_SS_5.png	1
濦	U+6FE6	U+6FE6.png	04970	04970_Web_SS_5.png	1
濩	U+6FE9	U+6FE9.png	04971	04971_Web_SS_5.png	1
濫	U+6FEB	U+6FEB.png	04972	04972_Web_SS_0.png	2
濮	U+6FEE	U+6FEE.png	04974	04974_Web_SS_5.png	1
濯	U+6FEF	U+6FEF.png	04975	04975_Web_SS_5.png	1
濼	U+6FFC	U+6FFC.png	04977	04977_Web_SS_5.png	1
濿	U+6FFF	U+6FFF.png	04978	04978_Web_SS_5.png	1
瀀	U+7000	U+7000.png	04979	04979_Web_SS_5.png	1
瀁	U+7001	U+7001.png	04980	04980_Web_SS_5.png	1
瀆	U+7006	U+7006.png	04982	04982_Web_SS_5.png	1
瀌	U+700C	U+700C.png	04983	04983_Web_SS_5.png	1
瀎	U+700E	U+700E.png	04984	04984_Web_SS_5.png	1
瀏	U+700F	U+700F.png	04985	04985_Web_SS_5.png	2
瀑	U+7011	U+7011.png	04986	04986_Web_SS_5.png	2
瀕	U+7015	U+7015.png	04987	04987_Web_SS_0.png	2
瀘	U+7018	U+7018.png	04989	04989_Web_SS_5.png	1
瀙	U+7019	U+7019.png	04990	04990_Web_SS_5.png	1
瀛	U+701B	U+701B.png	04991	04991_Web_SS_5.png	1
瀝	U+701D	U+701D.png	04992	04992_Web_SS_5.png	2
瀞	U+701E	U+701E.png	04993	04993_Web_SS_5.png	1
瀟	U+701F	U+701F.png	04994	04994_Web_SS_5.png	2
瀣	U+7023	U+7023.png	04995	04995_Web_SS_5.png	1
瀤	U+7024	U+7024.png	04996	04996_Web_SS_5.png	1
瀱	U+7031	U+7031.png	05000	05000_Web_SS_5.png	1
瀳	U+7033	U+7033.png	05001	05001_Web_SS_5.png	1
瀵	U+7035	U+7035.png	05002	05002_Web_SS_5.png	1
瀶	U+7036	U+7036.png	05003	05003_Web_SS_5.png	1
瀷	U+7037	U+7037.png	05004	05004_Web_SS_5.png	1
瀸	U+7038	U+7038.png	05005	05005_Web_SS_5.png	1
瀹	U+7039	U+7039.png	05006	05006_Web_SS_5.png	1
瀾	U+703E	U+703E.png	05008	05008_Web_SS_0.png	3
灂	U+7042	U+7042.png	05009	05009_Web_SS_5.png	1
灅	U+7045	U+7045.png	05010	05010_Web_SS_5.png	1
灈	U+7048	U+7048.png	05011	05011_Web_SS_5.png	1
灊	U+704A	U+704A.png	05013	05013_Web_SS_5.png	1
灋	U+704B	U+704B.png	05014	05014_Web_SS_5.png	1
灌	U+704C	U+704C.png	05015	05015_Web_SS_0.png	2
灑	U+7051	U+7051.png	05016	05016_Web_SS_0.png	2
灒	U+7052	U+7052.png	05017	05017_Web_SS_5.png	1
灓	U+7053	U+7053.png	05018	05018_Web_SS_5.png	1
灘	U+7058	U+7058.png	05019	05019_Web_SS_1.png	3
灝	U+705D	U+705D.png	05020	05020_Web_SS_5.png	1
灡	U+7061	U+7061.png	05022	05022_Web_SS_5.png	1
灥	U+7065	U+7065.png	05023	05023_Web_SS_5.png	1
火	U+706B	U+706B.png	05024	05024_Web_SS_5.png	2
灭	U+706D	U+706D.png	05025	05025_Web_SS_5.png	3
灰	U+7070	U+7070.png	05026	05026_Web_SS_0.png	2
灵	U+7075	U+7075.png	05027	05027_Web_SS_1.png	3
灶	U+7076	U+7076.png	05028	05028_Web_SS_1.png	3
灸	U+7078	U+7078.png	05030	05030_Web_SS_0.png	2
灺	U+707A	U+707A.png	05031	05031_Web_SS_5.png	1
灼	U+707C	U+707C.png	05033	05033_Web_SS_5.png	2
災	U+707D	U+707D.png	05034	05034_Web_SS_2.png	4
灾	U+707E	U+707E.png	05035	05035_Web_SS_5.png	4
灿	U+707F	U+707F.png	05036	05036_Web_SS_5.png	2
炅	U+7085	U+7085.png	05038	05038_Web_SS_5.png	1
炊	U+708A	U+708A.png	05039	05039_Web_SS_5.png	2
炎	U+708E	U+708E.png	05041	05041_Web_SS_0.png	2
炒	U+7092	U+7092.png	05042	05042_Web_SS_5.png	1
炕	U+7095	U+7095.png	05043	05043_Web_SS_5.png	1
炙	U+7099	U+7099.png	05045	05045_Web_SS_5.png	3
炟	U+709F	U+709F.png	05046	05046_Web_SS_5.png	1
炥	U+70A5	U+70A5.png	05048	05048_Web_SS_5.png	1
炦	U+70A6	U+70A6.png	05049	05049_Web_SS_5.png	1
炪	U+70AA	U+70AA.png	05050	05050_Web_SS_5.png	1
炫	U+70AB	U+70AB.png	05051	05051_Web_SS_0.png	2
炭	U+70AD	U+70AD.png	05052	05052_Web_SS_5.png	2
炮	U+70AE	U+70AE.png	05053	05053_Web_SS_0.png	2
炯	U+70AF	U+70AF.png	05054	05054_Web_SS_5.png	1
炱	U+70B1	U+70B1.png	05055	05055_Web_SS_5.png	1
炳	U+70B3	U+70B3.png	05056	05056_Web_SS_5.png	1
点	U+70B9	U+70B9.png	05057	05057_Web_SS_0.png	2
為	U+70BA	U+70BA.png	05058	05058_Web_SS_5.png	3
炼	U+70BC	U+70BC.png	05059	05059_Web_SS_5.png	2
烂	U+70C2	U+70C2.png	05060	05060_Web_SS_0.png	2
烄	U+70C4	U+70C4.png	05061	05061_Web_SS_5.png	1
烈	U+70C8	U+70C8.png	05062	05062_Web_SS_0.png	2
烏	U+70CF	U+70CF.png	05063	05063_Web_SS_0.png	1
烓	U+70D3	U+70D3.png	05065	05065_Web_SS_5.png	1
烖	U+70D6	U+70D6.png	05067	05067_Web_SS_5.png	1
烘	U+70D8	U+70D8.png	05068	05068_Web_SS_5.png	2
烙	U+70D9	U+70D9.png	05069	05069_Web_SS_5.png	1
烛	U+70DB	U+70DB.png	05070	05070_Web_SS_0.png	2
烜	U+70DC	U+70DC.png	05071	05071_Web_SS_5.png	1
烝	U+70DD	U+70DD.png	05072	05072_Web_SS_5.png	1
烟	U+70DF	U+70DF.png	05073	05073_Web_SS_0.png	4
烦	U+70E6	U+70E6.png	05074	05074_Web_SS_0.png	2
烧	U+70E7	U+70E7.png	05075	05075_Web_SS_0.png	2
热	U+70ED	U+70ED.png	05076	05076_Web_SS_0.png	2
烰	U+70F0	U+70F0.png	05077	05077_Web_SS_5.png	1
烽	U+70FD	U+70FD.png	05078	05078_Web_SS_5.png	2
焅	U+7105	U+7105.png	05081	05081_Web_SS_5.png	1
焆	U+7106	U+7106.png	05082	05082_Web_SS_5.png	1
焉	U+7109	U+7109.png	05083	05083_Web_SS_0.png	2
焌	U+710C	U+710C.png	05085	05085_Web_SS_5.png	1
焕	U+7115	U+7115.png	05086	05086_Web_SS_5.png	2
焚	U+711A	U+711A.png	05087	05087_Web_SS_0.png	2
焛	U+711B	U+711B.png	05088	05088_Web_SS_5.png	1
焜	U+711C	U+711C.png	05089	05089_Web_SS_5.png	1
焞	U+711E	U+711E.png	05090	05090_Web_SS_5.png	1
焠	U+7120	U+7120.png	05091	05091_Web_SS_5.png	1
無	U+7121	U+7121.png	05092	05092_Web_SS_5.png	3
焦	U+7126	U+7126.png	05093	05093_Web_SS_5.png	3
焯	U+712F	U+712F.png	05096	05096_Web_SS_5.png	1
焰	U+7130	U+7130.png	05097	05097_Web_SS_5.png	1
焱	U+7131	U+7131.png	05098	05098_Web_SS_5.png	1
然	U+7136	U+7136.png	05099	05099_Web_SS_0.png	2
煁	U+7141	U+7141.png	05100	05100_Web_SS_5.png	1
煇	U+7147	U+7147.png	05101	05101_Web_SS_5.png	1
煉	U+7149	U+7149.png	05102	05102_Web_SS_5.png	2
煌	U+714C	U+714C.png	05103	05103_Web_SS_0.png	2
煎	U+714E	U+714E.png	05104	05104_Web_SS_5.png	2
煒	U+7152	U+7152.png	05106	05106_Web_SS_5.png	1
煔	U+7154	U+7154.png	05107	05107_Web_SS_5.png	1
煖	U+7156	U+7156.png	05108	05108_Web_SS_5.png	1
煗	U+7157	U+7157.png	05109	05109_Web_SS_5.png	1
煙	U+7159	U+7159.png	05110	05110_Web_SS_0.png	3
煜	U+715C	U+715C.png	05111	05111_Web_SS_5.png	1
煣	U+7163	U+7163.png	05112	05112_Web_SS_5.png	1
煥	U+7165	U+7165.png	05113	05113_Web_SS_0.png	2
煦	U+7166	U+7166.png	05114	05114_Web_SS_5.png	1
照	U+7167	U+7167.png	05115	05115_Web_SS_0.png	2
煨	U+7168	U+7168.png	05116	05116_Web_SS_5.png	1
煩	U+7169	U+7169.png	05117	05117_Web_SS_0.png	2
煮	U+716E	U+716E.png	05119	05119_Web_SS_2.png	4
煽	U+717D	U+717D.png	05120	05120_Web_SS_5.png	1
熄	U+7184	U+7184.png	05121	05121_Web_SS_0.png	2
熅	U+7185	U+7185.png	05122	05122_Web_SS_5.png	1
熇	U+7187	U+7187.png	05123	05123_Web_SS_5.png	1
熊	U+718A	U+718A.png	05124	05124_Web_SS_0.png	2
熏	U+718F	U+718F.png	05125	05125_Web_SS_5.png	1
熑	U+7191	U+7191.png	05126	05126_Web_SS_5.png	1
熒	U+7192	U+7192.png	05127	05127_Web_SS_5.png	1
熙	U+7199	U+7199.png	05128	05128_Web_SS_5.png	1
熚	U+719A	U+719A.png	05129	05129_Web_SS_5.png	1
熛	U+719B	U+719B.png	05130	05130_Web_SS_5.png	1
熜	U+719C	U+719C.png	05131	05131_Web_SS_5.png	1
熟	U+719F	U+719F.png	05132	05132_Web_SS_5.png	1
熠	U+71A0	U+71A0.png	05133	05133_Web_SS_5.png	1
熬	U+71AC	U+71AC.png	05134	05134_Web_SS_0.png	3
熭	U+71AD	U+71AD.png	05135	05135_Web_SS_5.png	1
熮	U+71AE	U+71AE.png	05136	05136_Web_SS_5.png	1
熯	U+71AF	U+71AF.png	05137	05137_Web_SS_5.png	1
熱	U+71B1	U+71B1.png	05138	05138_Web_SS_5.png	2
熲	U+71B2	U+71B2.png	05139	05139_Web_SS_5.png	1
熹	U+71B9	U+71B9.png	05140	05140_Web_SS_5.png	1
熾	U+71BE	U+71BE.png	05141	05141_Web_SS_5.png	1
燀	U+71C0	U+71C0.png	05142	05142_Web_SS_5.png	1
燂	U+71C2	U+71C2.png	05143	05143_Web_SS_5.png	1
燃	U+71C3	U+71C3.png	05144	05144_Web_SS_0.png	2
燅	U+71C5	U+71C5.png	05146	05146_Web_SS_5.png	1
燊	U+71CA	U+71CA.png	05147	05147_Web_SS_5.png	1
燋	U+71CB	U+71CB.png	05148	05148_Web_SS_5.png	1
燎	U+71CE	U+71CE.png	05149	05149_Web_SS_5.png	1
燒	U+71D2	U+71D2.png	05150	05150_Web_SS_5.png	2
燓	U+71D3	U+71D3.png	05151	05151_Web_SS_5.png	1
燔	U+71D4	U+71D4.png	05152	05152_Web_SS_5.png	1
燕	U+71D5	U+71D5.png	05153	05153_Web_SS_0.png	2
營	U+71DF	U+71DF.png	05154	05154_Web_SS_0.png	1
燠	U+71E0	U+71E0.png	05155	05155_Web_SS_5.png	1
燥	U+71E5	U+71E5.png	05156	05156_Web_SS_5.png	2
燦	U+71E6	U+71E6.png	05157	05157_Web_SS_5.png	2
燬	U+71EC	U+71EC.png	05158	05158_Web_SS_5.png	1
燭	U+71ED	U+71ED.png	05159	05159_Web_SS_5.png	2
燮	U+71EE	U+71EE.png	05160	05160_Web_SS_5.png	1
燹	U+71F9	U+71F9.png	05161	05161_Web_SS_5.png	1
燿	U+71FF	U+71FF.png	05162	05162_Web_SS_5.png	1
爆	U+7206	U+7206.png	05163	05163_Web_SS_5.png	2
爇	U+7207	U+7207.png	05164	05164_Web_SS_5.png	1
爍	U+720D	U+720D.png	05165	05165_Web_SS_5.png	1
爒	U+7212	U+7212.png	05167	05167_Web_SS_5.png	1
爓	U+7213	U+7213.png	05168	05168_Web_SS_5.png	1
爗	U+7217	U+7217.png	05169	05169_Web_SS_5.png	1
爚	U+721A	U+721A.png	05170	05170_Web_SS_5.png	1
爛	U+721B	U+721B.png	05171	05171_Web_SS_0.png	1
爝	U+721D	U+721D.png	05172	05172_Web_SS_5.png	1
爞	U+721E	U+721E.png	05173	05173_Web_SS_5.png	1
爟	U+721F	U+721F.png	05174	05174_Web_SS_5.png	1
爢	U+7222	U+7222.png	05175	05175_Web_SS_5.png	1
爤	U+7224	U+7224.png	05176	05176_Web_SS_5.png	1
爨	U+7228	U+7228.png	05177	05177_Web_SS_5.png	1
爪	U+722A	U+722A.png	05178	05178_Web_SS_0.png	2
爭	U+722D	U+722D.png	05180	05180_Web_SS_0.png	1
爯	U+722F	U+722F.png	05181	05181_Web_SS_5.png	1
爰	U+7230	U+7230.png	05182	05182_Web_SS_5.png	1
爱	U+7231	U+7231.png	05183	05183_Web_SS_1.png	4
爲	U+7232	U+7232.png	05184	05184_Web_SS_5.png	1
爵	U+7235	U+7235.png	05185	05185_Web_SS_5.png	3
父	U+7236	U+7236.png	05186	05186_Web_SS_5.png	2
爻	U+723B	U+723B.png	05187	05187_Web_SS_0.png	2
爽	U+723D	U+723D.png	05188	05188_Web_SS_5.png	3
爾	U+723E	U+723E.png	05189	05189_Web_SS_0.png	2
爿	U+723F	U+723F.png	05190	05190_Web_SS_0.png	2
牀	U+7240	U+7240.png	05191	05191_Web_SS_5.png	1
牂	U+7242	U+7242.png	05192	05192_Web_SS_5.png	1
牄	U+7244	U+7244.png	05193	05193_Web_SS_5.png	1
牆	U+7246	U+7246.png	05194	05194_Web_SS_2.png	4
片	U+7247	U+7247.png	05195	05195_Web_SS_0.png	2
版	U+7248	U+7248.png	05196	05196_Web_SS_0.png	2
牏	U+724F	U+724F.png	05197	05197_Web_SS_5.png	1
牑	U+7251	U+7251.png	05198	05198_Web_SS_5.png	1
牒	U+7252	U+7252.png	05199	05199_Web_SS_5.png	1
牖	U+7256	U+7256.png	05200	05200_Web_SS_5.png	1
牘	U+7258	U+7258.png	05201	05201_Web_SS_5.png	1
牙	U+7259	U+7259.png	05202	05202_Web_SS_0.png	3
牛	U+725B	U+725B.png	05203	05203_Web_SS_0.png	2
牝	U+725D	U+725D.png	05205	05205_Web_SS_5.png	1
牟	U+725F	U+725F.png	05206	05206_Web_SS_5.png	1
牡	U+7261	U+7261.png	05207	05207_Web_SS_0.png	2
牢	U+7262	U+7262.png	05208	05208_Web_SS_5.png	2
牣	U+7263	U+7263.png	05209	05209_Web_SS_5.png	1
牧	U+7267	U+7267.png	05210	05210_Web_SS_0.png	2
物	U+7269	U+7269.png	05211	05211_Web_SS_5.png	2
牭	U+726D	U+726D.png	05213	05213_Web_SS_5.png	1
牲	U+7272	U+7272.png	05215	05215_Web_SS_0.png	2
牴	U+7274	U+7274.png	05216	05216_Web_SS_5.png	1
牵	U+7275	U+7275.png	05217	05217_Web_SS_0.png	2
牷	U+7277	U+7277.png	05218	05218_Web_SS_5.png	1
特	U+7279	U+7279.png	05219	05219_Web_SS_5.png	2
牺	U+727A	U+727A.png	05220	05220_Web_SS_0.png	2
牻	U+727B	U+727B.png	05221	05221_Web_SS_5.png	1
牼	U+727C	U+727C.png	05222	05222_Web_SS_5.png	1
牽	U+727D	U+727D.png	05223	05223_Web_SS_0.png	2
牿	U+727F	U+727F.png	05224	05224_Web_SS_5.png	1
犀	U+7280	U+7280.png	05225	05225_Web_SS_0.png	2
犁	U+7281	U+7281.png	05226	05226_Web_SS_0.png	2
犅	U+7285	U+7285.png	05227	05227_Web_SS_5.png	1
犉	U+7289	U+7289.png	05229	05229_Web_SS_5.png	1
犍	U+728D	U+728D.png	05231	05231_Web_SS_5.png	1
犓	U+7293	U+7293.png	05234	05234_Web_SS_5.png	1
犕	U+7295	U+7295.png	05235	05235_Web_SS_5.png	1
犖	U+7296	U+7296.png	05236	05236_Web_SS_5.png	1
犗	U+7297	U+7297.png	05237	05237_Web_SS_5.png	1
犙	U+7299	U+7299.png	05238	05238_Web_SS_5.png	1
犛	U+729B	U+729B.png	05239	05239_Web_SS_5.png	1
犝	U+729D	U+729D.png	05240	05240_Web_SS_5.png	1
犡	U+72A1	U+72A1.png	05241	05241_Web_SS_5.png	1
犢	U+72A2	U+72A2.png	05242	05242_Web_SS_5.png	1
犥	U+72A5	U+72A5.png	05243	05243_Web_SS_5.png	1
犧	U+72A7	U+72A7.png	05244	05244_Web_SS_0.png	2
犨	U+72A8	U+72A8.png	05245	05245_Web_SS_5.png	1
犬	U+72AC	U+72AC.png	05246	05246_Web_SS_0.png	2
犭	U+72AD	U+72AD.png	05247	05247_Web_SS_5.png	1
犮	U+72AE	U+72AE.png	05248	05248_Web_SS_5.png	1
犯	U+72AF	U+72AF.png	05249	05249_Web_SS_5.png	2
犴	U+72B4	U+72B4.png	05250	05250_Web_SS_5.png	1
状	U+72B6	U+72B6.png	05251	05251_Web_SS_0.png	2
犹	U+72B9	U+72B9.png	05252	05252_Web_SS_0.png	2
犺	U+72BA	U+72BA.png	05253	05253_Web_SS_5.png	1
犻	U+72BB	U+72BB.png	05254	05254_Web_SS_5.png	1
狀	U+72C0	U+72C0.png	05256	05256_Web_SS_0.png	2
狂	U+72C2	U+72C2.png	05257	05257_Web_SS_5.png	3
狃	U+72C3	U+72C3.png	05258	05258_Web_SS_5.png	1
狄	U+72C4	U+72C4.png	05259	05259_Web_SS_0.png	2
狊	U+72CA	U+72CA.png	05261	05261_Web_SS_5.png	1
狋	U+72CB	U+72CB.png	05262	05262_Web_SS_5.png	1
狎	U+72CE	U+72CE.png	05263	05263_Web_SS_5.png	1
狐	U+72D0	U+72D0.png	05264	05264_Web_SS_0.png	2
狗	U+72D7	U+72D7.png	05265	05265_Web_SS_0.png	2
狘	U+72D8	U+72D8.png	05266	05266_Web_SS_5.png	1
狙	U+72D9	U+72D9.png	05267	05267_Web_SS_5.png	1
狛	U+72DB	U+72DB.png	05268	05268_Web_SS_5.png	1
狟	U+72DF	U+72DF.png	05269	05269_Web_SS_5.png	1
狠	U+72E0	U+72E0.png	05270	05270_Web_SS_0.png	2
狡	U+72E1	U+72E1.png	05271	05271_Web_SS_5.png	2
狦	U+72E6	U+72E6.png	05274	05274_Web_SS_5.png	1
狧	U+72E7	U+72E7.png	05275	05275_Web_SS_5.png	1
狩	U+72E9	U+72E9.png	05276	05276_Web_SS_5.png	2
独	U+72EC	U+72EC.png	05277	05277_Web_SS_5.png	2
狭	U+72ED	U+72ED.png	05278	05278_Web_SS_5.png	1
狱	U+72F1	U+72F1.png	05279	05279_Web_SS_5.png	2
狷	U+72F7	U+72F7.png	05280	05280_Web_SS_5.png	1
狺	U+72FA	U+72FA.png	05282	05282_Web_SS_5.png	1
狻	U+72FB	U+72FB.png	05283	05283_Web_SS_5.png	1
狼	U+72FC	U+72FC.png	05284	05284_Web_SS_5.png	2
狾	U+72FE	U+72FE.png	05286	05286_Web_SS_5.png	1
猈	U+7308	U+7308.png	05287	05287_Web_SS_5.png	1
猋	U+730B	U+730B.png	05288	05288_Web_SS_5.png	1
猌	U+730C	U+730C.png	05289	05289_Web_SS_5.png	1
猎	U+730E	U+730E.png	05290	05290_Web_SS_0.png	2
猒	U+7312	U+7312.png	05291	05291_Web_SS_5.png	1
猗	U+7317	U+7317.png	05292	05292_Web_SS_5.png	1
猚	U+731A	U+731A.png	05293	05293_Web_SS_5.png	1
猛	U+731B	U+731B.png	05294	05294_Web_SS_5.png	2
猜	U+731C	U+731C.png	05295	05295_Web_SS_0.png	2
猝	U+731D	U+731D.png	05296	05296_Web_SS_5.png	1
猥	U+7325	U+7325.png	05298	05298_Web_SS_5.png	1
猩	U+7329	U+7329.png	05300	05300_Web_SS_5.png	1
猪	U+732A	U+732A.png	05301	05301_Web_SS_0.png	2
猫	U+732B	U+732B.png	05302	05302_Web_SS_5.png	2
献	U+732E	U+732E.png	05303	05303_Web_SS_0.png	2
猱	U+7331	U+7331.png	05304	05304_Web_SS_5.png	1
猲	U+7332	U+7332.png	05305	05305_Web_SS_5.png	1
猴	U+7334	U+7334.png	05306	05306_Web_SS_5.png	1
猵	U+7335	U+7335.png	05307	05307_Web_SS_5.png	1
猶	U+7336	U+7336.png	05308	05308_Web_SS_5.png	2
猷	U+7337	U+7337.png	05309	05309_Web_SS_5.png	1
獀	U+7340	U+7340.png	05310	05310_Web_SS_5.png	1
獄	U+7344	U+7344.png	05312	05312_Web_SS_5.png	2
獌	U+734C	U+734C.png	05313	05313_Web_SS_5.png	1
獎	U+734E	U+734E.png	05314	05314_Web_SS_5.png	2
獒	U+7352	U+7352.png	05316	05316_Web_SS_5.png	1
獘	U+7358	U+7358.png	05317	05317_Web_SS_5.png	1
獜	U+735C	U+735C.png	05318	05318_Web_SS_5.png	1
獟	U+735F	U+735F.png	05320	05320_Web_SS_5.png	1
獠	U+7360	U+7360.png	05321	05321_Web_SS_5.png	1
獡	U+7361	U+7361.png	05322	05322_Web_SS_5.png	1
獢	U+7362	U+7362.png	05323	05323_Web_SS_5.png	1
獧	U+7367	U+7367.png	05324	05324_Web_SS_5.png	1
獨	U+7368	U+7368.png	05325	05325_Web_SS_5.png	2
獪	U+736A	U+736A.png	05326	05326_Web_SS_5.png	1
獫	U+736B	U+736B.png	05327	05327_Web_SS_5.png	1
獲	U+7372	U+7372.png	05329	05329_Web_SS_0.png	1
獳	U+7373	U+7373.png	05330	05330_Web_SS_5.png	1
獵	U+7375	U+7375.png	05331	05331_Web_SS_0.png	2
獷	U+7377	U+7377.png	05333	05333_Web_SS_5.png	1
獸	U+7378	U+7378.png	05334	05334_Web_SS_0.png	2
獺	U+737A	U+737A.png	05335	05335_Web_SS_5.png	1
獻	U+737B	U+737B.png	05336	05336_Web_SS_0.png	2
玃	U+7383	U+7383.png	05338	05338_Web_SS_5.png	1
玄	U+7384	U+7384.png	05339	05339_Web_SS_5.png	3
玅	U+7385	U+7385.png	05340	05340_Web_SS_5.png	1
玆	U+7386	U+7386.png	05341	05341_Web_SS_5.png	1
率	U+7387	U+7387.png	05342	05342_Web_SS_5.png	2
玈	U+7388	U+7388.png	05343	05343_Web_SS_5.png	1
玉	U+7389	U+7389.png	05344	05344_Web_SS_5.png	3
王	U+738B	U+738B.png	05345	05345_Web_SS_5.png	3
玎	U+738E	U+738E.png	05346	05346_Web_SS_5.png	1
玒	U+7392	U+7392.png	05347	05347_Web_SS_5.png	1
玓	U+7393	U+7393.png	05348	05348_Web_SS_5.png	1
玕	U+7395	U+7395.png	05349	05349_Web_SS_5.png	1
玖	U+7396	U+7396.png	05350	05350_Web_SS_5.png	1
玗	U+7397	U+7397.png	05351	05351_Web_SS_5.png	1
玘	U+7398	U+7398.png	05352	05352_Web_SS_5.png	1
玟	U+739F	U+739F.png	05353	05353_Web_SS_5.png	1
玠	U+73A0	U+73A0.png	05354	05354_Web_SS_5.png	1
玤	U+73A4	U+73A4.png	05356	05356_Web_SS_5.png	1
玦	U+73A6	U+73A6.png	05357	05357_Web_SS_5.png	1
玨	U+73A8	U+73A8.png	05358	05358_Web_SS_5.png	1
玩	U+73A9	U+73A9.png	05359	05359_Web_SS_0.png	3
玫	U+73AB	U+73AB.png	05360	05360_Web_SS_5.png	1
玭	U+73AD	U+73AD.png	05361	05361_Web_SS_5.png	1
环	U+73AF	U+73AF.png	05362	05362_Web_SS_0.png	2
玲	U+73B2	U+73B2.png	05364	05364_Web_SS_0.png	2
玼	U+73BC	U+73BC.png	05365	05365_Web_SS_5.png	1
玽	U+73BD	U+73BD.png	05366	05366_Web_SS_5.png	1
珂	U+73C2	U+73C2.png	05367	05367_Web_SS_5.png	1
珇	U+73C7	U+73C7.png	05368	05368_Web_SS_5.png	1
珈	U+73C8	U+73C8.png	05369	05369_Web_SS_5.png	1
珉	U+73C9	U+73C9.png	05370	05370_Web_SS_5.png	1
珊	U+73CA	U+73CA.png	05371	05371_Web_SS_5.png	1
珋	U+73CB	U+73CB.png	05372	05372_Web_SS_5.png	1
珌	U+73CC	U+73CC.png	05373	05373_Web_SS_5.png	1
珍	U+73CD	U+73CD.png	05374	05374_Web_SS_0.png	2
珏	U+73CF	U+73CF.png	05375	05375_Web_SS_5.png	1
珑	U+73D1	U+73D1.png	05376	05376_Web_SS_5.png	2
珕	U+73D5	U+73D5.png	05378	05378_Web_SS_5.png	1
珙	U+73D9	U+73D9.png	05379	05379_Web_SS_5.png	1
珛	U+73DB	U+73DB.png	05380	05380_Web_SS_5.png	1
珝	U+73DD	U+73DD.png	05381	05381_Web_SS_5.png	1
珞	U+73DE	U+73DE.png	05382	05382_Web_SS_5.png	1
珠	U+73E0	U+73E0.png	05383	05383_Web_SS_5.png	2
珢	U+73E2	U+73E2.png	05384	05384_Web_SS_5.png	1
珣	U+73E3	U+73E3.png	05385	05385_Web_SS_5.png	1
珥	U+73E5	U+73E5.png	05387	05387_Web_SS_5.png	1
珦	U+73E6	U+73E6.png	05388	05388_Web_SS_5.png	1
珧	U+73E7	U+73E7.png	05389	05389_Web_SS_5.png	1
珩	U+73E9	U+73E9.png	05390	05390_Web_SS_5.png	1
珪	U+73EA	U+73EA.png	05391	05391_Web_SS_5.png	1
班	U+73ED	U+73ED.png	05392	05392_Web_SS_5.png	2
珽	U+73FD	U+73FD.png	05396	05396_Web_SS_5.png	1
琀	U+7400	U+7400.png	05397	05397_Web_SS_5.png	1
琁	U+7401	U+7401.png	05398	05398_Web_SS_5.png	1
琂	U+7402	U+7402.png	05399	05399_Web_SS_5.png	1
球	U+7403	U+7403.png	05400	05400_Web_SS_0.png	3
琅	U+7405	U+7405.png	05401	05401_Web_SS_5.png	2
理	U+7406	U+7406.png	05402	05402_Web_SS_0.png	2
琐	U+7410	U+7410.png	05403	05403_Web_SS_5.png	2
琖	U+7416	U+7416.png	05404	05404_Web_SS_5.png	1
琚	U+741A	U+741A.png	05405	05405_Web_SS_5.png	1
琛	U+741B	U+741B.png	05406	05406_Web_SS_5.png	1
琟	U+741F	U+741F.png	05407	05407_Web_SS_5.png	1
琠	U+7420	U+7420.png	05408	05408_Web_SS_5.png	1
琡	U+7421	U+7421.png	05409	05409_Web_SS_5.png	1
琢	U+7422	U+7422.png	05410	05410_Web_SS_5.png	1
琤	U+7424	U+7424.png	05411	05411_Web_SS_5.png	1
琥	U+7425	U+7425.png	05412	05412_Web_SS_5.png	1
琦	U+7426	U+7426.png	05413	05413_Web_SS_5.png	1
琨	U+7428	U+7428.png	05414	05414_Web_SS_5.png	1
琫	U+742B	U+742B.png	05415	05415_Web_SS_5.png	1
琬	U+742C	U+742C.png	05416	05416_Web_SS_5.png	1
琮	U+742E	U+742E.png	05418	05418_Web_SS_5.png	1
琯	U+742F	U+742F.png	05419	05419_Web_SS_5.png	1
琰	U+7430	U+7430.png	05420	05420_Web_SS_5.png	1
琱	U+7431	U+7431.png	05421	05421_Web_SS_5.png	1
琲	U+7432	U+7432.png	05422	05422_Web_SS_5.png	1
琳	U+7433	U+7433.png	05423	05423_Web_SS_5.png	1
琴	U+7434	U+7434.png	05424	05424_Web_SS_0.png	3
琵	U+7435	U+7435.png	05425	05425_Web_SS_5.png	1
琶	U+7436	U+7436.png	05426	05426_Web_SS_5.png	1
琼	U+743C	U+743C.png	05428	05428_Web_SS_5.png	4
瑀	U+7440	U+7440.png	05429	05429_Web_SS_5.png	1
瑁	U+7441	U+7441.png	05430	05430_Web_SS_5.png	1
瑂	U+7442	U+7442.png	05431	05431_Web_SS_5.png	1
瑄	U+7444	U+7444.png	05432	05432_Web_SS_5.png	1
瑎	U+744E	U+744E.png	05434	05434_Web_SS_5.png	1
瑑	U+7451	U+7451.png	05435	05435_Web_SS_5.png	1
瑒	U+7452	U+7452.png	05436	05436_Web_SS_5.png	1
瑕	U+7455	U+7455.png	05437	05437_Web_SS_0.png	2
瑗	U+7457	U+7457.png	05438	05438_Web_SS_5.png	1
瑚	U+745A	U+745A.png	05439	05439_Web_SS_5.png	1
瑛	U+745B	U+745B.png	05440	05440_Web_SS_5.png	1
瑜	U+745C	U+745C.png	05441	05441_Web_SS_0.png	2
瑝	U+745D	U+745D.png	05442	05442_Web_SS_5.png	1
瑞	U+745E	U+745E.png	05443	05443_Web_SS_0.png	2
瑟	U+745F	U+745F.png	05444	05444_Web_SS_0.png	3
瑣	U+7463	U+7463.png	05445	05445_Web_SS_0.png	2
瑤	U+7464	U+7464.png	05446	05446_Web_SS_5.png	1
瑦	U+7466	U+7466.png	05447	05447_Web_SS_5.png	1
瑩	U+7469	U+7469.png	05448	05448_Web_SS_0.png	2
瑬	U+746C	U+746C.png	05449	05449_Web_SS_5.png	1
瑮	U+746E	U+746E.png	05450	05450_Web_SS_5.png	1
瑰	U+7470	U+7470.png	05451	05451_Web_SS_5.png	1
瑱	U+7471	U+7471.png	05452	05452_Web_SS_5.png	1
瑲	U+7472	U+7472.png	05453	05453_Web_SS_5.png	1
瑳	U+7473	U+7473.png	05454	05454_Web_SS_5.png	1
瑵	U+7475	U+7475.png	05455	05455_Web_SS_5.png	1
瑾	U+747E	U+747E.png	05456	05456_Web_SS_5.png	1
璀	U+7480	U+7480.png	05457	05457_Web_SS_5.png	1
璁	U+7481	U+7481.png	05458	05458_Web_SS_5.png	1
璅	U+7485	U+7485.png	05459	05459_Web_SS_5.png	1
璆	U+7486	U+7486.png	05460	05460_Web_SS_5.png	1
璊	U+748A	U+748A.png	05461	05461_Web_SS_5.png	1
璋	U+748B	U+748B.png	05462	05462_Web_SS_5.png	1
璏	U+748F	U+748F.png	05463	05463_Web_SS_5.png	1
璐	U+7490	U+7490.png	05464	05464_Web_SS_5.png	1
璑	U+7491	U+7491.png	05465	05465_Web_SS_5.png	1
璒	U+7492	U+7492.png	05466	05466_Web_SS_5.png	1
璓	U+7493	U+7493.png	05467	05467_Web_SS_5.png	1
璗	U+7497	U+7497.png	05468	05468_Web_SS_5.png	1
璙	U+7499	U+7499.png	05469	05469_Web_SS_5.png	1
璚	U+749A	U+749A.png	05470	05470_Web_SS_5.png	1
璜	U+749C	U+749C.png	05471	05471_Web_SS_5.png	1
璠	U+74A0	U+74A0.png	05473	05473_Web_SS_5.png	1
璡	U+74A1	U+74A1.png	05474	05474_Web_SS_5.png	1
璣	U+74A3	U+74A3.png	05475	05475_Web_SS_5.png	1
璥	U+74A5	U+74A5.png	05476	05476_Web_SS_5.png	1
璧	U+74A7	U+74A7.png	05477	05477_Web_SS_5.png	1
璨	U+74A8	U+74A8.png	05478	05478_Web_SS_5.png	1
璩	U+74A9	U+74A9.png	05479	05479_Web_SS_5.png	1
璪	U+74AA	U+74AA.png	05480	05480_Web_SS_5.png	1
璫	U+74AB	U+74AB.png	05481	05481_Web_SS_5.png	1
璬	U+74AC	U+74AC.png	05482	05482_Web_SS_5.png	1
環	U+74B0	U+74B0.png	05483	05483_Web_SS_0.png	2
璱	U+74B1	U+74B1.png	05484	05484_Web_SS_5.png	1
璵	U+74B5	U+74B5.png	05485	05485_Web_SS_5.png	1
璶	U+74B6	U+74B6.png	05486	05486_Web_SS_5.png	1
璹	U+74B9	U+74B9.png	05487	05487_Web_SS_5.png	1
璽	U+74BD	U+74BD.png	05488	05488_Web_SS_5.png	1
璿	U+74BF	U+74BF.png	05489	05489_Web_SS_5.png	1
瓃	U+74C3	U+74C3.png	05490	05490_Web_SS_5.png	1
瓅	U+74C5	U+74C5.png	05492	05492_Web_SS_5.png	1
瓊	U+74CA	U+74CA.png	05493	05493_Web_SS_0.png	3
瓏	U+74CF	U+74CF.png	05494	05494_Web_SS_0.png	2
瓗	U+74D7	U+74D7.png	05498	05498_Web_SS_5.png	1
瓘	U+74D8	U+74D8.png	05499	05499_Web_SS_5.png	1
瓚	U+74DA	U+74DA.png	05500	05500_Web_SS_5.png	1
瓛	U+74DB	U+74DB.png	05501	05501_Web_SS_5.png	1
瓜	U+74DC	U+74DC.png	05502	05502_Web_SS_0.png	2
瓞	U+74DE	U+74DE.png	05503	05503_Web_SS_5.png	1
瓠	U+74E0	U+74E0.png	05504	05504_Web_SS_5.png	1
瓢	U+74E2	U+74E2.png	05505	05505_Web_SS_0.png	2
瓣	U+74E3	U+74E3.png	05506	05506_Web_SS_0.png	2
瓦	U+74E6	U+74E6.png	05507	05507_Web_SS_0.png	2
瓨	U+74E8	U+74E8.png	05508	05508_Web_SS_5.png	1
瓪	U+74EA	U+74EA.png	05509	05509_Web_SS_5.png	1
瓬	U+74EC	U+74EC.png	05510	05510_Web_SS_5.png	1
瓮	U+74EE	U+74EE.png	05511	05511_Web_SS_5.png	1
瓴	U+74F4	U+74F4.png	05512	05512_Web_SS_5.png	1
瓵	U+74F5	U+74F5.png	05513	05513_Web_SS_5.png	1
瓶	U+74F6	U+74F6.png	05514	05514_Web_SS_5.png	3
瓷	U+74F7	U+74F7.png	05515	05515_Web_SS_5.png	2
瓻	U+74FB	U+74FB.png	05516	05516_Web_SS_5.png	1
瓽	U+74FD	U+74FD.png	05517	05517_Web_SS_5.png	1
瓿	U+74FF	U+74FF.png	05518	05518_Web_SS_5.png	1
甂	U+7502	U+7502.png	05519	05519_Web_SS_5.png	1
甃	U+7503	U+7503.png	05520	05520_Web_SS_5.png	1
甄	U+7504	U+7504.png	05521	05521_Web_SS_5.png	2
甈	U+7508	U+7508.png	05522	05522_Web_SS_5.png	1
甌	U+750C	U+750C.png	05523	05523_Web_SS_5.png	1
甍	U+750D	U+750D.png	05524	05524_Web_SS_5.png	1
甑	U+7511	U+7511.png	05525	05525_Web_SS_5.png	1
甓	U+7513	U+7513.png	05526	05526_Web_SS_5.png	1
甗	U+7517	U+7517.png	05528	05528_Web_SS_5.png	1
甘	U+7518	U+7518.png	05529	05529_Web_SS_0.png	2
甚	U+751A	U+751A.png	05530	05530_Web_SS_0.png	3
甛	U+751B	U+751B.png	05531	05531_Web_SS_5.png	1
甜	U+751C	U+751C.png	05532	05532_Web_SS_0.png	2
生	U+751F	U+751F.png	05533	05533_Web_SS_0.png	2
甡	U+7521	U+7521.png	05534	05534_Web_SS_5.png	1
產	U+7522	U+7522.png	05535	05535_Web_SS_0.png	1
甤	U+7524	U+7524.png	05537	05537_Web_SS_5.png	1
甥	U+7525	U+7525.png	05538	05538_Web_SS_5.png	1
用	U+7528	U+7528.png	05539	05539_Web_SS_1.png	3
甫	U+752B	U+752B.png	05540	05540_Web_SS_0.png	2
甬	U+752C	U+752C.png	05541	05541_Web_SS_5.png	1
甯	U+752F	U+752F.png	05542	05542_Web_SS_5.png	1
田	U+7530	U+7530.png	05543	05543_Web_SS_0.png	2
由	U+7531	U+7531.png	05544	05544_Web_SS_5.png	2
甲	U+7532	U+7532.png	05545	05545_Web_SS_0.png	3
申	U+7533	U+7533.png	05546	05546_Web_SS_0.png	4
电	U+7535	U+7535.png	05547	05547_Web_SS_5.png	3
男	U+7537	U+7537.png	05549	05549_Web_SS_5.png	2
甸	U+7538	U+7538.png	05550	05550_Web_SS_0.png	2
甹	U+7539	U+7539.png	05551	05551_Web_SS_5.png	1
町	U+753A	U+753A.png	05552	05552_Web_SS_5.png	1
画	U+753B	U+753B.png	05553	05553_Web_SS_0.png	4
甽	U+753D	U+753D.png	05554	05554_Web_SS_5.png	1
甾	U+753E	U+753E.png	05555	05555_Web_SS_5.png	1
甿	U+753F	U+753F.png	05556	05556_Web_SS_5.png	1
畀	U+7540	U+7540.png	05557	05557_Web_SS_5.png	1
畅	U+7545	U+7545.png	05558	05558_Web_SS_5.png	2
畋	U+754B	U+754B.png	05559	05559_Web_SS_5.png	1
界	U+754C	U+754C.png	05560	05560_Web_SS_5.png	2
畎	U+754E	U+754E.png	05562	05562_Web_SS_5.png	1
畏	U+754F	U+754F.png	05563	05563_Web_SS_5.png	3
畔	U+7554	U+7554.png	05565	05565_Web_SS_0.png	2
畕	U+7555	U+7555.png	05566	05566_Web_SS_5.png	1
畗	U+7557	U+7557.png	05567	05567_Web_SS_5.png	1
留	U+7559	U+7559.png	05568	05568_Web_SS_5.png	2
畚	U+755A	U+755A.png	05569	05569_Web_SS_5.png	1
畛	U+755B	U+755B.png	05570	05570_Web_SS_5.png	1
畜	U+755C	U+755C.png	05571	05571_Web_SS_0.png	3
畝	U+755D	U+755D.png	05572	05572_Web_SS_1.png	3
畟	U+755F	U+755F.png	05573	05573_Web_SS_5.png	1
畢	U+7562	U+7562.png	05574	05574_Web_SS_0.png	1
畤	U+7564	U+7564.png	05575	05575_Web_SS_5.png	1
略	U+7565	U+7565.png	05576	05576_Web_SS_5.png	2
畦	U+7566	U+7566.png	05577	05577_Web_SS_5.png	1
番	U+756A	U+756A.png	05578	05578_Web_SS_5.png	4
畫	U+756B	U+756B.png	05579	05579_Web_SS_1.png	3
畮	U+756E	U+756E.png	05580	05580_Web_SS_5.png	1
畯	U+756F	U+756F.png	05581	05581_Web_SS_5.png	1
異	U+7570	U+7570.png	05582	05582_Web_SS_5.png	2
畱	U+7571	U+7571.png	05583	05583_Web_SS_5.png	1
畴	U+7574	U+7574.png	05584	05584_Web_SS_0.png	3
當	U+7576	U+7576.png	05585	05585_Web_SS_0.png	1
畷	U+7577	U+7577.png	05586	05586_Web_SS_5.png	1
畸	U+7578	U+7578.png	05587	05587_Web_SS_5.png	1
畹	U+7579	U+7579.png	05588	05588_Web_SS_5.png	1
畺	U+757A	U+757A.png	05589	05589_Web_SS_5.png	1
畼	U+757C	U+757C.png	05590	05590_Web_SS_5.png	1
畿	U+757F	U+757F.png	05592	05592_Web_SS_5.png	1
疀	U+7580	U+7580.png	05593	05593_Web_SS_5.png	1
疁	U+7581	U+7581.png	05594	05594_Web_SS_5.png	1
疃	U+7583	U+7583.png	05595	05595_Web_SS_5.png	1
疄	U+7584	U+7584.png	05596	05596_Web_SS_5.png	1
疆	U+7586	U+7586.png	05597	05597_Web_SS_1.png	3
疇	U+7587	U+7587.png	05598	05598_Web_SS_5.png	3
疊	U+758A	U+758A.png	05599	05599_Web_SS_0.png	2
疋	U+758B	U+758B.png	05600	05600_Web_SS_0.png	2
疌	U+758C	U+758C.png	05601	05601_Web_SS_5.png	1
疏	U+758F	U+758F.png	05602	05602_Web_SS_5.png	2
疐	U+7590	U+7590.png	05603	05603_Web_SS_5.png	1
疑	U+7591	U+7591.png	05604	05604_Web_SS_5.png	2
疒	U+7592	U+7592.png	05605	05605_Web_SS_0.png	2
疕	U+7595	U+7595.png	05607	05607_Web_SS_5.png	1
疗	U+7597	U+7597.png	05608	05608_Web_SS_1.png	3
疛	U+759B	U+759B.png	05609	05609_Web_SS_5.png	1
疝	U+759D	U+759D.png	05610	05610_Web_SS_5.png	1
疟	U+759F	U+759F.png	05611	05611_Web_SS_5.png	2
疡	U+75A1	U+75A1.png	05612	05612_Web_SS_0.png	2
疢	U+75A2	U+75A2.png	05613	05613_Web_SS_5.png	1
疣	U+75A3	U+75A3.png	05614	05614_Web_SS_5.png	1
疥	U+75A5	U+75A5.png	05615	05615_Web_SS_5.png	1
疦	U+75A6	U+75A6.png	05616	05616_Web_SS_5.png	1
疧	U+75A7	U+75A7.png	05617	05617_Web_SS_5.png	1
疫	U+75AB	U+75AB.png	05619	05619_Web_SS_5.png	1
疲	U+75B2	U+75B2.png	05620	05620_Web_SS_0.png	2
疴	U+75B4	U+75B4.png	05622	05622_Web_SS_5.png	1
疵	U+75B5	U+75B5.png	05623	05623_Web_SS_0.png	2
疸	U+75B8	U+75B8.png	05624	05624_Web_SS_5.png	1
疹	U+75B9	U+75B9.png	05625	05625_Web_SS_5.png	1
疻	U+75BB	U+75BB.png	05626	05626_Web_SS_5.png	1
疽	U+75BD	U+75BD.png	05627	05627_Web_SS_5.png	1
疾	U+75BE	U+75BE.png	05628	05628_Web_SS_5.png	4
痀	U+75C0	U+75C0.png	05629	05629_Web_SS_5.png	1
痁	U+75C1	U+75C1.png	05630	05630_Web_SS_5.png	1
痂	U+75C2	U+75C2.png	05631	05631_Web_SS_5.png	1
病	U+75C5	U+75C5.png	05633	05633_Web_SS_5.png	2
痋	U+75CB	U+75CB.png	05635	05635_Web_SS_5.png	1
痍	U+75CD	U+75CD.png	05636	05636_Web_SS_5.png	1
痏	U+75CF	U+75CF.png	05638	05638_Web_SS_5.png	1
痑	U+75D1	U+75D1.png	05639	05639_Web_SS_5.png	1
痒	U+75D2	U+75D2.png	05640	05640_Web_SS_5.png	1
痔	U+75D4	U+75D4.png	05641	05641_Web_SS_5.png	1
痕	U+75D5	U+75D5.png	05642	05642_Web_SS_0.png	2
痙	U+75D9	U+75D9.png	05643	05643_Web_SS_5.png	1
痛	U+75DB	U+75DB.png	05644	05644_Web_SS_0.png	2
痞	U+75DE	U+75DE.png	05645	05645_Web_SS_5.png	1
痟	U+75DF	U+75DF.png	05646	05646_Web_SS_5.png	1
痡	U+75E1	U+75E1.png	05647	05647_Web_SS_5.png	1
痤	U+75E4	U+75E4.png	05648	05648_Web_SS_5.png	1
痥	U+75E5	U+75E5.png	05649	05649_Web_SS_5.png	1
痬	U+75EC	U+75EC.png	05651	05651_Web_SS_5.png	1
痰	U+75F0	U+75F0.png	05652	05652_Web_SS_5.png	1
痱	U+75F1	U+75F1.png	05653	05653_Web_SS_5.png	1
痳	U+75F3	U+75F3.png	05654	05654_Web_SS_5.png	1
痴	U+75F4	U+75F4.png	05655	05655_Web_SS_5.png	2
痵	U+75F5	U+75F5.png	05656	05656_Web_SS_5.png	1
痹	U+75F9	U+75F9.png	05657	05657_Web_SS_0.png	2
痺	U+75FA	U+75FA.png	05658	05658_Web_SS_0.png	1
痿	U+75FF	U+75FF.png	05659	05659_Web_SS_5.png	1
瘀	U+7600	U+7600.png	05660	05660_Web_SS_5.png	1
瘃	U+7603	U+7603.png	05661	05661_Web_SS_5.png	1
瘉	U+7609	U+7609.png	05662	05662_Web_SS_5.png	1
瘌	U+760C	U+760C.png	05663	05663_Web_SS_5.png	1
瘍	U+760D	U+760D.png	05664	05664_Web_SS_5.png	2
瘏	U+760F	U+760F.png	05665	05665_Web_SS_5.png	1
瘕	U+7615	U+7615.png	05667	05667_Web_SS_5.png	1
瘖	U+7616	U+7616.png	05668	05668_Web_SS_5.png	1
瘚	U+761A	U+761A.png	05669	05669_Web_SS_5.png	1
瘛	U+761B	U+761B.png	05670	05670_Web_SS_5.png	1
瘜	U+761C	U+761C.png	05671	05671_Web_SS_5.png	1
瘢	U+7622	U+7622.png	05672	05672_Web_SS_5.png	1
瘣	U+7623	U+7623.png	05673	05673_Web_SS_5.png	1
瘤	U+7624	U+7624.png	05674	05674_Web_SS_5.png	1
瘥	U+7625	U+7625.png	05675	05675_Web_SS_5.png	1
瘦	U+7626	U+7626.png	05676	05676_Web_SS_0.png	2
瘧	U+7627	U+7627.png	05677	05677_Web_SS_5.png	2
瘨	U+7628	U+7628.png	05678	05678_Web_SS_5.png	1
瘱	U+7631	U+7631.png	05679	05679_Web_SS_5.png	1
瘲	U+7632	U+7632.png	05680	05680_Web_SS_5.png	1
瘳	U+7633	U+7633.png	05681	05681_Web_SS_5.png	1
瘵	U+7635	U+7635.png	05682	05682_Web_SS_5.png	1
瘻	U+763B	U+763B.png	05683	05683_Web_SS_5.png	1
瘼	U+763C	U+763C.png	05684	05684_Web_SS_5.png	1
瘽	U+763D	U+763D.png	05685	05685_Web_SS_5.png	1
療	U+7642	U+7642.png	05687	05687_Web_SS_1.png	3
癃	U+7643	U+7643.png	05688	05688_Web_SS_5.png	1
癅	U+7645	U+7645.png	05689	05689_Web_SS_5.png	1
癇	U+7647	U+7647.png	05690	05690_Web_SS_5.png	1
癈	U+7648	U+7648.png	05691	05691_Web_SS_5.png	1
癉	U+7649	U+7649.png	05692	05692_Web_SS_5.png	1
癎	U+764E	U+764E.png	05694	05694_Web_SS_5.png	1
癑	U+7651	U+7651.png	05696	05696_Web_SS_5.png	1
癘	U+7658	U+7658.png	05698	05698_Web_SS_5.png	1
癛	U+765B	U+765B.png	05699	05699_Web_SS_5.png	1
癡	U+7661	U+7661.png	05700	05700_Web_SS_5.png	1
癫	U+766B	U+766B.png	05703	05703_Web_SS_5.png	1
癬	U+766C	U+766C.png	05704	05704_Web_SS_5.png	1
癭	U+766D	U+766D.png	05705	05705_Web_SS_5.png	1
癰	U+7670	U+7670.png	05706	05706_Web_SS_5.png	1
癶	U+7676	U+7676.png	05708	05708_Web_SS_5.png	2
癸	U+7678	U+7678.png	05709	05709_Web_SS_5.png	1
癹	U+7679	U+7679.png	05710	05710_Web_SS_5.png	1
登	U+767B	U+767B.png	05711	05711_Web_SS_5.png	3
發	U+767C	U+767C.png	05712	05712_Web_SS_0.png	1
白	U+767D	U+767D.png	05713	05713_Web_SS_0.png	3
百	U+767E	U+767E.png	05714	05714_Web_SS_0.png	3
皀	U+7680	U+7680.png	05715	05715_Web_SS_5.png	1
皂	U+7682	U+7682.png	05716	05716_Web_SS_5.png	2
皃	U+7683	U+7683.png	05717	05717_Web_SS_5.png	1
的	U+7684	U+7684.png	05718	05718_Web_SS_0.png	2
皅	U+7685	U+7685.png	05719	05719_Web_SS_5.png	1
皆	U+7686	U+7686.png	05720	05720_Web_SS_0.png	2
皇	U+7687	U+7687.png	05721	05721_Web_SS_5.png	2
皋	U+768B	U+768B.png	05722	05722_Web_SS_5.png	1
皎	U+768E	U+768E.png	05723	05723_Web_SS_5.png	1
皕	U+7695	U+7695.png	05724	05724_Web_SS_5.png	1
皙	U+7699	U+7699.png	05725	05725_Web_SS_5.png	1
皚	U+769A	U+769A.png	05726	05726_Web_SS_5.png	1
皛	U+769B	U+769B.png	05727	05727_Web_SS_5.png	1
皢	U+76A2	U+76A2.png	05728	05728_Web_SS_5.png	1
皣	U+76A3	U+76A3.png	05729	05729_Web_SS_5.png	1
皤	U+76A4	U+76A4.png	05730	05730_Web_SS_5.png	1
皦	U+76A6	U+76A6.png	05731	05731_Web_SS_5.png	1
皮	U+76AE	U+76AE.png	05732	05732_Web_SS_1.png	4
皯	U+76AF	U+76AF.png	05733	05733_Web_SS_5.png	1
皰	U+76B0	U+76B0.png	05734	05734_Web_SS_5.png	1
皴	U+76B4	U+76B4.png	05735	05735_Web_SS_5.png	1
皸	U+76B8	U+76B8.png	05736	05736_Web_SS_5.png	1
皿	U+76BF	U+76BF.png	05737	05737_Web_SS_0.png	2
盂	U+76C2	U+76C2.png	05738	05738_Web_SS_5.png	1
盄	U+76C4	U+76C4.png	05739	05739_Web_SS_5.png	1
盅	U+76C5	U+76C5.png	05740	05740_Web_SS_5.png	1
盆	U+76C6	U+76C6.png	05741	05741_Web_SS_0.png	2
盇	U+76C7	U+76C7.png	05742	05742_Web_SS_5.png	1
盈	U+76C8	U+76C8.png	05743	05743_Web_SS_5.png	2
盉	U+76C9	U+76C9.png	05744	05744_Web_SS_5.png	1
益	U+76CA	U+76CA.png	05745	05745_Web_SS_0.png	2
盋	U+76CB	U+76CB.png	05746	05746_Web_SS_5.png	1
盌	U+76CC	U+76CC.png	05747	05747_Web_SS_5.png	1
盍	U+76CD	U+76CD.png	05748	05748_Web_SS_5.png	1
盎	U+76CE	U+76CE.png	05749	05749_Web_SS_5.png	3
盐	U+76D0	U+76D0.png	05750	05750_Web_SS_0.png	2
监	U+76D1	U+76D1.png	05751	05751_Web_SS_5.png	2
盖	U+76D6	U+76D6.png	05752	05752_Web_SS_5.png	1
盗	U+76D7	U+76D7.png	05753	05753_Web_SS_0.png	2
盘	U+76D8	U+76D8.png	05754	05754_Web_SS_1.png	4
盛	U+76DB	U+76DB.png	05755	05755_Web_SS_0.png	2
盜	U+76DC	U+76DC.png	05756	05756_Web_SS_5.png	2
盟	U+76DF	U+76DF.png	05758	05758_Web_SS_1.png	4
盡	U+76E1	U+76E1.png	05760	05760_Web_SS_0.png	1
監	U+76E3	U+76E3.png	05761	05761_Web_SS_0.png	1
盤	U+76E4	U+76E4.png	05762	05762_Web_SS_1.png	3
盥	U+76E5	U+76E5.png	05763	05763_Web_SS_0.png	2
盦	U+76E6	U+76E6.png	05764	05764_Web_SS_5.png	1
盧	U+76E7	U+76E7.png	05765	05765_Web_SS_0.png	2
盨	U+76E8	U+76E8.png	05766	05766_Web_SS_5.png	1
盩	U+76E9	U+76E9.png	05767	05767_Web_SS_5.png	1
盪	U+76EA	U+76EA.png	05768	05768_Web_SS_5.png	2
盬	U+76EC	U+76EC.png	05769	05769_Web_SS_5.png	1
盭	U+76ED	U+76ED.png	05770	05770_Web_SS_5.png	1
目	U+76EE	U+76EE.png	05771	05771_Web_SS_5.png	3
盰	U+76F0	U+76F0.png	05772	05772_Web_SS_5.png	1
盱	U+76F1	U+76F1.png	05773	05773_Web_SS_5.png	1
盲	U+76F2	U+76F2.png	05774	05774_Web_SS_0.png	2
直	U+76F4	U+76F4.png	05775	05775_Web_SS_0.png	3
相	U+76F8	U+76F8.png	05777	05777_Web_SS_0.png	2
盻	U+76FB	U+76FB.png	05778	05778_Web_SS_5.png	1
盼	U+76FC	U+76FC.png	05779	05779_Web_SS_0.png	2
盾	U+76FE	U+76FE.png	05781	05781_Web_SS_5.png	2
省	U+7701	U+7701.png	05783	05783_Web_SS_0.png	3
眄	U+7704	U+7704.png	05785	05785_Web_SS_5.png	1
眅	U+7705	U+7705.png	05786	05786_Web_SS_5.png	1
眇	U+7707	U+7707.png	05787	05787_Web_SS_5.png	1
眈	U+7708	U+7708.png	05788	05788_Web_SS_5.png	1
眉	U+7709	U+7709.png	05789	05789_Web_SS_0.png	2
眊	U+770A	U+770A.png	05790	05790_Web_SS_5.png	1
看	U+770B	U+770B.png	05791	05791_Web_SS_0.png	3
眓	U+7713	U+7713.png	05792	05792_Web_SS_5.png	1
眔	U+7714	U+7714.png	05793	05793_Web_SS_5.png	1
眕	U+7715	U+7715.png	05794	05794_Web_SS_5.png	1
眙	U+7719	U+7719.png	05795	05795_Web_SS_5.png	1
眚	U+771A	U+771A.png	05796	05796_Web_SS_5.png	1
眛	U+771B	U+771B.png	05797	05797_Web_SS_5.png	1
眜	U+771C	U+771C.png	05798	05798_Web_SS_5.png	1
眝	U+771D	U+771D.png	05799	05799_Web_SS_5.png	1
眞	U+771E	U+771E.png	05800	05800_Web_SS_5.png	1
真	U+771F	U+771F.png	05801	05801_Web_SS_5.png	3
眢	U+7722	U+7722.png	05802	05802_Web_SS_5.png	1
眣	U+7723	U+7723.png	05803	05803_Web_SS_5.png	1
眨	U+7728	U+7728.png	05804	05804_Web_SS_5.png	2
眩	U+7729	U+7729.png	05805	05805_Web_SS_0.png	2
眭	U+772D	U+772D.png	05806	05806_Web_SS_5.png	1
眮	U+772E	U+772E.png	05807	05807_Web_SS_5.png	1
眯	U+772F	U+772F.png	05808	05808_Web_SS_5.png	1
眴	U+7734	U+7734.png	05809	05809_Web_SS_5.png	1
眵	U+7735	U+7735.png	05810	05810_Web_SS_5.png	1
眷	U+7737	U+7737.png	05811	05811_Web_SS_0.png	2
眸	U+7738	U+7738.png	05812	05812_Web_SS_5.png	1
眹	U+7739	U+7739.png	05813	05813_Web_SS_5.png	1
眺	U+773A	U+773A.png	05814	05814_Web_SS_5.png	1
眼	U+773C	U+773C.png	05815	05815_Web_SS_5.png	2
眽	U+773D	U+773D.png	05816	05816_Web_SS_5.png	1
眾	U+773E	U+773E.png	05817	05817_Web_SS_5.png	2
着	U+7740	U+7740.png	05818	05818_Web_SS_5.png	1
睅	U+7745	U+7745.png	05819	05819_Web_SS_5.png	1
睇	U+7747	U+7747.png	05820	05820_Web_SS_5.png	1
睊	U+774A	U+774A.png	05821	05821_Web_SS_5.png	1
睍	U+774D	U+774D.png	05822	05822_Web_SS_5.png	1
睎	U+774E	U+774E.png	05823	05823_Web_SS_5.png	1
睒	U+7752	U+7752.png	05824	05824_Web_SS_5.png	1
睔	U+7754	U+7754.png	05825	05825_Web_SS_5.png	1
睗	U+7757	U+7757.png	05826	05826_Web_SS_5.png	1
睘	U+7758	U+7758.png	05827	05827_Web_SS_5.png	1
睚	U+775A	U+775A.png	05828	05828_Web_SS_5.png	1
睞	U+775E	U+775E.png	05829	05829_Web_SS_5.png	1
睡	U+7761	U+7761.png	05830	05830_Web_SS_0.png	2
睢	U+7762	U+7762.png	05831	05831_Web_SS_5.png	1
督	U+7763	U+7763.png	05832	05832_Web_SS_0.png	2
睦	U+7766	U+7766.png	05833	05833_Web_SS_5.png	3
睨	U+7768	U+7768.png	05834	05834_Web_SS_5.png	1
睩	U+7769	U+7769.png	05835	05835_Web_SS_5.png	1
睪	U+776A	U+776A.png	05836	05836_Web_SS_5.png	1
睴	U+7774	U+7774.png	05837	05837_Web_SS_5.png	1
睹	U+7779	U+7779.png	05838	05838_Web_SS_0.png	3
睼	U+777C	U+777C.png	05839	05839_Web_SS_5.png	1
睽	U+777D	U+777D.png	05840	05840_Web_SS_5.png	1
睿	U+777F	U+777F.png	05841	05841_Web_SS_5.png	1
瞀	U+7780	U+7780.png	05842	05842_Web_SS_5.png	1
瞂	U+7782	U+7782.png	05844	05844_Web_SS_5.png	1
瞍	U+778D	U+778D.png	05846	05846_Web_SS_5.png	1
瞏	U+778F	U+778F.png	05847	05847_Web_SS_5.png	1
瞑	U+7791	U+7791.png	05848	05848_Web_SS_5.png	1
瞒	U+7792	U+7792.png	05849	05849_Web_SS_0.png	2
瞗	U+7797	U+7797.png	05850	05850_Web_SS_5.png	1
瞚	U+779A	U+779A.png	05851	05851_Web_SS_5.png	1
瞞	U+779E	U+779E.png	05852	05852_Web_SS_0.png	2
瞟	U+779F	U+779F.png	05853	05853_Web_SS_5.png	1
瞢	U+77A2	U+77A2.png	05854	05854_Web_SS_5.png	1
瞤	U+77A4	U+77A4.png	05855	05855_Web_SS_5.png	1
瞥	U+77A5	U+77A5.png	05856	05856_Web_SS_5.png	1
瞦	U+77A6	U+77A6.png	05857	05857_Web_SS_5.png	1
瞫	U+77AB	U+77AB.png	05858	05858_Web_SS_5.png	1
瞯	U+77AF	U+77AF.png	05859	05859_Web_SS_5.png	1
瞴	U+77B4	U+77B4.png	05860	05860_Web_SS_5.png	1
瞵	U+77B5	U+77B5.png	05861	05861_Web_SS_5.png	1
瞷	U+77B7	U+77B7.png	05862	05862_Web_SS_5.png	1
瞻	U+77BB	U+77BB.png	05863	05863_Web_SS_0.png	2
瞼	U+77BC	U+77BC.png	05864	05864_Web_SS_5.png	1
瞽	U+77BD	U+77BD.png	05865	05865_Web_SS_5.png	1
瞿	U+77BF	U+77BF.png	05866	05866_Web_SS_5.png	1
矆	U+77C6	U+77C6.png	05867	05867_Web_SS_5.png	1
矉	U+77C9	U+77C9.png	05868	05868_Web_SS_5.png	1
矍	U+77CD	U+77CD.png	05869	05869_Web_SS_5.png	1
矏	U+77CF	U+77CF.png	05870	05870_Web_SS_5.png	1
矔	U+77D4	U+77D4.png	05871	05871_Web_SS_5.png	1
矕	U+77D5	U+77D5.png	05872	05872_Web_SS_5.png	1
矘	U+77D8	U+77D8.png	05873	05873_Web_SS_5.png	1
矛	U+77DB	U+77DB.png	05874	05874_Web_SS_5.png	3
矜	U+77DC	U+77DC.png	05875	05875_Web_SS_5.png	1
矞	U+77DE	U+77DE.png	05876	05876_Web_SS_5.png	1
矠	U+77E0	U+77E0.png	05877	05877_Web_SS_5.png	1
矢	U+77E2	U+77E2.png	05878	05878_Web_SS_5.png	2
矣	U+77E3	U+77E3.png	05879	05879_Web_SS_5.png	2
矤	U+77E4	U+77E4.png	05880	05880_Web_SS_5.png	1
知	U+77E5	U+77E5.png	05881	05881_Web_SS_0.png	2
矦	U+77E6	U+77E6.png	05882	05882_Web_SS_5.png	1
矩	U+77E9	U+77E9.png	05883	05883_Web_SS_1.png	4
矫	U+77EB	U+77EB.png	05884	05884_Web_SS_0.png	2
短	U+77ED	U+77ED.png	05885	05885_Web_SS_5.png	2
矮	U+77EE	U+77EE.png	05886	05886_Web_SS_5.png	2
矯	U+77EF	U+77EF.png	05887	05887_Web_SS_0.png	2
矰	U+77F0	U+77F0.png	05888	05888_Web_SS_5.png	1
石	U+77F3	U+77F3.png	05889	05889_Web_SS_5.png	2
矿	U+77FF	U+77FF.png	05890	05890_Web_SS_5.png	2
砅	U+7805	U+7805.png	05891	05891_Web_SS_5.png	1
砌	U+780C	U+780C.png	05893	05893_Web_SS_5.png	1
研	U+7814	U+7814.png	05895	05895_Web_SS_5.png	2
砖	U+7816	U+7816.png	05896	05896_Web_SS_5.png	1
砢	U+7822	U+7822.png	05897	05897_Web_SS_5.png	1
砥	U+7825	U+7825.png	05898	05898_Web_SS_5.png	1
砧	U+7827	U+7827.png	05899	05899_Web_SS_5.png	1
砭	U+782D	U+782D.png	05900	05900_Web_SS_5.png	1
砮	U+782E	U+782E.png	05901	05901_Web_SS_5.png	1
破	U+7834	U+7834.png	05902	05902_Web_SS_0.png	2
础	U+7840	U+7840.png	05903	05903_Web_SS_0.png	2
硈	U+7848	U+7848.png	05904	05904_Web_SS_5.png	1
硕	U+7855	U+7855.png	05905	05905_Web_SS_5.png	2
硜	U+785C	U+785C.png	05906	05906_Web_SS_5.png	1
硞	U+785E	U+785E.png	05907	05907_Web_SS_5.png	1
硟	U+785F	U+785F.png	05908	05908_Web_SS_5.png	1
硠	U+7860	U+7860.png	05909	05909_Web_SS_5.png	1
硩	U+7869	U+7869.png	05911	05911_Web_SS_5.png	1
硪	U+786A	U+786A.png	05912	05912_Web_SS_5.png	1
确	U+786E	U+786E.png	05913	05913_Web_SS_5.png	1
硯	U+786F	U+786F.png	05914	05914_Web_SS_5.png	1
硻	U+787B	U+787B.png	05915	05915_Web_SS_5.png	1
硾	U+787E	U+787E.png	05916	05916_Web_SS_5.png	1
碌	U+788C	U+788C.png	05917	05917_Web_SS_5.png	1
碍	U+788D	U+788D.png	05918	05918_Web_SS_0.png	2
碎	U+788E	U+788E.png	05919	05919_Web_SS_0.png	2
碏	U+788F	U+788F.png	05920	05920_Web_SS_5.png	1
碑	U+7891	U+7891.png	05921	05921_Web_SS_5.png	2
碓	U+7893	U+7893.png	05923	05923_Web_SS_5.png	1
碗	U+7897	U+7897.png	05924	05924_Web_SS_5.png	3
碝	U+789D	U+789D.png	05925	05925_Web_SS_5.png	1
碞	U+789E	U+789E.png	05926	05926_Web_SS_5.png	1
碣	U+78A3	U+78A3.png	05927	05927_Web_SS_5.png	1
碧	U+78A7	U+78A7.png	05928	05928_Web_SS_0.png	2
碩	U+78A9	U+78A9.png	05930	05930_Web_SS_0.png	2
碬	U+78AC	U+78AC.png	05931	05931_Web_SS_5.png	1
碭	U+78AD	U+78AD.png	05932	05932_Web_SS_5.png	1
碱	U+78B1	U+78B1.png	05933	05933_Web_SS_0.png	2
磊	U+78CA	U+78CA.png	05935	05935_Web_SS_0.png	2
磏	U+78CF	U+78CF.png	05936	05936_Web_SS_5.png	1
磑	U+78D1	U+78D1.png	05937	05937_Web_SS_5.png	1
磒	U+78D2	U+78D2.png	05938	05938_Web_SS_5.png	1
磔	U+78D4	U+78D4.png	05939	05939_Web_SS_5.png	1
磕	U+78D5	U+78D5.png	05940	05940_Web_SS_5.png	1
磛	U+78DB	U+78DB.png	05943	05943_Web_SS_5.png	1
磧	U+78E7	U+78E7.png	05944	05944_Web_SS_5.png	1
磨	U+78E8	U+78E8.png	05945	05945_Web_SS_0.png	2
磬	U+78EC	U+78EC.png	05946	05946_Web_SS_0.png	4
磯	U+78EF	U+78EF.png	05947	05947_Web_SS_5.png	1
磺	U+78FA	U+78FA.png	05948	05948_Web_SS_5.png	1
磻	U+78FB	U+78FB.png	05949	05949_Web_SS_5.png	1
磽	U+78FD	U+78FD.png	05950	05950_Web_SS_5.png	1
磿	U+78FF	U+78FF.png	05951	05951_Web_SS_5.png	1
礊	U+790A	U+790A.png	05952	05952_Web_SS_5.png	1
礎	U+790E	U+790E.png	05953	05953_Web_SS_0.png	2
礐	U+7910	U+7910.png	05954	05954_Web_SS_5.png	1
礓	U+7913	U+7913.png	05955	05955_Web_SS_5.png	1
礙	U+7919	U+7919.png	05956	05956_Web_SS_0.png	2
礜	U+791C	U+791C.png	05957	05957_Web_SS_5.png	1
礦	U+7926	U+7926.png	05959	05959_Web_SS_0.png	1
礩	U+7929	U+7929.png	05960	05960_Web_SS_5.png	1
礪	U+792A	U+792A.png	05961	05961_Web_SS_5.png	1
礫	U+792B	U+792B.png	05962	05962_Web_SS_5.png	1
礱	U+7931	U+7931.png	05963	05963_Web_SS_5.png	1
礹	U+7939	U+7939.png	05964	05964_Web_SS_5.png	1
示	U+793A	U+793A.png	05965	05965_Web_SS_0.png	3
礻	U+793B	U+793B.png	05966	05966_Web_SS_5.png	1
礼	U+793C	U+793C.png	05967	05967_Web_SS_0.png	3
社	U+793E	U+793E.png	05968	05968_Web_SS_5.png	3
礿	U+793F	U+793F.png	05969	05969_Web_SS_5.png	1
祀	U+7940	U+7940.png	05970	05970_Web_SS_0.png	3
祁	U+7941	U+7941.png	05971	05971_Web_SS_5.png	1
祆	U+7946	U+7946.png	05973	05973_Web_SS_5.png	1
祈	U+7948	U+7948.png	05975	05975_Web_SS_5.png	2
祉	U+7949	U+7949.png	05976	05976_Web_SS_0.png	2
祊	U+794A	U+794A.png	05977	05977_Web_SS_5.png	1
祋	U+794B	U+794B.png	05978	05978_Web_SS_5.png	1
祏	U+794F	U+794F.png	05979	05979_Web_SS_5.png	1
祐	U+7950	U+7950.png	05980	05980_Web_SS_5.png	2
祓	U+7953	U+7953.png	05981	05981_Web_SS_5.png	1
祔	U+7954	U+7954.png	05982	05982_Web_SS_5.png	1
祕	U+7955	U+7955.png	05983	05983_Web_SS_5.png	2
祖	U+7956	U+7956.png	05984	05984_Web_SS_5.png	2
祗	U+7957	U+7957.png	05985	05985_Web_SS_5.png	1
祘	U+7958	U+7958.png	05986	05986_Web_SS_5.png	1
祚	U+795A	U+795A.png	05988	05988_Web_SS_5.png	1
祜	U+795C	U+795C.png	05989	05989_Web_SS_5.png	1
祝	U+795D	U+795D.png	05990	05990_Web_SS_0.png	2
神	U+795E	U+795E.png	05991	05991_Web_SS_0.png	2
祟	U+795F	U+795F.png	05992	05992_Web_SS_5.png	1
祠	U+7960	U+7960.png	05993	05993_Web_SS_5.png	1
祡	U+7961	U+7961.png	05994	05994_Web_SS_5.png	1
祥	U+7965	U+7965.png	05995	05995_Web_SS_0.png	2
祧	U+7967	U+7967.png	05996	05996_Web_SS_5.png	1
票	U+7968	U+7968.png	05997	05997_Web_SS_5.png	2
祪	U+796A	U+796A.png	05998	05998_Web_SS_5.png	1
祫	U+796B	U+796B.png	05999	05999_Web_SS_5.png	1
祭	U+796D	U+796D.png	06000	06000_Web_SS_0.png	2
祯	U+796F	U+796F.png	06001	06001_Web_SS_5.png	2
祰	U+7970	U+7970.png	06002	06002_Web_SS_5.png	1
祲	U+7972	U+7972.png	06004	06004_Web_SS_5.png	1
祳	U+7973	U+7973.png	06005	06005_Web_SS_5.png	1
祴	U+7974	U+7974.png	06006	06006_Web_SS_5.png	1
祸	U+7978	U+7978.png	06007	06007_Web_SS_0.png	2
祺	U+797A	U+797A.png	06008	06008_Web_SS_5.png	1
祼	U+797C	U+797C.png	06009	06009_Web_SS_5.png	1
祿	U+797F	U+797F.png	06010	06010_Web_SS_0.png	2
禁	U+7981	U+7981.png	06011	06011_Web_SS_0.png	2
禂	U+7982	U+7982.png	06012	06012_Web_SS_5.png	1
禄	U+7984	U+7984.png	06013	06013_Web_SS_0.png	2
禅	U+7985	U+7985.png	06014	06014_Web_SS_0.png	2
禋	U+798B	U+798B.png	06016	06016_Web_SS_5.png	1
禍	U+798D	U+798D.png	06017	06017_Web_SS_0.png	2
禎	U+798E	U+798E.png	06018	06018_Web_SS_5.png	2
福	U+798F	U+798F.png	06019	06019_Web_SS_5.png	2
禓	U+7993	U+7993.png	06020	06020_Web_SS_5.png	1
禔	U+7994	U+7994.png	06021	06021_Web_SS_5.png	1
禖	U+7996	U+7996.png	06023	06023_Web_SS_5.png	1
禘	U+7998	U+7998.png	06024	06024_Web_SS_5.png	1
禛	U+799B	U+799B.png	06025	06025_Web_SS_5.png	1
禜	U+799C	U+799C.png	06026	06026_Web_SS_5.png	1
禠	U+79A0	U+79A0.png	06029	06029_Web_SS_5.png	1
禡	U+79A1	U+79A1.png	06030	06030_Web_SS_5.png	1
禦	U+79A6	U+79A6.png	06031	06031_Web_SS_0.png	2
禧	U+79A7	U+79A7.png	06032	06032_Web_SS_5.png	2
禪	U+79AA	U+79AA.png	06034	06034_Web_SS_0.png	1
禫	U+79AB	U+79AB.png	06035	06035_Web_SS_5.png	1
禮	U+79AE	U+79AE.png	06036	06036_Web_SS_0.png	2
禰	U+79B0	U+79B0.png	06037	06037_Web_SS_5.png	1
禱	U+79B1	U+79B1.png	06038	06038_Web_SS_5.png	1
禳	U+79B3	U+79B3.png	06039	06039_Web_SS_5.png	1
禷	U+79B7	U+79B7.png	06040	06040_Web_SS_5.png	1
禸	U+79B8	U+79B8.png	06041	06041_Web_SS_0.png	3
禹	U+79B9	U+79B9.png	06042	06042_Web_SS_5.png	1
禺	U+79BA	U+79BA.png	06043	06043_Web_SS_5.png	1
离	U+79BB	U+79BB.png	06044	06044_Web_SS_0.png	2
禼	U+79BC	U+79BC.png	06045	06045_Web_SS_5.png	1
禽	U+79BD	U+79BD.png	06046	06046_Web_SS_5.png	2
禾	U+79BE	U+79BE.png	06047	06047_Web_SS_0.png	2
禿	U+79BF	U+79BF.png	06048	06048_Web_SS_0.png	2
秀	U+79C0	U+79C0.png	06049	06049_Web_SS_0.png	2
私	U+79C1	U+79C1.png	06050	06050_Web_SS_0.png	2
秃	U+79C3	U+79C3.png	06051	06051_Web_SS_0.png	2
秄	U+79C4	U+79C4.png	06052	06052_Web_SS_5.png	1
秆	U+79C6	U+79C6.png	06054	06054_Web_SS_5.png	1
秉	U+79C9	U+79C9.png	06055	06055_Web_SS_0.png	2
秊	U+79CA	U+79CA.png	06056	06056_Web_SS_5.png	1
秋	U+79CB	U+79CB.png	06057	06057_Web_SS_5.png	3
种	U+79CD	U+79CD.png	06058	06058_Web_SS_0.png	2
秏	U+79CF	U+79CF.png	06059	06059_Web_SS_5.png	1
科	U+79D1	U+79D1.png	06060	06060_Web_SS_0.png	2
秒	U+79D2	U+79D2.png	06061	06061_Web_SS_5.png	2
秔	U+79D4	U+79D4.png	06062	06062_Web_SS_5.png	1
秕	U+79D5	U+79D5.png	06063	06063_Web_SS_5.png	1
秘	U+79D8	U+79D8.png	06064	06064_Web_SS_5.png	2
秜	U+79DC	U+79DC.png	06067	06067_Web_SS_5.png	1
秝	U+79DD	U+79DD.png	06068	06068_Web_SS_5.png	1
租	U+79DF	U+79DF.png	06069	06069_Web_SS_0.png	2
秠	U+79E0	U+79E0.png	06070	06070_Web_SS_5.png	1
秤	U+79E4	U+79E4.png	06071	06071_Web_SS_0.png	2
秦	U+79E6	U+79E6.png	06072	06072_Web_SS_0.png	3
秧	U+79E7	U+79E7.png	06073	06073_Web_SS_0.png	2
秨	U+79E8	U+79E8.png	06074	06074_Web_SS_5.png	1
秩	U+79E9	U+79E9.png	06075	06075_Web_SS_0.png	2
秫	U+79EB	U+79EB.png	06077	06077_Web_SS_5.png	1
秬	U+79EC	U+79EC.png	06078	06078_Web_SS_5.png	1
秭	U+79ED	U+79ED.png	06079	06079_Web_SS_5.png	1
积	U+79EF	U+79EF.png	06080	06080_Web_SS_0.png	2
称	U+79F0	U+79F0.png	06081	06081_Web_SS_1.png	3
秳	U+79F3	U+79F3.png	06082	06082_Web_SS_5.png	1
秶	U+79F6	U+79F6.png	06083	06083_Web_SS_5.png	1
移	U+79FB	U+79FB.png	06086	06086_Web_SS_0.png	2
稀	U+7A00	U+7A00.png	06087	06087_Web_SS_0.png	2
稂	U+7A02	U+7A02.png	06088	06088_Web_SS_5.png	1
稃	U+7A03	U+7A03.png	06089	06089_Web_SS_5.png	1
稅	U+7A05	U+7A05.png	06090	06090_Web_SS_0.png	2
稈	U+7A08	U+7A08.png	06091	06091_Web_SS_5.png	1
程	U+7A0B	U+7A0B.png	06092	06092_Web_SS_0.png	2
稌	U+7A0C	U+7A0C.png	06093	06093_Web_SS_5.png	1
稍	U+7A0D	U+7A0D.png	06094	06094_Web_SS_0.png	2
税	U+7A0E	U+7A0E.png	06095	06095_Web_SS_0.png	2
稔	U+7A14	U+7A14.png	06096	06096_Web_SS_5.png	1
稕	U+7A15	U+7A15.png	06097	06097_Web_SS_5.png	1
稗	U+7A17	U+7A17.png	06098	06098_Web_SS_5.png	1
稘	U+7A18	U+7A18.png	06099	06099_Web_SS_5.png	1
稙	U+7A19	U+7A19.png	06100	06100_Web_SS_5.png	1
稚	U+7A1A	U+7A1A.png	06101	06101_Web_SS_0.png	2
稛	U+7A1B	U+7A1B.png	06102	06102_Web_SS_5.png	1
稞	U+7A1E	U+7A1E.png	06103	06103_Web_SS_5.png	1
稟	U+7A1F	U+7A1F.png	06104	06104_Web_SS_5.png	1
稠	U+7A20	U+7A20.png	06105	06105_Web_SS_0.png	2
稬	U+7A2C	U+7A2C.png	06106	06106_Web_SS_5.png	1
稭	U+7A2D	U+7A2D.png	06107	06107_Web_SS_5.png	1
種	U+7A2E	U+7A2E.png	06108	06108_Web_SS_0.png	2
稯	U+7A2F	U+7A2F.png	06109	06109_Web_SS_5.png	1
稱	U+7A31	U+7A31.png	06110	06110_Web_SS_1.png	3
稳	U+7A33	U+7A33.png	06111	06111_Web_SS_0.png	2
稴	U+7A34	U+7A34.png	06112	06112_Web_SS_5.png	1
稷	U+7A37	U+7A37.png	06113	06113_Web_SS_5.png	1
稹	U+7A39	U+7A39.png	06114	06114_Web_SS_5.png	1
稺	U+7A3A	U+7A3A.png	06115	06115_Web_SS_5.png	1
稻	U+7A3B	U+7A3B.png	06116	06116_Web_SS_0.png	2
稼	U+7A3C	U+7A3C.png	06117	06117_Web_SS_5.png	1
稽	U+7A3D	U+7A3D.png	06118	06118_Web_SS_5.png	2
稾	U+7A3E	U+7A3E.png	06119	06119_Web_SS_5.png	1
稿	U+7A3F	U+7A3F.png	06120	06120_Web_SS_5.png	2
穀	U+7A40	U+7A40.png	06121	06121_Web_SS_0.png	1
穄	U+7A44	U+7A44.png	06122	06122_Web_SS_5.png	1
穅	U+7A45	U+7A45.png	06123	06123_Web_SS_5.png	1
穆	U+7A46	U+7A46.png	06124	06124_Web_SS_0.png	2
穊	U+7A4A	U+7A4A.png	06125	06125_Web_SS_5.png	1
穋	U+7A4B	U+7A4B.png	06126	06126_Web_SS_5.png	1
穌	U+7A4C	U+7A4C.png	06127	06127_Web_SS_5.png	1
積	U+7A4D	U+7A4D.png	06128	06128_Web_SS_0.png	2
穎	U+7A4E	U+7A4E.png	06129	06129_Web_SS_5.png	2
穖	U+7A56	U+7A56.png	06130	06130_Web_SS_5.png	1
穗	U+7A57	U+7A57.png	06131	06131_Web_SS_1.png	3
穜	U+7A5C	U+7A5C.png	06132	06132_Web_SS_5.png	1
穟	U+7A5F	U+7A5F.png	06133	06133_Web_SS_5.png	1
穡	U+7A61	U+7A61.png	06134	06134_Web_SS_5.png	1
穧	U+7A67	U+7A67.png	06136	06136_Web_SS_5.png	1
穨	U+7A68	U+7A68.png	06137	06137_Web_SS_5.png	1
穩	U+7A69	U+7A69.png	06138	06138_Web_SS_0.png	2
穫	U+7A6B	U+7A6B.png	06139	06139_Web_SS_0.png	1
穬	U+7A6C	U+7A6C.png	06140	06140_Web_SS_5.png	1
穮	U+7A6E	U+7A6E.png	06141	06141_Web_SS_5.png	1
穰	U+7A70	U+7A70.png	06142	06142_Web_SS_5.png	1
穴	U+7A74	U+7A74.png	06143	06143_Web_SS_0.png	2
穵	U+7A75	U+7A75.png	06144	06144_Web_SS_5.png	1
究	U+7A76	U+7A76.png	06145	06145_Web_SS_0.png	2
穷	U+7A77	U+7A77.png	06146	06146_Web_SS_5.png	2
穸	U+7A78	U+7A78.png	06147	06147_Web_SS_5.png	1
穹	U+7A79	U+7A79.png	06148	06148_Web_SS_5.png	1
空	U+7A7A	U+7A7A.png	06149	06149_Web_SS_0.png	2
穿	U+7A7F	U+7A7F.png	06151	06151_Web_SS_5.png	2
窀	U+7A80	U+7A80.png	06152	06152_Web_SS_5.png	1
突	U+7A81	U+7A81.png	06153	06153_Web_SS_0.png	2
窃	U+7A83	U+7A83.png	06154	06154_Web_SS_0.png	2
窅	U+7A85	U+7A85.png	06155	06155_Web_SS_5.png	1
窆	U+7A86	U+7A86.png	06156	06156_Web_SS_5.png	1
窈	U+7A88	U+7A88.png	06157	06157_Web_SS_5.png	1
窊	U+7A8A	U+7A8A.png	06158	06158_Web_SS_5.png	1
窋	U+7A8B	U+7A8B.png	06159	06159_Web_SS_5.png	1
窍	U+7A8D	U+7A8D.png	06160	06160_Web_SS_0.png	2
窐	U+7A90	U+7A90.png	06161	06161_Web_SS_5.png	1
窑	U+7A91	U+7A91.png	06162	06162_Web_SS_5.png	2
窒	U+7A92	U+7A92.png	06163	06163_Web_SS_0.png	2
窔	U+7A94	U+7A94.png	06164	06164_Web_SS_5.png	1
窕	U+7A95	U+7A95.png	06165	06165_Web_SS_5.png	1
窖	U+7A96	U+7A96.png	06166	06166_Web_SS_5.png	1
窗	U+7A97	U+7A97.png	06167	06167_Web_SS_5.png	4
窘	U+7A98	U+7A98.png	06168	06168_Web_SS_0.png	2
窜	U+7A9C	U+7A9C.png	06169	06169_Web_SS_5.png	2
窞	U+7A9E	U+7A9E.png	06170	06170_Web_SS_5.png	1
窠	U+7AA0	U+7AA0.png	06171	06171_Web_SS_5.png	1
窡	U+7AA1	U+7AA1.png	06172	06172_Web_SS_5.png	1
窣	U+7AA3	U+7AA3.png	06173	06173_Web_SS_5.png	1
窥	U+7AA5	U+7AA5.png	06174	06174_Web_SS_5.png	2
窨	U+7AA8	U+7AA8.png	06175	06175_Web_SS_5.png	1
窬	U+7AAC	U+7AAC.png	06176	06176_Web_SS_5.png	1
窮	U+7AAE	U+7AAE.png	06177	06177_Web_SS_5.png	2
窯	U+7AAF	U+7AAF.png	06178	06178_Web_SS_0.png	2
窱	U+7AB1	U+7AB1.png	06179	06179_Web_SS_5.png	1
窳	U+7AB3	U+7AB3.png	06181	06181_Web_SS_5.png	1
窴	U+7AB4	U+7AB4.png	06182	06182_Web_SS_5.png	1
窵	U+7AB5	U+7AB5.png	06183	06183_Web_SS_5.png	1
窺	U+7ABA	U+7ABA.png	06185	06185_Web_SS_0.png	2
窻	U+7ABB	U+7ABB.png	06186	06186_Web_SS_5.png	1
竀	U+7AC0	U+7AC0.png	06187	06187_Web_SS_5.png	1
竁	U+7AC1	U+7AC1.png	06188	06188_Web_SS_5.png	1
竂	U+7AC2	U+7AC2.png	06189	06189_Web_SS_5.png	1
竄	U+7AC4	U+7AC4.png	06190	06190_Web_SS_5.png	2
竅	U+7AC5	U+7AC5.png	06191	06191_Web_SS_5.png	2
竆	U+7AC6	U+7AC6.png	06192	06192_Web_SS_5.png	1
竇	U+7AC7	U+7AC7.png	06193	06193_Web_SS_5.png	1
竈	U+7AC8	U+7AC8.png	06194	06194_Web_SS_5.png	1
竊	U+7ACA	U+7ACA.png	06195	06195_Web_SS_0.png	2
立	U+7ACB	U+7ACB.png	06196	06196_Web_SS_5.png	2
竖	U+7AD6	U+7AD6.png	06197	06197_Web_SS_1.png	3
竘	U+7AD8	U+7AD8.png	06199	06199_Web_SS_5.png	1
竝	U+7ADD	U+7ADD.png	06200	06200_Web_SS_5.png	1
竞	U+7ADE	U+7ADE.png	06201	06201_Web_SS_5.png	2
竟	U+7ADF	U+7ADF.png	06202	06202_Web_SS_0.png	2
章	U+7AE0	U+7AE0.png	06203	06203_Web_SS_0.png	2
竢	U+7AE2	U+7AE2.png	06204	06204_Web_SS_5.png	1
竣	U+7AE3	U+7AE3.png	06205	06205_Web_SS_5.png	1
童	U+7AE5	U+7AE5.png	06206	06206_Web_SS_1.png	3
竦	U+7AE6	U+7AE6.png	06207	06207_Web_SS_5.png	1
竫	U+7AEB	U+7AEB.png	06210	06210_Web_SS_5.png	1
竭	U+7AED	U+7AED.png	06212	06212_Web_SS_0.png	2
端	U+7AEF	U+7AEF.png	06213	06213_Web_SS_0.png	2
竱	U+7AF1	U+7AF1.png	06214	06214_Web_SS_5.png	1
竲	U+7AF2	U+7AF2.png	06215	06215_Web_SS_5.png	1
竵	U+7AF5	U+7AF5.png	06216	06216_Web_SS_5.png	1
競	U+7AF6	U+7AF6.png	06217	06217_Web_SS_5.png	2
竷	U+7AF7	U+7AF7.png	06218	06218_Web_SS_5.png	1
竹	U+7AF9	U+7AF9.png	06219	06219_Web_SS_0.png	2
竺	U+7AFA	U+7AFA.png	06220	06220_Web_SS_5.png	1
竽	U+7AFD	U+7AFD.png	06221	06221_Web_SS_5.png	1
竿	U+7AFF	U+7AFF.png	06222	06222_Web_SS_0.png	2
笄	U+7B04	U+7B04.png	06223	06223_Web_SS_5.png	1
笋	U+7B0B	U+7B0B.png	06224	06224_Web_SS_0.png	2
笍	U+7B0D	U+7B0D.png	06225	06225_Web_SS_5.png	1
笏	U+7B0F	U+7B0F.png	06226	06226_Web_SS_5.png	1
笐	U+7B10	U+7B10.png	06227	06227_Web_SS_5.png	1
笑	U+7B11	U+7B11.png	06228	06228_Web_SS_1.png	3
笔	U+7B14	U+7B14.png	06229	06229_Web_SS_0.png	2
笘	U+7B18	U+7B18.png	06230	06230_Web_SS_5.png	1
笙	U+7B19	U+7B19.png	06231	06231_Web_SS_5.png	1
笛	U+7B1B	U+7B1B.png	06232	06232_Web_SS_0.png	2
笞	U+7B1E	U+7B1E.png	06233	06233_Web_SS_5.png	1
笠	U+7B20	U+7B20.png	06234	06234_Web_SS_5.png	1
笢	U+7B22	U+7B22.png	06236	06236_Web_SS_5.png	1
笥	U+7B25	U+7B25.png	06237	06237_Web_SS_5.png	1
符	U+7B26	U+7B26.png	06238	06238_Web_SS_0.png	2
笨	U+7B28	U+7B28.png	06239	06239_Web_SS_5.png	2
笪	U+7B2A	U+7B2A.png	06240	06240_Web_SS_5.png	1
笫	U+7B2B	U+7B2B.png	06241	06241_Web_SS_5.png	1
第	U+7B2C	U+7B2C.png	06242	06242_Web_SS_5.png	2
笭	U+7B2D	U+7B2D.png	06243	06243_Web_SS_5.png	1
笮	U+7B2E	U+7B2E.png	06244	06244_Web_SS_5.png	1
笯	U+7B2F	U+7B2F.png	06245	06245_Web_SS_5.png	1
笱	U+7B31	U+7B31.png	06247	06247_Web_SS_5.png	1
笵	U+7B35	U+7B35.png	06250	06250_Web_SS_5.png	1
笺	U+7B3A	U+7B3A.png	06252	06252_Web_SS_0.png	2
笼	U+7B3C	U+7B3C.png	06253	06253_Web_SS_5.png	2
笿	U+7B3F	U+7B3F.png	06254	06254_Web_SS_5.png	1
筆	U+7B46	U+7B46.png	06255	06255_Web_SS_0.png	2
等	U+7B49	U+7B49.png	06256	06256_Web_SS_5.png	2
筊	U+7B4A	U+7B4A.png	06257	06257_Web_SS_5.png	1
筋	U+7B4B	U+7B4B.png	06258	06258_Web_SS_0.png	2
筍	U+7B4D	U+7B4D.png	06259	06259_Web_SS_0.png	2
筐	U+7B50	U+7B50.png	06260	06260_Web_SS_5.png	1
筑	U+7B51	U+7B51.png	06261	06261_Web_SS_5.png	2
筒	U+7B52	U+7B52.png	06262	06262_Web_SS_5.png	1
答	U+7B54	U+7B54.png	06264	06264_Web_SS_0.png	2
策	U+7B56	U+7B56.png	06265	06265_Web_SS_0.png	2
筝	U+7B5D	U+7B5D.png	06266	06266_Web_SS_0.png	2
筟	U+7B5F	U+7B5F.png	06267	06267_Web_SS_5.png	1
筠	U+7B60	U+7B60.png	06268	06268_Web_SS_5.png	1
筡	U+7B61	U+7B61.png	06269	06269_Web_SS_5.png	1
筤	U+7B64	U+7B64.png	06270	06270_Web_SS_5.png	1
筥	U+7B65	U+7B65.png	06271	06271_Web_SS_5.png	1
筩	U+7B69	U+7B69.png	06273	06273_Web_SS_5.png	1
筭	U+7B6D	U+7B6D.png	06274	06274_Web_SS_5.png	1
筮	U+7B6E	U+7B6E.png	06275	06275_Web_SS_5.png	1
筰	U+7B70	U+7B70.png	06276	06276_Web_SS_5.png	1
筱	U+7B71	U+7B71.png	06277	06277_Web_SS_5.png	1
筳	U+7B73	U+7B73.png	06278	06278_Web_SS_5.png	1
筵	U+7B75	U+7B75.png	06279	06279_Web_SS_5.png	1
筹	U+7B79	U+7B79.png	06280	06280_Web_SS_0.png	2
签	U+7B7E	U+7B7E.png	06281	06281_Web_SS_5.png	1
简	U+7B80	U+7B80.png	06282	06282_Web_SS_0.png	2
箁	U+7B81	U+7B81.png	06283	06283_Web_SS_5.png	1
箄	U+7B84	U+7B84.png	06285	06285_Web_SS_5.png	1
箅	U+7B85	U+7B85.png	06286	06286_Web_SS_5.png	1
箇	U+7B87	U+7B87.png	06287	06287_Web_SS_5.png	1
箋	U+7B8B	U+7B8B.png	06288	06288_Web_SS_0.png	2
箏	U+7B8F	U+7B8F.png	06289	06289_Web_SS_0.png	2
箑	U+7B91	U+7B91.png	06290	06290_Web_SS_5.png	1
箕	U+7B95	U+7B95.png	06292	06292_Web_SS_5.png	1
算	U+7B97	U+7B97.png	06293	06293_Web_SS_5.png	2
箘	U+7B98	U+7B98.png	06294	06294_Web_SS_5.png	1
箙	U+7B99	U+7B99.png	06295	06295_Web_SS_5.png	1
箛	U+7B9B	U+7B9B.png	06296	06296_Web_SS_5.png	1
箝	U+7B9D	U+7B9D.png	06297	06297_Web_SS_5.png	1
管	U+7BA1	U+7BA1.png	06299	06299_Web_SS_5.png	3
箬	U+7BAC	U+7BAC.png	06300	06300_Web_SS_5.png	1
箭	U+7BAD	U+7BAD.png	06301	06301_Web_SS_0.png	2
箯	U+7BAF	U+7BAF.png	06302	06302_Web_SS_5.png	1
箱	U+7BB1	U+7BB1.png	06303	06303_Web_SS_0.png	2
箴	U+7BB4	U+7BB4.png	06304	06304_Web_SS_5.png	1
箸	U+7BB8	U+7BB8.png	06306	06306_Web_SS_5.png	1
箹	U+7BB9	U+7BB9.png	06307	06307_Web_SS_5.png	1
箾	U+7BBE	U+7BBE.png	06308	06308_Web_SS_5.png	1
節	U+7BC0	U+7BC0.png	06309	06309_Web_SS_0.png	2
篁	U+7BC1	U+7BC1.png	06310	06310_Web_SS_5.png	1
範	U+7BC4	U+7BC4.png	06311	06311_Web_SS_5.png	2
篅	U+7BC5	U+7BC5.png	06312	06312_Web_SS_5.png	1
篆	U+7BC6	U+7BC6.png	06313	06313_Web_SS_0.png	2
篇	U+7BC7	U+7BC7.png	06314	06314_Web_SS_0.png	2
築	U+7BC9	U+7BC9.png	06315	06315_Web_SS_5.png	2
篋	U+7BCB	U+7BCB.png	06316	06316_Web_SS_5.png	1
篍	U+7BCD	U+7BCD.png	06317	06317_Web_SS_5.png	1
篎	U+7BCE	U+7BCE.png	06318	06318_Web_SS_5.png	1
篙	U+7BD9	U+7BD9.png	06319	06319_Web_SS_5.png	1
篚	U+7BDA	U+7BDA.png	06320	06320_Web_SS_5.png	1
篝	U+7BDD	U+7BDD.png	06321	06321_Web_SS_5.png	1
篡	U+7BE1	U+7BE1.png	06322	06322_Web_SS_5.png	1
篤	U+7BE4	U+7BE4.png	06324	06324_Web_SS_5.png	1
篦	U+7BE6	U+7BE6.png	06326	06326_Web_SS_5.png	1
篨	U+7BE8	U+7BE8.png	06327	06327_Web_SS_5.png	1
篪	U+7BEA	U+7BEA.png	06328	06328_Web_SS_5.png	1
篮	U+7BEE	U+7BEE.png	06329	06329_Web_SS_0.png	3
篰	U+7BF0	U+7BF0.png	06330	06330_Web_SS_5.png	1
篲	U+7BF2	U+7BF2.png	06331	06331_Web_SS_5.png	1
篳	U+7BF3	U+7BF3.png	06332	06332_Web_SS_5.png	1
篸	U+7BF8	U+7BF8.png	06334	06334_Web_SS_5.png	1
篼	U+7BFC	U+7BFC.png	06335	06335_Web_SS_5.png	1
篽	U+7BFD	U+7BFD.png	06336	06336_Web_SS_5.png	1
篿	U+7BFF	U+7BFF.png	06337	06337_Web_SS_5.png	1
簀	U+7C00	U+7C00.png	06338	06338_Web_SS_5.png	1
簁	U+7C01	U+7C01.png	06339	06339_Web_SS_5.png	1
簃	U+7C03	U+7C03.png	06340	06340_Web_SS_5.png	1
簋	U+7C0B	U+7C0B.png	06342	06342_Web_SS_5.png	1
簍	U+7C0D	U+7C0D.png	06344	06344_Web_SS_5.png	1
簎	U+7C0E	U+7C0E.png	06345	06345_Web_SS_5.png	1
簏	U+7C0F	U+7C0F.png	06346	06346_Web_SS_5.png	1
簙	U+7C19	U+7C19.png	06347	06347_Web_SS_5.png	1
簜	U+7C1C	U+7C1C.png	06348	06348_Web_SS_5.png	1
簝	U+7C1D	U+7C1D.png	06349	06349_Web_SS_5.png	1
簞	U+7C1E	U+7C1E.png	06350	06350_Web_SS_5.png	1
簟	U+7C1F	U+7C1F.png	06351	06351_Web_SS_5.png	1
簠	U+7C20	U+7C20.png	06352	06352_Web_SS_5.png	1
簡	U+7C21	U+7C21.png	06353	06353_Web_SS_0.png	2
簦	U+7C26	U+7C26.png	06354	06354_Web_SS_5.png	1
簧	U+7C27	U+7C27.png	06355	06355_Web_SS_0.png	2
簪	U+7C2A	U+7C2A.png	06356	06356_Web_SS_5.png	1
簫	U+7C2B	U+7C2B.png	06357	06357_Web_SS_5.png	1
簬	U+7C2C	U+7C2C.png	06358	06358_Web_SS_5.png	1
簸	U+7C38	U+7C38.png	06360	06360_Web_SS_5.png	1
簺	U+7C3A	U+7C3A.png	06361	06361_Web_SS_5.png	1
簾	U+7C3E	U+7C3E.png	06362	06362_Web_SS_0.png	1
簿	U+7C3F	U+7C3F.png	06363	06363_Web_SS_5.png	1
籀	U+7C40	U+7C40.png	06364	06364_Web_SS_5.png	1
籃	U+7C43	U+7C43.png	06365	06365_Web_SS_0.png	3
籆	U+7C46	U+7C46.png	06366	06366_Web_SS_5.png	1
籋	U+7C4B	U+7C4B.png	06367	06367_Web_SS_5.png	1
籌	U+7C4C	U+7C4C.png	06368	06368_Web_SS_0.png	2
籍	U+7C4D	U+7C4D.png	06369	06369_Web_SS_5.png	2
籒	U+7C52	U+7C52.png	06371	06371_Web_SS_5.png	1
籓	U+7C53	U+7C53.png	06372	06372_Web_SS_5.png	1
籔	U+7C54	U+7C54.png	06373	06373_Web_SS_5.png	1
籗	U+7C57	U+7C57.png	06374	06374_Web_SS_5.png	1
籚	U+7C5A	U+7C5A.png	06375	06375_Web_SS_5.png	1
籟	U+7C5F	U+7C5F.png	06376	06376_Web_SS_5.png	1
籠	U+7C60	U+7C60.png	06377	06377_Web_SS_0.png	2
籢	U+7C62	U+7C62.png	06378	06378_Web_SS_5.png	1
籣	U+7C63	U+7C63.png	06379	06379_Web_SS_5.png	1
籤	U+7C64	U+7C64.png	06380	06380_Web_SS_0.png	2
籥	U+7C65	U+7C65.png	06381	06381_Web_SS_5.png	1
籧	U+7C67	U+7C67.png	06382	06382_Web_SS_5.png	1
籩	U+7C69	U+7C69.png	06383	06383_Web_SS_5.png	1
籫	U+7C6B	U+7C6B.png	06384	06384_Web_SS_5.png	1
籭	U+7C6D	U+7C6D.png	06385	06385_Web_SS_5.png	1
籯	U+7C6F	U+7C6F.png	06386	06386_Web_SS_5.png	1
籱	U+7C71	U+7C71.png	06387	06387_Web_SS_5.png	1
籲	U+7C72	U+7C72.png	06388	06388_Web_SS_0.png	2
米	U+7C73	U+7C73.png	06389	06389_Web_SS_0.png	2
籹	U+7C79	U+7C79.png	06391	06391_Web_SS_5.png	1
类	U+7C7B	U+7C7B.png	06392	06392_Web_SS_0.png	2
粈	U+7C88	U+7C88.png	06393	06393_Web_SS_5.png	1
粉	U+7C89	U+7C89.png	06394	06394_Web_SS_0.png	2
粒	U+7C92	U+7C92.png	06395	06395_Web_SS_5.png	3
粔	U+7C94	U+7C94.png	06396	06396_Web_SS_5.png	1
粕	U+7C95	U+7C95.png	06397	06397_Web_SS_5.png	1
粖	U+7C96	U+7C96.png	06398	06398_Web_SS_5.png	1
粗	U+7C97	U+7C97.png	06399	06399_Web_SS_5.png	2
粟	U+7C9F	U+7C9F.png	06400	06400_Web_SS_5.png	1
粢	U+7CA2	U+7CA2.png	06401	06401_Web_SS_5.png	1
粥	U+7CA5	U+7CA5.png	06403	06403_Web_SS_0.png	2
粦	U+7CA6	U+7CA6.png	06404	06404_Web_SS_5.png	1
粮	U+7CAE	U+7CAE.png	06405	06405_Web_SS_0.png	2
粱	U+7CB1	U+7CB1.png	06407	06407_Web_SS_5.png	1
粲	U+7CB2	U+7CB2.png	06408	06408_Web_SS_5.png	1
粵	U+7CB5	U+7CB5.png	06409	06409_Web_SS_5.png	1
粹	U+7CB9	U+7CB9.png	06410	06410_Web_SS_0.png	2
粺	U+7CBA	U+7CBA.png	06411	06411_Web_SS_5.png	1
粻	U+7CBB	U+7CBB.png	06412	06412_Web_SS_5.png	1
粼	U+7CBC	U+7CBC.png	06413	06413_Web_SS_5.png	1
精	U+7CBE	U+7CBE.png	06414	06414_Web_SS_5.png	2
糂	U+7CC2	U+7CC2.png	06415	06415_Web_SS_5.png	1
糈	U+7CC8	U+7CC8.png	06417	06417_Web_SS_5.png	1
糉	U+7CC9	U+7CC9.png	06418	06418_Web_SS_5.png	1
糊	U+7CCA	U+7CCA.png	06419	06419_Web_SS_0.png	3
糒	U+7CD2	U+7CD2.png	06421	06421_Web_SS_5.png	1
糕	U+7CD5	U+7CD5.png	06423	06423_Web_SS_0.png	2
糖	U+7CD6	U+7CD6.png	06424	06424_Web_SS_0.png	2
糗	U+7CD7	U+7CD7.png	06425	06425_Web_SS_5.png	1
糜	U+7CDC	U+7CDC.png	06426	06426_Web_SS_5.png	1
糝	U+7CDD	U+7CDD.png	06427	06427_Web_SS_5.png	1
糞	U+7CDE	U+7CDE.png	06428	06428_Web_SS_5.png	1
糟	U+7CDF	U+7CDF.png	06429	06429_Web_SS_0.png	3
糧	U+7CE7	U+7CE7.png	06432	06432_Web_SS_0.png	2
糪	U+7CEA	U+7CEA.png	06433	06433_Web_SS_5.png	1
糱	U+7CF1	U+7CF1.png	06434	06434_Web_SS_5.png	1
糴	U+7CF4	U+7CF4.png	06435	06435_Web_SS_5.png	1
糶	U+7CF6	U+7CF6.png	06436	06436_Web_SS_5.png	1
糸	U+7CF8	U+7CF8.png	06437	06437_Web_SS_5.png	3
系	U+7CFB	U+7CFB.png	06438	06438_Web_SS_0.png	4
糾	U+7CFE	U+7CFE.png	06439	06439_Web_SS_0.png	2
紀	U+7D00	U+7D00.png	06441	06441_Web_SS_0.png	2
紂	U+7D02	U+7D02.png	06443	06443_Web_SS_5.png	1
紃	U+7D03	U+7D03.png	06444	06444_Web_SS_5.png	1
約	U+7D04	U+7D04.png	06445	06445_Web_SS_5.png	2
紅	U+7D05	U+7D05.png	06446	06446_Web_SS_5.png	1
紆	U+7D06	U+7D06.png	06447	06447_Web_SS_5.png	1
紈	U+7D08	U+7D08.png	06448	06448_Web_SS_5.png	1
紉	U+7D09	U+7D09.png	06449	06449_Web_SS_5.png	1
紊	U+7D0A	U+7D0A.png	06450	06450_Web_SS_5.png	1
納	U+7D0D	U+7D0D.png	06451	06451_Web_SS_0.png	2
紐	U+7D10	U+7D10.png	06453	06453_Web_SS_5.png	2
紑	U+7D11	U+7D11.png	06454	06454_Web_SS_5.png	1
紓	U+7D13	U+7D13.png	06455	06455_Web_SS_5.png	1
純	U+7D14	U+7D14.png	06456	06456_Web_SS_0.png	2
紕	U+7D15	U+7D15.png	06457	06457_Web_SS_5.png	1
紖	U+7D16	U+7D16.png	06458	06458_Web_SS_5.png	1
紘	U+7D18	U+7D18.png	06459	06459_Web_SS_5.png	1
紙	U+7D19	U+7D19.png	06460	06460_Web_SS_0.png	2
級	U+7D1A	U+7D1A.png	06461	06461_Web_SS_0.png	2
紛	U+7D1B	U+7D1B.png	06462	06462_Web_SS_0.png	2
紝	U+7D1D	U+7D1D.png	06463	06463_Web_SS_5.png	1
紞	U+7D1E	U+7D1E.png	06464	06464_Web_SS_5.png	1
紟	U+7D1F	U+7D1F.png	06465	06465_Web_SS_5.png	1
素	U+7D20	U+7D20.png	06466	06466_Web_SS_0.png	2
紡	U+7D21	U+7D21.png	06467	06467_Web_SS_0.png	2
索	U+7D22	U+7D22.png	06468	06468_Web_SS_0.png	2
紧	U+7D27	U+7D27.png	06470	06470_Web_SS_5.png	2
紨	U+7D28	U+7D28.png	06471	06471_Web_SS_5.png	1
紩	U+7D29	U+7D29.png	06472	06472_Web_SS_5.png	1
紫	U+7D2B	U+7D2B.png	06473	06473_Web_SS_5.png	1
紬	U+7D2C	U+7D2C.png	06474	06474_Web_SS_5.png	1
累	U+7D2F	U+7D2F.png	06475	06475_Web_SS_5.png	1
細	U+7D30	U+7D30.png	06476	06476_Web_SS_0.png	2
紲	U+7D32	U+7D32.png	06477	06477_Web_SS_5.png	1
紳	U+7D33	U+7D33.png	06478	06478_Web_SS_5.png	1
紴	U+7D34	U+7D34.png	06479	06479_Web_SS_5.png	1
紵	U+7D35	U+7D35.png	06480	06480_Web_SS_5.png	1
紹	U+7D39	U+7D39.png	06482	06482_Web_SS_5.png	2
紺	U+7D3A	U+7D3A.png	06483	06483_Web_SS_5.png	1
紻	U+7D3B	U+7D3B.png	06484	06484_Web_SS_5.png	1
紼	U+7D3C	U+7D3C.png	06485	06485_Web_SS_5.png	1
紾	U+7D3E	U+7D3E.png	06486	06486_Web_SS_5.png	1
紿	U+7D3F	U+7D3F.png	06487	06487_Web_SS_5.png	1
絀	U+7D40	U+7D40.png	06488	06488_Web_SS_5.png	1
終	U+7D42	U+7D42.png	06489	06489_Web_SS_0.png	2
組	U+7D44	U+7D44.png	06491	06491_Web_SS_0.png	2
絅	U+7D45	U+7D45.png	06492	06492_Web_SS_5.png	1
絆	U+7D46	U+7D46.png	06493	06493_Web_SS_5.png	2
絇	U+7D47	U+7D47.png	06494	06494_Web_SS_5.png	1
結	U+7D50	U+7D50.png	06498	06498_Web_SS_0.png	2
絑	U+7D51	U+7D51.png	06499	06499_Web_SS_5.png	1
絓	U+7D53	U+7D53.png	06500	06500_Web_SS_5.png	1
絕	U+7D55	U+7D55.png	06502	06502_Web_SS_0.png	2
絖	U+7D56	U+7D56.png	06503	06503_Web_SS_5.png	1
絘	U+7D58	U+7D58.png	06504	06504_Web_SS_5.png	1
絙	U+7D59	U+7D59.png	06505	06505_Web_SS_5.png	1
絛	U+7D5B	U+7D5B.png	06506	06506_Web_SS_5.png	1
絜	U+7D5C	U+7D5C.png	06507	06507_Web_SS_5.png	1
絝	U+7D5D	U+7D5D.png	06508	06508_Web_SS_5.png	1
絞	U+7D5E	U+7D5E.png	06509	06509_Web_SS_5.png	2
絟	U+7D5F	U+7D5F.png	06510	06510_Web_SS_5.png	1
絠	U+7D60	U+7D60.png	06511	06511_Web_SS_5.png	1
絡	U+7D61	U+7D61.png	06512	06512_Web_SS_0.png	2
絢	U+7D62	U+7D62.png	06513	06513_Web_SS_5.png	1
絣	U+7D63	U+7D63.png	06514	06514_Web_SS_5.png	1
絥	U+7D65	U+7D65.png	06515	06515_Web_SS_5.png	1
給	U+7D66	U+7D66.png	06516	06516_Web_SS_5.png	2
絩	U+7D69	U+7D69.png	06517	06517_Web_SS_5.png	1
絫	U+7D6B	U+7D6B.png	06518	06518_Web_SS_5.png	1
絬	U+7D6C	U+7D6C.png	06519	06519_Web_SS_5.png	1
絭	U+7D6D	U+7D6D.png	06520	06520_Web_SS_5.png	1
絮	U+7D6E	U+7D6E.png	06521	06521_Web_SS_0.png	2
絰	U+7D70	U+7D70.png	06522	06522_Web_SS_5.png	1
統	U+7D71	U+7D71.png	06523	06523_Web_SS_0.png	2
絲	U+7D72	U+7D72.png	06524	06524_Web_SS_5.png	2
絳	U+7D73	U+7D73.png	06525	06525_Web_SS_5.png	1
絹	U+7D79	U+7D79.png	06528	06528_Web_SS_5.png	1
絺	U+7D7A	U+7D7A.png	06529	06529_Web_SS_5.png	1
絻	U+7D7B	U+7D7B.png	06530	06530_Web_SS_5.png	1
絿	U+7D7F	U+7D7F.png	06531	06531_Web_SS_5.png	1
綀	U+7D80	U+7D80.png	06532	06532_Web_SS_5.png	1
綃	U+7D83	U+7D83.png	06534	06534_Web_SS_5.png	1
綅	U+7D85	U+7D85.png	06535	06535_Web_SS_5.png	1
綆	U+7D86	U+7D86.png	06536	06536_Web_SS_5.png	1
綈	U+7D88	U+7D88.png	06537	06537_Web_SS_5.png	1
綊	U+7D8A	U+7D8A.png	06539	06539_Web_SS_5.png	1
綌	U+7D8C	U+7D8C.png	06540	06540_Web_SS_5.png	1
綎	U+7D8E	U+7D8E.png	06541	06541_Web_SS_5.png	1
綏	U+7D8F	U+7D8F.png	06542	06542_Web_SS_5.png	1
經	U+7D93	U+7D93.png	06543	06543_Web_SS_0.png	2
綜	U+7D9C	U+7D9C.png	06545	06545_Web_SS_5.png	2
綝	U+7D9D	U+7D9D.png	06546	06546_Web_SS_5.png	1
綟	U+7D9F	U+7D9F.png	06547	06547_Web_SS_5.png	1
綠	U+7DA0	U+7DA0.png	06548	06548_Web_SS_5.png	1
綢	U+7DA2	U+7DA2.png	06549	06549_Web_SS_0.png	2
綣	U+7DA3	U+7DA3.png	06550	06550_Web_SS_5.png	1
綥	U+7DA5	U+7DA5.png	06551	06551_Web_SS_5.png	1
綦	U+7DA6	U+7DA6.png	06552	06552_Web_SS_5.png	1
綪	U+7DAA	U+7DAA.png	06554	06554_Web_SS_5.png	1
綫	U+7DAB	U+7DAB.png	06555	06555_Web_SS_5.png	1
綬	U+7DAC	U+7DAC.png	06556	06556_Web_SS_5.png	1
維	U+7DAD	U+7DAD.png	06557	06557_Web_SS_5.png	2
綮	U+7DAE	U+7DAE.png	06558	06558_Web_SS_5.png	1
綰	U+7DB0	U+7DB0.png	06559	06559_Web_SS_5.png	1
綱	U+7DB1	U+7DB1.png	06560	06560_Web_SS_5.png	2
網	U+7DB2	U+7DB2.png	06561	06561_Web_SS_5.png	4
綴	U+7DB4	U+7DB4.png	06562	06562_Web_SS_0.png	2
綸	U+7DB8	U+7DB8.png	06563	06563_Web_SS_0.png	2
綹	U+7DB9	U+7DB9.png	06564	06564_Web_SS_5.png	1
綺	U+7DBA	U+7DBA.png	06565	06565_Web_SS_5.png	2
綻	U+7DBB	U+7DBB.png	06566	06566_Web_SS_0.png	1
綽	U+7DBD	U+7DBD.png	06568	06568_Web_SS_5.png	1
綾	U+7DBE	U+7DBE.png	06569	06569_Web_SS_5.png	1
綿	U+7DBF	U+7DBF.png	06570	06570_Web_SS_0.png	2
緀	U+7DC0	U+7DC0.png	06571	06571_Web_SS_5.png	1
緁	U+7DC1	U+7DC1.png	06572	06572_Web_SS_5.png	1
緂	U+7DC2	U+7DC2.png	06573	06573_Web_SS_5.png	1
緃	U+7DC3	U+7DC3.png	06574	06574_Web_SS_5.png	1
緄	U+7DC4	U+7DC4.png	06575	06575_Web_SS_5.png	1
緅	U+7DC5	U+7DC5.png	06576	06576_Web_SS_5.png	1
緆	U+7DC6	U+7DC6.png	06577	06577_Web_SS_5.png	1
緇	U+7DC7	U+7DC7.png	06578	06578_Web_SS_5.png	1
緈	U+7DC8	U+7DC8.png	06579	06579_Web_SS_5.png	1
緉	U+7DC9	U+7DC9.png	06580	06580_Web_SS_5.png	1
緊	U+7DCA	U+7DCA.png	06581	06581_Web_SS_5.png	2
緋	U+7DCB	U+7DCB.png	06582	06582_Web_SS_5.png	1
緌	U+7DCC	U+7DCC.png	06583	06583_Web_SS_5.png	1
緍	U+7DCD	U+7DCD.png	06584	06584_Web_SS_5.png	1
緒	U+7DD2	U+7DD2.png	06588	06588_Web_SS_0.png	2
緗	U+7DD7	U+7DD7.png	06589	06589_Web_SS_5.png	1
緘	U+7DD8	U+7DD8.png	06590	06590_Web_SS_5.png	1
線	U+7DDA	U+7DDA.png	06591	06591_Web_SS_1.png	3
緛	U+7DDB	U+7DDB.png	06592	06592_Web_SS_5.png	1
緜	U+7DDC	U+7DDC.png	06593	06593_Web_SS_5.png	1
緝	U+7DDD	U+7DDD.png	06594	06594_Web_SS_0.png	2
緞	U+7DDE	U+7DDE.png	06595	06595_Web_SS_1.png	3
緟	U+7DDF	U+7DDF.png	06596	06596_Web_SS_5.png	1
締	U+7DE0	U+7DE0.png	06597	06597_Web_SS_5.png	2
緢	U+7DE2	U+7DE2.png	06599	06599_Web_SS_5.png	1
緣	U+7DE3	U+7DE3.png	06600	06600_Web_SS_0.png	2
緥	U+7DE5	U+7DE5.png	06601	06601_Web_SS_5.png	1
緦	U+7DE6	U+7DE6.png	06602	06602_Web_SS_5.png	1
緧	U+7DE7	U+7DE7.png	06603	06603_Web_SS_5.png	1
編	U+7DE8	U+7DE8.png	06604	06604_Web_SS_0.png	2
緩	U+7DE9	U+7DE9.png	06605	06605_Web_SS_0.png	3
緪	U+7DEA	U+7DEA.png	06606	06606_Web_SS_5.png	1
緬	U+7DEC	U+7DEC.png	06607	06607_Web_SS_0.png	2
緭	U+7DED	U+7DED.png	06608	06608_Web_SS_5.png	1
緯	U+7DEF	U+7DEF.png	06610	06610_Web_SS_0.png	1
緰	U+7DF0	U+7DF0.png	06611	06611_Web_SS_5.png	1
緱	U+7DF1	U+7DF1.png	06612	06612_Web_SS_5.png	1
練	U+7DF4	U+7DF4.png	06613	06613_Web_SS_5.png	2
緶	U+7DF6	U+7DF6.png	06614	06614_Web_SS_5.png	1
緷	U+7DF7	U+7DF7.png	06615	06615_Web_SS_5.png	1
緹	U+7DF9	U+7DF9.png	06617	06617_Web_SS_5.png	1
緺	U+7DFA	U+7DFA.png	06618	06618_Web_SS_5.png	1
緻	U+7DFB	U+7DFB.png	06619	06619_Web_SS_5.png	1
縈	U+7E08	U+7E08.png	06622	06622_Web_SS_5.png	1
縉	U+7E09	U+7E09.png	06623	06623_Web_SS_5.png	1
縊	U+7E0A	U+7E0A.png	06624	06624_Web_SS_5.png	1
縋	U+7E0B	U+7E0B.png	06625	06625_Web_SS_5.png	1
縌	U+7E0C	U+7E0C.png	06626	06626_Web_SS_5.png	1
縎	U+7E0E	U+7E0E.png	06627	06627_Web_SS_5.png	1
縐	U+7E10	U+7E10.png	06628	06628_Web_SS_5.png	1
縑	U+7E11	U+7E11.png	06629	06629_Web_SS_5.png	1
縒	U+7E12	U+7E12.png	06630	06630_Web_SS_5.png	1
縓	U+7E13	U+7E13.png	06631	06631_Web_SS_5.png	1
縕	U+7E15	U+7E15.png	06632	06632_Web_SS_5.png	1
縗	U+7E17	U+7E17.png	06633	06633_Web_SS_5.png	1
縛	U+7E1B	U+7E1B.png	06634	06634_Web_SS_0.png	2
縜	U+7E1C	U+7E1C.png	06635	06635_Web_SS_5.png	1
縞	U+7E1E	U+7E1E.png	06636	06636_Web_SS_5.png	1
縟	U+7E1F	U+7E1F.png	06637	06637_Web_SS_5.png	1
縠	U+7E20	U+7E20.png	06638	06638_Web_SS_5.png	1
縡	U+7E21	U+7E21.png	06639	06639_Web_SS_5.png	1
縢	U+7E22	U+7E22.png	06640	06640_Web_SS_5.png	1
縣	U+7E23	U+7E23.png	06641	06641_Web_SS_0.png	2
縪	U+7E2A	U+7E2A.png	06642	06642_Web_SS_5.png	1
縫	U+7E2B	U+7E2B.png	06643	06643_Web_SS_0.png	2
縭	U+7E2D	U+7E2D.png	06645	06645_Web_SS_5.png	1
縮	U+7E2E	U+7E2E.png	06646	06646_Web_SS_0.png	2
縱	U+7E31	U+7E31.png	06648	06648_Web_SS_0.png	2
縳	U+7E33	U+7E33.png	06649	06649_Web_SS_5.png	1
縵	U+7E35	U+7E35.png	06650	06650_Web_SS_5.png	1
縶	U+7E36	U+7E36.png	06651	06651_Web_SS_5.png	1
縷	U+7E37	U+7E37.png	06652	06652_Web_SS_0.png	2
縹	U+7E39	U+7E39.png	06654	06654_Web_SS_5.png	1
縻	U+7E3B	U+7E3B.png	06655	06655_Web_SS_5.png	1
縼	U+7E3C	U+7E3C.png	06656	06656_Web_SS_5.png	1
總	U+7E3D	U+7E3D.png	06657	06657_Web_SS_0.png	2
績	U+7E3E	U+7E3E.png	06658	06658_Web_SS_0.png	2
縿	U+7E3F	U+7E3F.png	06659	06659_Web_SS_5.png	1
繀	U+7E40	U+7E40.png	06660	06660_Web_SS_5.png	1
繁	U+7E41	U+7E41.png	06661	06661_Web_SS_5.png	2
繃	U+7E43	U+7E43.png	06662	06662_Web_SS_5.png	2
繄	U+7E44	U+7E44.png	06663	06663_Web_SS_5.png	1
繅	U+7E45	U+7E45.png	06664	06664_Web_SS_5.png	1
繆	U+7E46	U+7E46.png	06665	06665_Web_SS_5.png	1
繈	U+7E48	U+7E48.png	06666	06666_Web_SS_5.png	1
繎	U+7E4E	U+7E4E.png	06667	06667_Web_SS_5.png	1
繑	U+7E51	U+7E51.png	06670	06670_Web_SS_5.png	1
繒	U+7E52	U+7E52.png	06671	06671_Web_SS_5.png	1
織	U+7E54	U+7E54.png	06673	06673_Web_SS_0.png	3
繕	U+7E55	U+7E55.png	06674	06674_Web_SS_5.png	1
繖	U+7E56	U+7E56.png	06675	06675_Web_SS_5.png	1
繘	U+7E58	U+7E58.png	06676	06676_Web_SS_5.png	1
繙	U+7E59	U+7E59.png	06677	06677_Web_SS_5.png	1
繚	U+7E5A	U+7E5A.png	06678	06678_Web_SS_5.png	1
繛	U+7E5B	U+7E5B.png	06679	06679_Web_SS_5.png	1
繜	U+7E5C	U+7E5C.png	06680	06680_Web_SS_5.png	1
繞	U+7E5E	U+7E5E.png	06681	06681_Web_SS_5.png	2
繟	U+7E5F	U+7E5F.png	06682	06682_Web_SS_5.png	1
繠	U+7E60	U+7E60.png	06683	06683_Web_SS_5.png	1
繡	U+7E61	U+7E61.png	06684	06684_Web_SS_0.png	2
繢	U+7E62	U+7E62.png	06685	06685_Web_SS_5.png	1
繩	U+7E69	U+7E69.png	06687	06687_Web_SS_5.png	2
繪	U+7E6A	U+7E6A.png	06688	06688_Web_SS_5.png	2
繫	U+7E6B	U+7E6B.png	06689	06689_Web_SS_0.png	2
繭	U+7E6D	U+7E6D.png	06690	06690_Web_SS_5.png	1
繮	U+7E6E	U+7E6E.png	06691	06691_Web_SS_5.png	1
繯	U+7E6F	U+7E6F.png	06692	06692_Web_SS_5.png	1
繰	U+7E70	U+7E70.png	06693	06693_Web_SS_5.png	1
繳	U+7E73	U+7E73.png	06695	06695_Web_SS_5.png	1
繴	U+7E74	U+7E74.png	06696	06696_Web_SS_5.png	1
繹	U+7E79	U+7E79.png	06697	06697_Web_SS_5.png	1
繼	U+7E7C	U+7E7C.png	06699	06699_Web_SS_0.png	2
繾	U+7E7E	U+7E7E.png	06701	06701_Web_SS_5.png	1
纀	U+7E80	U+7E80.png	06702	06702_Web_SS_5.png	1
纁	U+7E81	U+7E81.png	06703	06703_Web_SS_5.png	1
纂	U+7E82	U+7E82.png	06704	06704_Web_SS_5.png	1
纅	U+7E85	U+7E85.png	06706	06706_Web_SS_5.png	1
纇	U+7E87	U+7E87.png	06708	06708_Web_SS_5.png	1
纊	U+7E8A	U+7E8A.png	06709	06709_Web_SS_5.png	1
續	U+7E8C	U+7E8C.png	06710	06710_Web_SS_0.png	2
纍	U+7E8D	U+7E8D.png	06711	06711_Web_SS_5.png	1
纏	U+7E8F	U+7E8F.png	06712	06712_Web_SS_0.png	2
纑	U+7E91	U+7E91.png	06713	06713_Web_SS_5.png	1
纓	U+7E93	U+7E93.png	06714	06714_Web_SS_5.png	1
纔	U+7E94	U+7E94.png	06715	06715_Web_SS_5.png	1
纕	U+7E95	U+7E95.png	06716	06716_Web_SS_5.png	1
纖	U+7E96	U+7E96.png	06717	06717_Web_SS_0.png	2
纗	U+7E97	U+7E97.png	06718	06718_Web_SS_5.png	1
纘	U+7E98	U+7E98.png	06719	06719_Web_SS_5.png	1
纚	U+7E9A	U+7E9A.png	06720	06720_Web_SS_5.png	1
纟	U+7E9F	U+7E9F.png	06721	06721_Web_SS_0.png	3
纠	U+7EA0	U+7EA0.png	06722	06722_Web_SS_0.png	2
纤	U+7EA4	U+7EA4.png	06723	06723_Web_SS_0.png	2
约	U+7EA6	U+7EA6.png	06724	06724_Web_SS_5.png	2
级	U+7EA7	U+7EA7.png	06725	06725_Web_SS_5.png	2
纪	U+7EAA	U+7EAA.png	06726	06726_Web_SS_5.png	2
纬	U+7EAC	U+7EAC.png	06727	06727_Web_SS_0.png	2
纯	U+7EAF	U+7EAF.png	06728	06728_Web_SS_0.png	2
纲	U+7EB2	U+7EB2.png	06729	06729_Web_SS_5.png	2
纳	U+7EB3	U+7EB3.png	06730	06730_Web_SS_5.png	2
纵	U+7EB5	U+7EB5.png	06731	06731_Web_SS_5.png	2
纶	U+7EB6	U+7EB6.png	06732	06732_Web_SS_0.png	2
纷	U+7EB7	U+7EB7.png	06733	06733_Web_SS_0.png	2
纸	U+7EB8	U+7EB8.png	06734	06734_Web_SS_0.png	2
纺	U+7EBA	U+7EBA.png	06735	06735_Web_SS_0.png	2
纽	U+7EBD	U+7EBD.png	06736	06736_Web_SS_0.png	2
线	U+7EBF	U+7EBF.png	06737	06737_Web_SS_0.png	3
练	U+7EC3	U+7EC3.png	06738	06738_Web_SS_5.png	2
组	U+7EC4	U+7EC4.png	06739	06739_Web_SS_0.png	2
细	U+7EC6	U+7EC6.png	06740	06740_Web_SS_0.png	2
织	U+7EC7	U+7EC7.png	06741	06741_Web_SS_0.png	3
终	U+7EC8	U+7EC8.png	06742	06742_Web_SS_0.png	3
绊	U+7ECA	U+7ECA.png	06743	06743_Web_SS_5.png	2
绍	U+7ECD	U+7ECD.png	06744	06744_Web_SS_0.png	2
经	U+7ECF	U+7ECF.png	06745	06745_Web_SS_0.png	2
结	U+7ED3	U+7ED3.png	06746	06746_Web_SS_5.png	2
绕	U+7ED5	U+7ED5.png	06747	06747_Web_SS_0.png	2
绘	U+7ED8	U+7ED8.png	06748	06748_Web_SS_5.png	2
给	U+7ED9	U+7ED9.png	06749	06749_Web_SS_0.png	2
络	U+7EDC	U+7EDC.png	06750	06750_Web_SS_5.png	2
绝	U+7EDD	U+7EDD.png	06751	06751_Web_SS_0.png	3
绞	U+7EDE	U+7EDE.png	06752	06752_Web_SS_0.png	2
统	U+7EDF	U+7EDF.png	06753	06753_Web_SS_0.png	2
绣	U+7EE3	U+7EE3.png	06754	06754_Web_SS_0.png	2
继	U+7EE7	U+7EE7.png	06755	06755_Web_SS_5.png	2
绩	U+7EE9	U+7EE9.png	06756	06756_Web_SS_0.png	2
绪	U+7EEA	U+7EEA.png	06757	06757_Web_SS_0.png	2
续	U+7EED	U+7EED.png	06758	06758_Web_SS_5.png	2
绮	U+7EEE	U+7EEE.png	06759	06759_Web_SS_5.png	2
绳	U+7EF3	U+7EF3.png	06760	06760_Web_SS_5.png	2
维	U+7EF4	U+7EF4.png	06761	06761_Web_SS_0.png	2
绵	U+7EF5	U+7EF5.png	06762	06762_Web_SS_0.png	2
绷	U+7EF7	U+7EF7.png	06763	06763_Web_SS_0.png	2
绸	U+7EF8	U+7EF8.png	06764	06764_Web_SS_0.png	2
综	U+7EFC	U+7EFC.png	06765	06765_Web_SS_5.png	2
绽	U+7EFD	U+7EFD.png	06766	06766_Web_SS_0.png	2
缀	U+7F00	U+7F00.png	06768	06768_Web_SS_0.png	2
缅	U+7F05	U+7F05.png	06769	06769_Web_SS_0.png	2
缉	U+7F09	U+7F09.png	06770	06770_Web_SS_0.png	2
缎	U+7F0E	U+7F0E.png	06771	06771_Web_SS_0.png	3
缓	U+7F13	U+7F13.png	06772	06772_Web_SS_1.png	3
缔	U+7F14	U+7F14.png	06773	06773_Web_SS_5.png	2
缕	U+7F15	U+7F15.png	06774	06774_Web_SS_0.png	2
编	U+7F16	U+7F16.png	06775	06775_Web_SS_0.png	2
缘	U+7F18	U+7F18.png	06776	06776_Web_SS_5.png	2
缚	U+7F1A	U+7F1A.png	06777	06777_Web_SS_0.png	2
缝	U+7F1D	U+7F1D.png	06778	06778_Web_SS_0.png	2
缠	U+7F20	U+7F20.png	06779	06779_Web_SS_0.png	2
缤	U+7F24	U+7F24.png	06780	06780_Web_SS_5.png	1
缩	U+7F29	U+7F29.png	06781	06781_Web_SS_0.png	2
缶	U+7F36	U+7F36.png	06782	06782_Web_SS_0.png	2
缸	U+7F38	U+7F38.png	06783	06783_Web_SS_0.png	2
缺	U+7F3A	U+7F3A.png	06784	06784_Web_SS_0.png	2
缾	U+7F3E	U+7F3E.png	06786	06786_Web_SS_5.png	1
缿	U+7F3F	U+7F3F.png	06787	06787_Web_SS_5.png	1
罃	U+7F43	U+7F43.png	06788	06788_Web_SS_5.png	1
罄	U+7F44	U+7F44.png	06789	06789_Web_SS_5.png	1
罅	U+7F45	U+7F45.png	06790	06790_Web_SS_5.png	1
罊	U+7F4A	U+7F4A.png	06791	06791_Web_SS_5.png	1
罌	U+7F4C	U+7F4C.png	06792	06792_Web_SS_5.png	1
罍	U+7F4D	U+7F4D.png	06793	06793_Web_SS_5.png	1
罏	U+7F4F	U+7F4F.png	06794	06794_Web_SS_5.png	1
罐	U+7F50	U+7F50.png	06795	06795_Web_SS_0.png	2
网	U+7F51	U+7F51.png	06796	06796_Web_SS_5.png	2
罔	U+7F54	U+7F54.png	06797	06797_Web_SS_5.png	4
罕	U+7F55	U+7F55.png	06798	06798_Web_SS_0.png	2
罗	U+7F57	U+7F57.png	06799	06799_Web_SS_5.png	2
罘	U+7F58	U+7F58.png	06800	06800_Web_SS_5.png	1
罚	U+7F5A	U+7F5A.png	06802	06802_Web_SS_0.png	2
罛	U+7F5B	U+7F5B.png	06803	06803_Web_SS_5.png	1
罝	U+7F5D	U+7F5D.png	06805	06805_Web_SS_5.png	1
罟	U+7F5F	U+7F5F.png	06807	06807_Web_SS_5.png	1
罠	U+7F60	U+7F60.png	06808	06808_Web_SS_5.png	1
罢	U+7F62	U+7F62.png	06810	06810_Web_SS_0.png	2
罦	U+7F66	U+7F66.png	06811	06811_Web_SS_5.png	1
罧	U+7F67	U+7F67.png	06812	06812_Web_SS_5.png	1
罨	U+7F68	U+7F68.png	06813	06813_Web_SS_5.png	1
罩	U+7F69	U+7F69.png	06814	06814_Web_SS_5.png	1
罪	U+7F6A	U+7F6A.png	06815	06815_Web_SS_0.png	3
罬	U+7F6C	U+7F6C.png	06816	06816_Web_SS_5.png	1
罭	U+7F6D	U+7F6D.png	06817	06817_Web_SS_5.png	1
置	U+7F6E	U+7F6E.png	06818	06818_Web_SS_5.png	2
罯	U+7F6F	U+7F6F.png	06819	06819_Web_SS_5.png	1
罰	U+7F70	U+7F70.png	06820	06820_Web_SS_0.png	2
署	U+7F72	U+7F72.png	06822	06822_Web_SS_0.png	2
罳	U+7F73	U+7F73.png	06823	06823_Web_SS_5.png	1
罵	U+7F75	U+7F75.png	06824	06824_Web_SS_5.png	2
罶	U+7F76	U+7F76.png	06825	06825_Web_SS_5.png	1
罷	U+7F77	U+7F77.png	06826	06826_Web_SS_0.png	2
罹	U+7F79	U+7F79.png	06827	06827_Web_SS_0.png	2
罻	U+7F7B	U+7F7B.png	06828	06828_Web_SS_5.png	1
罽	U+7F7D	U+7F7D.png	06829	06829_Web_SS_5.png	1
罾	U+7F7E	U+7F7E.png	06830	06830_Web_SS_5.png	1
罿	U+7F7F	U+7F7F.png	06831	06831_Web_SS_5.png	1
羁	U+7F81	U+7F81.png	06832	06832_Web_SS_0.png	3
羅	U+7F85	U+7F85.png	06833	06833_Web_SS_0.png	1
羆	U+7F86	U+7F86.png	06834	06834_Web_SS_5.png	1
羈	U+7F88	U+7F88.png	06835	06835_Web_SS_1.png	3
羊	U+7F8A	U+7F8A.png	06836	06836_Web_SS_0.png	2
羋	U+7F8B	U+7F8B.png	06837	06837_Web_SS_5.png	1
羌	U+7F8C	U+7F8C.png	06838	06838_Web_SS_0.png	3
羍	U+7F8D	U+7F8D.png	06839	06839_Web_SS_5.png	1
美	U+7F8E	U+7F8E.png	06840	06840_Web_SS_5.png	2
羑	U+7F91	U+7F91.png	06841	06841_Web_SS_5.png	1
羒	U+7F92	U+7F92.png	06842	06842_Web_SS_5.png	1
羔	U+7F94	U+7F94.png	06843	06843_Web_SS_5.png	1
羕	U+7F95	U+7F95.png	06844	06844_Web_SS_5.png	1
羛	U+7F9B	U+7F9B.png	06847	06847_Web_SS_5.png	1
羜	U+7F9C	U+7F9C.png	06848	06848_Web_SS_5.png	1
羝	U+7F9D	U+7F9D.png	06849	06849_Web_SS_5.png	1
羞	U+7F9E	U+7F9E.png	06850	06850_Web_SS_0.png	3
羠	U+7FA0	U+7FA0.png	06852	06852_Web_SS_5.png	1
羡	U+7FA1	U+7FA1.png	06853	06853_Web_SS_0.png	2
羣	U+7FA3	U+7FA3.png	06854	06854_Web_SS_5.png	1
群	U+7FA4	U+7FA4.png	06855	06855_Web_SS_0.png	2
羥	U+7FA5	U+7FA5.png	06856	06856_Web_SS_5.png	1
羨	U+7FA8	U+7FA8.png	06857	06857_Web_SS_0.png	2
義	U+7FA9	U+7FA9.png	06858	06858_Web_SS_1.png	2
羭	U+7FAD	U+7FAD.png	06859	06859_Web_SS_5.png	1
羯	U+7FAF	U+7FAF.png	06860	06860_Web_SS_5.png	1
羲	U+7FB2	U+7FB2.png	06862	06862_Web_SS_5.png	1
羳	U+7FB3	U+7FB3.png	06863	06863_Web_SS_5.png	1
羴	U+7FB4	U+7FB4.png	06864	06864_Web_SS_5.png	1
羶	U+7FB6	U+7FB6.png	06865	06865_Web_SS_5.png	1
羸	U+7FB8	U+7FB8.png	06866	06866_Web_SS_5.png	1
羹	U+7FB9	U+7FB9.png	06867	06867_Web_SS_1.png	4
羼	U+7FBC	U+7FBC.png	06868	06868_Web_SS_5.png	1
羽	U+7FBD	U+7FBD.png	06869	06869_Web_SS_0.png	2
羿	U+7FBF	U+7FBF.png	06870	06870_Web_SS_5.png	1
翁	U+7FC1	U+7FC1.png	06871	06871_Web_SS_0.png	3
翄	U+7FC4	U+7FC4.png	06872	06872_Web_SS_5.png	1
翅	U+7FC5	U+7FC5.png	06873	06873_Web_SS_0.png	3
翇	U+7FC7	U+7FC7.png	06875	06875_Web_SS_5.png	1
翊	U+7FCA	U+7FCA.png	06876	06876_Web_SS_5.png	1
翌	U+7FCC	U+7FCC.png	06877	06877_Web_SS_5.png	1
翎	U+7FCE	U+7FCE.png	06878	06878_Web_SS_5.png	1
翏	U+7FCF	U+7FCF.png	06879	06879_Web_SS_5.png	1
習	U+7FD2	U+7FD2.png	06881	06881_Web_SS_0.png	1
翔	U+7FD4	U+7FD4.png	06882	06882_Web_SS_0.png	2
翕	U+7FD5	U+7FD5.png	06883	06883_Web_SS_5.png	1
翘	U+7FD8	U+7FD8.png	06884	06884_Web_SS_0.png	2
翜	U+7FDC	U+7FDC.png	06885	06885_Web_SS_5.png	1
翟	U+7FDF	U+7FDF.png	06886	06886_Web_SS_5.png	1
翠	U+7FE0	U+7FE0.png	06887	06887_Web_SS_5.png	2
翡	U+7FE1	U+7FE1.png	06888	06888_Web_SS_5.png	2
翥	U+7FE5	U+7FE5.png	06890	06890_Web_SS_5.png	1
翦	U+7FE6	U+7FE6.png	06891	06891_Web_SS_5.png	1
翨	U+7FE8	U+7FE8.png	06892	06892_Web_SS_5.png	1
翩	U+7FE9	U+7FE9.png	06893	06893_Web_SS_0.png	2
翫	U+7FEB	U+7FEB.png	06894	06894_Web_SS_5.png	1
翬	U+7FEC	U+7FEC.png	06895	06895_Web_SS_5.png	1
翭	U+7FED	U+7FED.png	06896	06896_Web_SS_5.png	1
翮	U+7FEE	U+7FEE.png	06897	06897_Web_SS_5.png	1
翯	U+7FEF	U+7FEF.png	06898	06898_Web_SS_5.png	1
翰	U+7FF0	U+7FF0.png	06899	06899_Web_SS_0.png	2
翱	U+7FF1	U+7FF1.png	06900	06900_Web_SS_5.png	1
翳	U+7FF3	U+7FF3.png	06901	06901_Web_SS_5.png	1
翹	U+7FF9	U+7FF9.png	06902	06902_Web_SS_5.png	2
翻	U+7FFB	U+7FFB.png	06903	06903_Web_SS_0.png	2
翼	U+7FFC	U+7FFC.png	06904	06904_Web_SS_5.png	3
翽	U+7FFD	U+7FFD.png	06905	06905_Web_SS_5.png	1
翾	U+7FFE	U+7FFE.png	06906	06906_Web_SS_5.png	1
翿	U+7FFF	U+7FFF.png	06907	06907_Web_SS_5.png	1
老	U+8001	U+8001.png	06909	06909_Web_SS_0.png	2
考	U+8003	U+8003.png	06910	06910_Web_SS_0.png	2
者	U+8005	U+8005.png	06911	06911_Web_SS_5.png	2
耆	U+8006	U+8006.png	06912	06912_Web_SS_5.png	1
耇	U+8007	U+8007.png	06913	06913_Web_SS_5.png	1
耊	U+800A	U+800A.png	06914	06914_Web_SS_5.png	1
耋	U+800B	U+800B.png	06915	06915_Web_SS_5.png	1
而	U+800C	U+800C.png	06916	06916_Web_SS_0.png	2
耎	U+800E	U+800E.png	06917	06917_Web_SS_5.png	1
耏	U+800F	U+800F.png	06918	06918_Web_SS_5.png	1
耐	U+8010	U+8010.png	06919	06919_Web_SS_1.png	3
耑	U+8011	U+8011.png	06920	06920_Web_SS_5.png	1
耒	U+8012	U+8012.png	06921	06921_Web_SS_0.png	2
耕	U+8015	U+8015.png	06922	06922_Web_SS_5.png	2
耗	U+8017	U+8017.png	06923	06923_Web_SS_5.png	1
耘	U+8018	U+8018.png	06924	06924_Web_SS_0.png	3
耡	U+8021	U+8021.png	06925	06925_Web_SS_5.png	1
耤	U+8024	U+8024.png	06926	06926_Web_SS_5.png	1
耦	U+8026	U+8026.png	06927	06927_Web_SS_5.png	1
耳	U+8033	U+8033.png	06928	06928_Web_SS_0.png	2
耴	U+8034	U+8034.png	06929	06929_Web_SS_5.png	1
耸	U+8038	U+8038.png	06930	06930_Web_SS_0.png	2
耹	U+8039	U+8039.png	06931	06931_Web_SS_5.png	1
耻	U+803B	U+803B.png	06932	06932_Web_SS_0.png	2
耼	U+803C	U+803C.png	06933	06933_Web_SS_5.png	1
耽	U+803D	U+803D.png	06934	06934_Web_SS_5.png	1
耿	U+803F	U+803F.png	06935	06935_Web_SS_5.png	1
聂	U+8042	U+8042.png	06936	06936_Web_SS_0.png	2
聃	U+8043	U+8043.png	06937	06937_Web_SS_5.png	1
聅	U+8045	U+8045.png	06938	06938_Web_SS_5.png	1
聆	U+8046	U+8046.png	06939	06939_Web_SS_0.png	2
聉	U+8049	U+8049.png	06940	06940_Web_SS_5.png	1
聊	U+804A	U+804A.png	06941	06941_Web_SS_5.png	2
聋	U+804B	U+804B.png	06942	06942_Web_SS_5.png	2
职	U+804C	U+804C.png	06943	06943_Web_SS_0.png	2
聑	U+8051	U+8051.png	06944	06944_Web_SS_5.png	1
聒	U+8052	U+8052.png	06945	06945_Web_SS_5.png	1
联	U+8054	U+8054.png	06946	06946_Web_SS_5.png	2
聖	U+8056	U+8056.png	06947	06947_Web_SS_0.png	2
聘	U+8058	U+8058.png	06948	06948_Web_SS_5.png	2
聚	U+805A	U+805A.png	06950	06950_Web_SS_0.png	2
聝	U+805D	U+805D.png	06951	06951_Web_SS_5.png	1
聞	U+805E	U+805E.png	06952	06952_Web_SS_5.png	3
聥	U+8065	U+8065.png	06953	06953_Web_SS_5.png	1
聪	U+806A	U+806A.png	06954	06954_Web_SS_0.png	2
聯	U+806F	U+806F.png	06956	06956_Web_SS_5.png	2
聰	U+8070	U+8070.png	06957	06957_Web_SS_5.png	2
聱	U+8071	U+8071.png	06958	06958_Web_SS_5.png	1
聲	U+8072	U+8072.png	06959	06959_Web_SS_0.png	2
聳	U+8073	U+8073.png	06960	06960_Web_SS_5.png	2
聵	U+8075	U+8075.png	06961	06961_Web_SS_5.png	1
聶	U+8076	U+8076.png	06962	06962_Web_SS_0.png	1
職	U+8077	U+8077.png	06963	06963_Web_SS_0.png	2
聸	U+8078	U+8078.png	06964	06964_Web_SS_5.png	1
聽	U+807D	U+807D.png	06966	06966_Web_SS_5.png	2
聾	U+807E	U+807E.png	06967	06967_Web_SS_5.png	2
聿	U+807F	U+807F.png	06968	06968_Web_SS_0.png	2
肁	U+8081	U+8081.png	06969	06969_Web_SS_5.png	1
肃	U+8083	U+8083.png	06970	06970_Web_SS_5.png	3
肄	U+8084	U+8084.png	06971	06971_Web_SS_5.png	1
肅	U+8085	U+8085.png	06972	06972_Web_SS_0.png	3
肆	U+8086	U+8086.png	06973	06973_Web_SS_0.png	3
肇	U+8087	U+8087.png	06974	06974_Web_SS_0.png	2
肈	U+8088	U+8088.png	06975	06975_Web_SS_5.png	1
肉	U+8089	U+8089.png	06976	06976_Web_SS_0.png	2
肊	U+808A	U+808A.png	06977	06977_Web_SS_5.png	1
肋	U+808B	U+808B.png	06978	06978_Web_SS_5.png	1
肌	U+808C	U+808C.png	06979	06979_Web_SS_0.png	2
肍	U+808D	U+808D.png	06980	06980_Web_SS_5.png	1
肎	U+808E	U+808E.png	06981	06981_Web_SS_5.png	1
肒	U+8092	U+8092.png	06982	06982_Web_SS_5.png	1
肓	U+8093	U+8093.png	06983	06983_Web_SS_5.png	1
肖	U+8096	U+8096.png	06984	06984_Web_SS_5.png	2
肘	U+8098	U+8098.png	06985	06985_Web_SS_0.png	2
肙	U+8099	U+8099.png	06986	06986_Web_SS_5.png	1
肝	U+809D	U+809D.png	06988	06988_Web_SS_5.png	1
肠	U+80A0	U+80A0.png	06989	06989_Web_SS_0.png	2
股	U+80A1	U+80A1.png	06990	06990_Web_SS_5.png	1
肢	U+80A2	U+80A2.png	06991	06991_Web_SS_1.png	3
肣	U+80A3	U+80A3.png	06992	06992_Web_SS_5.png	1
肤	U+80A4	U+80A4.png	06993	06993_Web_SS_5.png	3
肥	U+80A5	U+80A5.png	06994	06994_Web_SS_0.png	2
肧	U+80A7	U+80A7.png	06995	06995_Web_SS_5.png	1
肩	U+80A9	U+80A9.png	06997	06997_Web_SS_1.png	3
肪	U+80AA	U+80AA.png	06998	06998_Web_SS_5.png	2
肫	U+80AB	U+80AB.png	06999	06999_Web_SS_5.png	1
肬	U+80AC	U+80AC.png	07000	07000_Web_SS_5.png	1
肭	U+80AD	U+80AD.png	07001	07001_Web_SS_5.png	1
肮	U+80AE	U+80AE.png	07002	07002_Web_SS_5.png	1
肯	U+80AF	U+80AF.png	07003	07003_Web_SS_5.png	1
肰	U+80B0	U+80B0.png	07004	07004_Web_SS_5.png	1
肱	U+80B1	U+80B1.png	07005	07005_Web_SS_5.png	1
育	U+80B2	U+80B2.png	07006	07006_Web_SS_0.png	3
肴	U+80B4	U+80B4.png	07007	07007_Web_SS_5.png	1
肸	U+80B8	U+80B8.png	07009	07009_Web_SS_5.png	1
肺	U+80BA	U+80BA.png	07010	07010_Web_SS_5.png	1
肾	U+80BE	U+80BE.png	07011	07011_Web_SS_0.png	2
肿	U+80BF	U+80BF.png	07012	07012_Web_SS_0.png	2
胁	U+80C1	U+80C1.png	07013	07013_Web_SS_0.png	2
胂	U+80C2	U+80C2.png	07014	07014_Web_SS_5.png	1
胃	U+80C3	U+80C3.png	07015	07015_Web_SS_0.png	2
胄	U+80C4	U+80C4.png	07016	07016_Web_SS_5.png	1
胅	U+80C5	U+80C5.png	07017	07017_Web_SS_5.png	1
胆	U+80C6	U+80C6.png	07018	07018_Web_SS_0.png	2
胊	U+80CA	U+80CA.png	07021	07021_Web_SS_5.png	1
背	U+80CC	U+80CC.png	07022	07022_Web_SS_0.png	2
胎	U+80CE	U+80CE.png	07023	07023_Web_SS_5.png	2
胏	U+80CF	U+80CF.png	07024	07024_Web_SS_5.png	1
胑	U+80D1	U+80D1.png	07025	07025_Web_SS_5.png	1
胖	U+80D6	U+80D6.png	07027	07027_Web_SS_0.png	2
胗	U+80D7	U+80D7.png	07028	07028_Web_SS_5.png	1
胘	U+80D8	U+80D8.png	07029	07029_Web_SS_5.png	1
胙	U+80D9	U+80D9.png	07030	07030_Web_SS_5.png	1
胜	U+80DC	U+80DC.png	07032	07032_Web_SS_0.png	2
胝	U+80DD	U+80DD.png	07033	07033_Web_SS_5.png	1
胞	U+80DE	U+80DE.png	07034	07034_Web_SS_5.png	2
胠	U+80E0	U+80E0.png	07035	07035_Web_SS_5.png	1
胡	U+80E1	U+80E1.png	07036	07036_Web_SS_0.png	2
胤	U+80E4	U+80E4.png	07037	07037_Web_SS_5.png	1
胥	U+80E5	U+80E5.png	07038	07038_Web_SS_5.png	1
胯	U+80EF	U+80EF.png	07039	07039_Web_SS_5.png	1
胲	U+80F2	U+80F2.png	07040	07040_Web_SS_5.png	1
胳	U+80F3	U+80F3.png	07041	07041_Web_SS_5.png	1
胵	U+80F5	U+80F5.png	07042	07042_Web_SS_5.png	1
胶	U+80F6	U+80F6.png	07043	07043_Web_SS_0.png	2
胸	U+80F8	U+80F8.png	07044	07044_Web_SS_1.png	3
胺	U+80FA	U+80FA.png	07045	07045_Web_SS_5.png	1
胻	U+80FB	U+80FB.png	07046	07046_Web_SS_5.png	1
胼	U+80FC	U+80FC.png	07047	07047_Web_SS_5.png	1
能	U+80FD	U+80FD.png	07048	07048_Web_SS_5.png	2
脀	U+8100	U+8100.png	07050	07050_Web_SS_5.png	1
脁	U+8101	U+8101.png	07051	07051_Web_SS_5.png	1
脂	U+8102	U+8102.png	07052	07052_Web_SS_0.png	2
脃	U+8103	U+8103.png	07053	07053_Web_SS_5.png	1
脅	U+8105	U+8105.png	07054	07054_Web_SS_0.png	2
脆	U+8106	U+8106.png	07055	07055_Web_SS_5.png	2
脈	U+8108	U+8108.png	07056	07056_Web_SS_1.png	4
脉	U+8109	U+8109.png	07057	07057_Web_SS_1.png	4
脊	U+810A	U+810A.png	07058	07058_Web_SS_0.png	2
脑	U+8111	U+8111.png	07059	07059_Web_SS_5.png	2
脓	U+8113	U+8113.png	07060	07060_Web_SS_5.png	3
脘	U+8118	U+8118.png	07062	07062_Web_SS_5.png	1
脙	U+8119	U+8119.png	07063	07063_Web_SS_5.png	1
脚	U+811A	U+811A.png	07064	07064_Web_SS_5.png	2
脛	U+811B	U+811B.png	07065	07065_Web_SS_5.png	1
脜	U+811C	U+811C.png	07066	07066_Web_SS_5.png	1
脢	U+8122	U+8122.png	07070	07070_Web_SS_5.png	1
脣	U+8123	U+8123.png	07071	07071_Web_SS_5.png	3
脧	U+8127	U+8127.png	07072	07072_Web_SS_5.png	1
脪	U+812A	U+812A.png	07074	07074_Web_SS_5.png	1
脫	U+812B	U+812B.png	07075	07075_Web_SS_5.png	2
脬	U+812C	U+812C.png	07076	07076_Web_SS_5.png	1
脯	U+812F	U+812F.png	07078	07078_Web_SS_5.png	1
脰	U+8130	U+8130.png	07079	07079_Web_SS_5.png	1
脱	U+8131	U+8131.png	07080	07080_Web_SS_5.png	2
脽	U+813D	U+813D.png	07082	07082_Web_SS_5.png	1
脾	U+813E	U+813E.png	07083	07083_Web_SS_0.png	2
腄	U+8144	U+8144.png	07085	07085_Web_SS_5.png	1
腆	U+8146	U+8146.png	07086	07086_Web_SS_5.png	1
腊	U+814A	U+814A.png	07088	07088_Web_SS_5.png	2
腋	U+814B	U+814B.png	07089	07089_Web_SS_5.png	1
腌	U+814C	U+814C.png	07090	07090_Web_SS_5.png	1
腎	U+814E	U+814E.png	07091	07091_Web_SS_0.png	2
腏	U+814F	U+814F.png	07092	07092_Web_SS_5.png	1
腐	U+8150	U+8150.png	07093	07093_Web_SS_5.png	2
腒	U+8152	U+8152.png	07094	07094_Web_SS_5.png	1
腓	U+8153	U+8153.png	07095	07095_Web_SS_5.png	1
腔	U+8154	U+8154.png	07096	07096_Web_SS_0.png	2
腕	U+8155	U+8155.png	07097	07097_Web_SS_0.png	2
腜	U+815C	U+815C.png	07098	07098_Web_SS_5.png	1
腝	U+815D	U+815D.png	07099	07099_Web_SS_5.png	1
腥	U+8165	U+8165.png	07101	07101_Web_SS_5.png	2
腦	U+8166	U+8166.png	07102	07102_Web_SS_0.png	1
腨	U+8168	U+8168.png	07103	07103_Web_SS_5.png	1
腫	U+816B	U+816B.png	07104	07104_Web_SS_0.png	2
腬	U+816C	U+816C.png	07105	07105_Web_SS_5.png	1
腯	U+816F	U+816F.png	07106	07106_Web_SS_5.png	1
腱	U+8171	U+8171.png	07107	07107_Web_SS_5.png	1
腳	U+8173	U+8173.png	07109	07109_Web_SS_0.png	2
腴	U+8174	U+8174.png	07110	07110_Web_SS_5.png	1
腸	U+8178	U+8178.png	07111	07111_Web_SS_0.png	2
腹	U+8179	U+8179.png	07112	07112_Web_SS_5.png	2
腻	U+817B	U+817B.png	07113	07113_Web_SS_5.png	2
腾	U+817E	U+817E.png	07114	07114_Web_SS_0.png	2
膀	U+8180	U+8180.png	07115	07115_Web_SS_5.png	1
膂	U+8182	U+8182.png	07116	07116_Web_SS_5.png	1
膊	U+818A	U+818A.png	07118	07118_Web_SS_5.png	1
膌	U+818C	U+818C.png	07119	07119_Web_SS_5.png	1
膍	U+818D	U+818D.png	07120	07120_Web_SS_5.png	1
膎	U+818E	U+818E.png	07121	07121_Web_SS_5.png	1
膏	U+818F	U+818F.png	07122	07122_Web_SS_5.png	2
膘	U+8198	U+8198.png	07124	07124_Web_SS_5.png	1
膚	U+819A	U+819A.png	07125	07125_Web_SS_1.png	3
膜	U+819C	U+819C.png	07126	07126_Web_SS_5.png	2
膝	U+819D	U+819D.png	07127	07127_Web_SS_0.png	2
膞	U+819E	U+819E.png	07128	07128_Web_SS_5.png	1
膟	U+819F	U+819F.png	07129	07129_Web_SS_5.png	1
膠	U+81A0	U+81A0.png	07130	07130_Web_SS_0.png	2
膢	U+81A2	U+81A2.png	07131	07131_Web_SS_5.png	1
膩	U+81A9	U+81A9.png	07132	07132_Web_SS_5.png	2
膬	U+81AC	U+81AC.png	07133	07133_Web_SS_5.png	1
膮	U+81AE	U+81AE.png	07134	07134_Web_SS_5.png	1
膳	U+81B3	U+81B3.png	07136	07136_Web_SS_5.png	1
膴	U+81B4	U+81B4.png	07137	07137_Web_SS_5.png	1
膹	U+81B9	U+81B9.png	07138	07138_Web_SS_5.png	1
膺	U+81BA	U+81BA.png	07139	07139_Web_SS_5.png	1
膻	U+81BB	U+81BB.png	07140	07140_Web_SS_5.png	1
膽	U+81BD	U+81BD.png	07141	07141_Web_SS_0.png	2
膾	U+81BE	U+81BE.png	07142	07142_Web_SS_5.png	1
膿	U+81BF	U+81BF.png	07143	07143_Web_SS_1.png	3
臀	U+81C0	U+81C0.png	07144	07144_Web_SS_2.png	4
臂	U+81C2	U+81C2.png	07145	07145_Web_SS_0.png	2
臄	U+81C4	U+81C4.png	07146	07146_Web_SS_5.png	1
臆	U+81C6	U+81C6.png	07148	07148_Web_SS_5.png	1
臇	U+81C7	U+81C7.png	07149	07149_Web_SS_5.png	1
臊	U+81CA	U+81CA.png	07150	07150_Web_SS_5.png	1
臍	U+81CD	U+81CD.png	07151	07151_Web_SS_5.png	1
臑	U+81D1	U+81D1.png	07152	07152_Web_SS_5.png	1
臘	U+81D8	U+81D8.png	07153	07153_Web_SS_0.png	1
臚	U+81DA	U+81DA.png	07154	07154_Web_SS_5.png	1
臞	U+81DE	U+81DE.png	07155	07155_Web_SS_5.png	1
臠	U+81E0	U+81E0.png	07156	07156_Web_SS_5.png	1
臡	U+81E1	U+81E1.png	07157	07157_Web_SS_5.png	1
臣	U+81E3	U+81E3.png	07158	07158_Web_SS_0.png	2
臤	U+81E4	U+81E4.png	07159	07159_Web_SS_5.png	1
臥	U+81E5	U+81E5.png	07160	07160_Web_SS_0.png	2
臦	U+81E6	U+81E6.png	07161	07161_Web_SS_5.png	1
臧	U+81E7	U+81E7.png	07162	07162_Web_SS_5.png	1
臨	U+81E8	U+81E8.png	07163	07163_Web_SS_0.png	1
臩	U+81E9	U+81E9.png	07164	07164_Web_SS_5.png	1
自	U+81EA	U+81EA.png	07165	07165_Web_SS_0.png	2
臬	U+81EC	U+81EC.png	07167	07167_Web_SS_5.png	1
臭	U+81ED	U+81ED.png	07168	07168_Web_SS_0.png	2
臮	U+81EE	U+81EE.png	07169	07169_Web_SS_5.png	1
至	U+81F3	U+81F3.png	07171	07171_Web_SS_0.png	2
致	U+81F4	U+81F4.png	07172	07172_Web_SS_0.png	2
臸	U+81F8	U+81F8.png	07173	07173_Web_SS_5.png	1
臺	U+81FA	U+81FA.png	07174	07174_Web_SS_0.png	2
臻	U+81FB	U+81FB.png	07175	07175_Web_SS_5.png	1
臼	U+81FC	U+81FC.png	07176	07176_Web_SS_5.png	2
臽	U+81FD	U+81FD.png	07177	07177_Web_SS_5.png	1
臾	U+81FE	U+81FE.png	07178	07178_Web_SS_5.png	1
臿	U+81FF	U+81FF.png	07179	07179_Web_SS_5.png	1
舀	U+8200	U+8200.png	07180	07180_Web_SS_5.png	1
舁	U+8201	U+8201.png	07181	07181_Web_SS_5.png	1
舂	U+8202	U+8202.png	07182	07182_Web_SS_5.png	1
舄	U+8204	U+8204.png	07184	07184_Web_SS_5.png	1
舅	U+8205	U+8205.png	07185	07185_Web_SS_5.png	1
舆	U+8206	U+8206.png	07186	07186_Web_SS_5.png	2
與	U+8207	U+8207.png	07187	07187_Web_SS_5.png	3
興	U+8208	U+8208.png	07188	07188_Web_SS_0.png	2
舉	U+8209	U+8209.png	07189	07189_Web_SS_0.png	1
舊	U+820A	U+820A.png	07190	07190_Web_SS_0.png	3
舌	U+820C	U+820C.png	07191	07191_Web_SS_5.png	2
舍	U+820D	U+820D.png	07192	07192_Web_SS_5.png	2
舒	U+8212	U+8212.png	07193	07193_Web_SS_5.png	2
舓	U+8213	U+8213.png	07194	07194_Web_SS_5.png	1
舛	U+821B	U+821B.png	07195	07195_Web_SS_0.png	3
舜	U+821C	U+821C.png	07196	07196_Web_SS_5.png	1
舝	U+821D	U+821D.png	07197	07197_Web_SS_5.png	1
舞	U+821E	U+821E.png	07198	07198_Web_SS_0.png	3
舟	U+821F	U+821F.png	07199	07199_Web_SS_0.png	2
航	U+822A	U+822A.png	07200	07200_Web_SS_5.png	2
舫	U+822B	U+822B.png	07201	07201_Web_SS_5.png	1
般	U+822C	U+822C.png	07202	07202_Web_SS_5.png	3
舳	U+8233	U+8233.png	07203	07203_Web_SS_5.png	1
舸	U+8238	U+8238.png	07204	07204_Web_SS_5.png	1
船	U+8239	U+8239.png	07205	07205_Web_SS_5.png	2
艅	U+8245	U+8245.png	07207	07207_Web_SS_5.png	1
艇	U+8247	U+8247.png	07208	07208_Web_SS_5.png	1
艎	U+824E	U+824E.png	07209	07209_Web_SS_5.png	1
艐	U+8250	U+8250.png	07210	07210_Web_SS_5.png	1
艫	U+826B	U+826B.png	07212	07212_Web_SS_5.png	1
艮	U+826E	U+826E.png	07213	07213_Web_SS_5.png	2
良	U+826F	U+826F.png	07214	07214_Web_SS_5.png	4
艰	U+8270	U+8270.png	07215	07215_Web_SS_0.png	3
艱	U+8271	U+8271.png	07216	07216_Web_SS_0.png	3
色	U+8272	U+8272.png	07217	07217_Web_SS_0.png	3
艳	U+8273	U+8273.png	07218	07218_Web_SS_0.png	2
艴	U+8274	U+8274.png	07219	07219_Web_SS_5.png	1
艵	U+8275	U+8275.png	07220	07220_Web_SS_5.png	1
艸	U+8278	U+8278.png	07221	07221_Web_SS_5.png	2
艹	U+8279	U+8279.png	07222	07222_Web_SS_5.png	2
艺	U+827A	U+827A.png	07223	07223_Web_SS_0.png	2
艼	U+827C	U+827C.png	07224	07224_Web_SS_5.png	1
艽	U+827D	U+827D.png	07225	07225_Web_SS_5.png	1
艾	U+827E	U+827E.png	07226	07226_Web_SS_5.png	1
艿	U+827F	U+827F.png	07227	07227_Web_SS_5.png	1
芀	U+8280	U+8280.png	07228	07228_Web_SS_5.png	1
节	U+8282	U+8282.png	07229	07229_Web_SS_0.png	2
芄	U+8284	U+8284.png	07230	07230_Web_SS_5.png	1
芇	U+8287	U+8287.png	07231	07231_Web_SS_5.png	1
芊	U+828A	U+828A.png	07232	07232_Web_SS_5.png	1
芋	U+828B	U+828B.png	07233	07233_Web_SS_0.png	2
芍	U+828D	U+828D.png	07234	07234_Web_SS_5.png	1
芎	U+828E	U+828E.png	07235	07235_Web_SS_5.png	1
芏	U+828F	U+828F.png	07236	07236_Web_SS_5.png	1
芐	U+8290	U+8290.png	07237	07237_Web_SS_5.png	1
芑	U+8291	U+8291.png	07238	07238_Web_SS_5.png	1
芒	U+8292	U+8292.png	07239	07239_Web_SS_0.png	2
芓	U+8293	U+8293.png	07240	07240_Web_SS_5.png	1
芔	U+8294	U+8294.png	07241	07241_Web_SS_5.png	1
芘	U+8298	U+8298.png	07243	07243_Web_SS_5.png	1
芙	U+8299	U+8299.png	07244	07244_Web_SS_5.png	1
芝	U+829D	U+829D.png	07246	07246_Web_SS_5.png	1
芞	U+829E	U+829E.png	07247	07247_Web_SS_5.png	1
芟	U+829F	U+829F.png	07248	07248_Web_SS_5.png	1
芡	U+82A1	U+82A1.png	07249	07249_Web_SS_5.png	1
芣	U+82A3	U+82A3.png	07250	07250_Web_SS_5.png	1
芥	U+82A5	U+82A5.png	07251	07251_Web_SS_5.png	1
芧	U+82A7	U+82A7.png	07252	07252_Web_SS_5.png	1
芨	U+82A8	U+82A8.png	07253	07253_Web_SS_5.png	1
芩	U+82A9	U+82A9.png	07254	07254_Web_SS_5.png	1
芪	U+82AA	U+82AA.png	07255	07255_Web_SS_5.png	1
芫	U+82AB	U+82AB.png	07256	07256_Web_SS_5.png	1
芬	U+82AC	U+82AC.png	07257	07257_Web_SS_5.png	3
芮	U+82AE	U+82AE.png	07258	07258_Web_SS_5.png	1
芰	U+82B0	U+82B0.png	07260	07260_Web_SS_5.png	1
花	U+82B1	U+82B1.png	07261	07261_Web_SS_1.png	4
芳	U+82B3	U+82B3.png	07262	07262_Web_SS_0.png	2
芴	U+82B4	U+82B4.png	07263	07263_Web_SS_5.png	1
芸	U+82B8	U+82B8.png	07264	07264_Web_SS_5.png	1
芹	U+82B9	U+82B9.png	07265	07265_Web_SS_5.png	1
芺	U+82BA	U+82BA.png	07266	07266_Web_SS_5.png	1
芻	U+82BB	U+82BB.png	07267	07267_Web_SS_5.png	1
芼	U+82BC	U+82BC.png	07268	07268_Web_SS_5.png	1
芽	U+82BD	U+82BD.png	07269	07269_Web_SS_0.png	2
芾	U+82BE	U+82BE.png	07270	07270_Web_SS_5.png	1
苍	U+82CD	U+82CD.png	07272	07272_Web_SS_0.png	2
苑	U+82D1	U+82D1.png	07273	07273_Web_SS_5.png	2
苓	U+82D3	U+82D3.png	07275	07275_Web_SS_5.png	1
苕	U+82D5	U+82D5.png	07276	07276_Web_SS_5.png	1
苖	U+82D6	U+82D6.png	07277	07277_Web_SS_5.png	1
苗	U+82D7	U+82D7.png	07278	07278_Web_SS_0.png	2
苛	U+82DB	U+82DB.png	07280	07280_Web_SS_0.png	2
苞	U+82DE	U+82DE.png	07281	07281_Web_SS_5.png	1
苟	U+82DF	U+82DF.png	07282	07282_Web_SS_0.png	2
苡	U+82E1	U+82E1.png	07283	07283_Web_SS_5.png	1
苢	U+82E2	U+82E2.png	07284	07284_Web_SS_5.png	1
苣	U+82E3	U+82E3.png	07285	07285_Web_SS_5.png	1
若	U+82E5	U+82E5.png	07286	07286_Web_SS_0.png	2
苦	U+82E6	U+82E6.png	07287	07287_Web_SS_0.png	2
苫	U+82EB	U+82EB.png	07288	07288_Web_SS_5.png	1
英	U+82F1	U+82F1.png	07289	07289_Web_SS_0.png	2
苳	U+82F3	U+82F3.png	07291	07291_Web_SS_5.png	1
苴	U+82F4	U+82F4.png	07292	07292_Web_SS_5.png	1
苵	U+82F5	U+82F5.png	07293	07293_Web_SS_5.png	1
苷	U+82F7	U+82F7.png	07294	07294_Web_SS_5.png	1
苹	U+82F9	U+82F9.png	07295	07295_Web_SS_5.png	1
苺	U+82FA	U+82FA.png	07296	07296_Web_SS_5.png	1
苽	U+82FD	U+82FD.png	07297	07297_Web_SS_5.png	1
茀	U+8300	U+8300.png	07299	07299_Web_SS_5.png	1
茁	U+8301	U+8301.png	07300	07300_Web_SS_0.png	2
茂	U+8302	U+8302.png	07301	07301_Web_SS_5.png	2
范	U+8303	U+8303.png	07302	07302_Web_SS_5.png	2
茄	U+8304	U+8304.png	07303	07303_Web_SS_5.png	1
茅	U+8305	U+8305.png	07304	07304_Web_SS_5.png	1
茆	U+8306	U+8306.png	07305	07305_Web_SS_5.png	1
茇	U+8307	U+8307.png	07306	07306_Web_SS_5.png	1
茈	U+8308	U+8308.png	07307	07307_Web_SS_5.png	1
茍	U+830D	U+830D.png	07308	07308_Web_SS_5.png	1
茎	U+830E	U+830E.png	07309	07309_Web_SS_5.png	2
茖	U+8316	U+8316.png	07310	07310_Web_SS_5.png	1
茗	U+8317	U+8317.png	07311	07311_Web_SS_5.png	1
茜	U+831C	U+831C.png	07312	07312_Web_SS_5.png	1
茝	U+831D	U+831D.png	07313	07313_Web_SS_5.png	1
茞	U+831E	U+831E.png	07314	07314_Web_SS_5.png	1
茠	U+8320	U+8320.png	07315	07315_Web_SS_5.png	1
茢	U+8322	U+8322.png	07316	07316_Web_SS_5.png	1
茤	U+8324	U+8324.png	07317	07317_Web_SS_5.png	1
茥	U+8325	U+8325.png	07318	07318_Web_SS_5.png	1
茦	U+8326	U+8326.png	07319	07319_Web_SS_5.png	1
茨	U+8328	U+8328.png	07320	07320_Web_SS_5.png	1
茩	U+8329	U+8329.png	07321	07321_Web_SS_5.png	1
茬	U+832C	U+832C.png	07322	07322_Web_SS_5.png	1
茭	U+832D	U+832D.png	07323	07323_Web_SS_5.png	1
茮	U+832E	U+832E.png	07324	07324_Web_SS_5.png	1
茯	U+832F	U+832F.png	07325	07325_Web_SS_5.png	1
茱	U+8331	U+8331.png	07326	07326_Web_SS_5.png	1
茲	U+8332	U+8332.png	07327	07327_Web_SS_0.png	2
茵	U+8335	U+8335.png	07328	07328_Web_SS_5.png	1
茷	U+8337	U+8337.png	07329	07329_Web_SS_5.png	1
茸	U+8338	U+8338.png	07330	07330_Web_SS_0.png	2
茹	U+8339	U+8339.png	07331	07331_Web_SS_0.png	2
茻	U+833B	U+833B.png	07332	07332_Web_SS_5.png	1
茿	U+833F	U+833F.png	07334	07334_Web_SS_5.png	1
荀	U+8340	U+8340.png	07335	07335_Web_SS_5.png	1
荂	U+8342	U+8342.png	07337	07337_Web_SS_5.png	1
荃	U+8343	U+8343.png	07338	07338_Web_SS_5.png	1
荄	U+8344	U+8344.png	07339	07339_Web_SS_5.png	1
荅	U+8345	U+8345.png	07340	07340_Web_SS_5.png	1
荆	U+8346	U+8346.png	07341	07341_Web_SS_5.png	1
荇	U+8347	U+8347.png	07342	07342_Web_SS_5.png	1
草	U+8349	U+8349.png	07343	07343_Web_SS_0.png	2
荊	U+834A	U+834A.png	07344	07344_Web_SS_5.png	1
荌	U+834C	U+834C.png	07346	07346_Web_SS_5.png	1
荍	U+834D	U+834D.png	07347	07347_Web_SS_5.png	1
荎	U+834E	U+834E.png	07348	07348_Web_SS_5.png	1
荏	U+834F	U+834F.png	07349	07349_Web_SS_5.png	1
荐	U+8350	U+8350.png	07350	07350_Web_SS_5.png	1
荑	U+8351	U+8351.png	07351	07351_Web_SS_5.png	1
荒	U+8352	U+8352.png	07352	07352_Web_SS_5.png	2
荓	U+8353	U+8353.png	07353	07353_Web_SS_5.png	1
荔	U+8354	U+8354.png	07354	07354_Web_SS_5.png	1
荡	U+8361	U+8361.png	07356	07356_Web_SS_0.png	2
荣	U+8363	U+8363.png	07357	07357_Web_SS_0.png	2
荫	U+836B	U+836B.png	07358	07358_Web_SS_0.png	2
药	U+836F	U+836F.png	07359	07359_Web_SS_5.png	2
荲	U+8372	U+8372.png	07361	07361_Web_SS_5.png	1
荵	U+8375	U+8375.png	07363	07363_Web_SS_5.png	1
荷	U+8377	U+8377.png	07364	07364_Web_SS_5.png	2
荹	U+8379	U+8379.png	07365	07365_Web_SS_5.png	1
荺	U+837A	U+837A.png	07366	07366_Web_SS_5.png	1
荼	U+837C	U+837C.png	07367	07367_Web_SS_5.png	1
莃	U+8383	U+8383.png	07369	07369_Web_SS_5.png	1
莆	U+8386	U+8386.png	07370	07370_Web_SS_5.png	1
莉	U+8389	U+8389.png	07371	07371_Web_SS_5.png	1
莊	U+838A	U+838A.png	07372	07372_Web_SS_1.png	2
莋	U+838B	U+838B.png	07373	07373_Web_SS_5.png	1
莍	U+838D	U+838D.png	07374	07374_Web_SS_5.png	1
莎	U+838E	U+838E.png	07375	07375_Web_SS_5.png	1
莒	U+8392	U+8392.png	07376	07376_Web_SS_5.png	1
莔	U+8394	U+8394.png	07377	07377_Web_SS_5.png	1
莖	U+8396	U+8396.png	07379	07379_Web_SS_0.png	2
莛	U+839B	U+839B.png	07380	07380_Web_SS_5.png	1
莜	U+839C	U+839C.png	07381	07381_Web_SS_5.png	1
莝	U+839D	U+839D.png	07382	07382_Web_SS_5.png	1
莞	U+839E	U+839E.png	07383	07383_Web_SS_5.png	1
莠	U+83A0	U+83A0.png	07384	07384_Web_SS_5.png	1
莣	U+83A3	U+83A3.png	07385	07385_Web_SS_5.png	1
莤	U+83A4	U+83A4.png	07386	07386_Web_SS_5.png	1
莥	U+83A5	U+83A5.png	07387	07387_Web_SS_5.png	1
莦	U+83A6	U+83A6.png	07388	07388_Web_SS_5.png	1
莧	U+83A7	U+83A7.png	07389	07389_Web_SS_5.png	1
莨	U+83A8	U+83A8.png	07390	07390_Web_SS_5.png	1
莩	U+83A9	U+83A9.png	07391	07391_Web_SS_5.png	1
莪	U+83AA	U+83AA.png	07392	07392_Web_SS_5.png	1
莫	U+83AB	U+83AB.png	07393	07393_Web_SS_0.png	2
莲	U+83B2	U+83B2.png	07394	07394_Web_SS_5.png	2
获	U+83B7	U+83B7.png	07395	07395_Web_SS_0.png	2
莹	U+83B9	U+83B9.png	07396	07396_Web_SS_5.png	2
莺	U+83BA	U+83BA.png	07397	07397_Web_SS_5.png	2
莽	U+83BD	U+83BD.png	07398	07398_Web_SS_5.png	2
莿	U+83BF	U+83BF.png	07399	07399_Web_SS_5.png	1
菀	U+83C0	U+83C0.png	07400	07400_Web_SS_5.png	1
菁	U+83C1	U+83C1.png	07401	07401_Web_SS_0.png	2
菅	U+83C5	U+83C5.png	07402	07402_Web_SS_5.png	1
菆	U+83C6	U+83C6.png	07403	07403_Web_SS_5.png	1
菉	U+83C9	U+83C9.png	07404	07404_Web_SS_5.png	1
菊	U+83CA	U+83CA.png	07405	07405_Web_SS_5.png	1
菋	U+83CB	U+83CB.png	07406	07406_Web_SS_5.png	1
菌	U+83CC	U+83CC.png	07407	07407_Web_SS_5.png	1
菏	U+83CF	U+83CF.png	07408	07408_Web_SS_5.png	1
菐	U+83D0	U+83D0.png	07409	07409_Web_SS_5.png	1
菔	U+83D4	U+83D4.png	07412	07412_Web_SS_5.png	1
菜	U+83DC	U+83DC.png	07413	07413_Web_SS_0.png	2
菡	U+83E1	U+83E1.png	07415	07415_Web_SS_5.png	1
菣	U+83E3	U+83E3.png	07416	07416_Web_SS_5.png	1
菦	U+83E6	U+83E6.png	07417	07417_Web_SS_5.png	1
菨	U+83E8	U+83E8.png	07418	07418_Web_SS_5.png	1
菩	U+83E9	U+83E9.png	07419	07419_Web_SS_5.png	1
菬	U+83EC	U+83EC.png	07420	07420_Web_SS_5.png	1
華	U+83EF	U+83EF.png	07421	07421_Web_SS_2.png	3
菲	U+83F2	U+83F2.png	07422	07422_Web_SS_0.png	2
菶	U+83F6	U+83F6.png	07424	07424_Web_SS_5.png	1
菸	U+83F8	U+83F8.png	07425	07425_Web_SS_5.png	2
菹	U+83F9	U+83F9.png	07426	07426_Web_SS_5.png	1
菻	U+83FB	U+83FB.png	07427	07427_Web_SS_5.png	1
菼	U+83FC	U+83FC.png	07428	07428_Web_SS_5.png	1
菿	U+83FF	U+83FF.png	07430	07430_Web_SS_5.png	1
萁	U+8401	U+8401.png	07432	07432_Web_SS_5.png	1
萃	U+8403	U+8403.png	07433	07433_Web_SS_5.png	1
萄	U+8404	U+8404.png	07434	07434_Web_SS_5.png	1
萅	U+8405	U+8405.png	07435	07435_Web_SS_5.png	1
萆	U+8406	U+8406.png	07436	07436_Web_SS_5.png	1
萇	U+8407	U+8407.png	07437	07437_Web_SS_5.png	1
萈	U+8408	U+8408.png	07438	07438_Web_SS_5.png	1
萉	U+8409	U+8409.png	07439	07439_Web_SS_5.png	1
萊	U+840A	U+840A.png	07440	07440_Web_SS_5.png	1
萋	U+840B	U+840B.png	07441	07441_Web_SS_5.png	1
萌	U+840C	U+840C.png	07442	07442_Web_SS_0.png	2
萍	U+840D	U+840D.png	07443	07443_Web_SS_0.png	2
萎	U+840E	U+840E.png	07444	07444_Web_SS_5.png	2
萐	U+8410	U+8410.png	07445	07445_Web_SS_5.png	1
萑	U+8411	U+8411.png	07446	07446_Web_SS_5.png	1
营	U+8425	U+8425.png	07448	07448_Web_SS_5.png	2
萩	U+8429	U+8429.png	07449	07449_Web_SS_5.png	1
萬	U+842C	U+842C.png	07450	07450_Web_SS_0.png	1
萭	U+842D	U+842D.png	07451	07451_Web_SS_5.png	1
萯	U+842F	U+842F.png	07452	07452_Web_SS_5.png	1
萱	U+8431	U+8431.png	07454	07454_Web_SS_5.png	1
萴	U+8434	U+8434.png	07455	07455_Web_SS_5.png	1
萸	U+8438	U+8438.png	07457	07457_Web_SS_5.png	1
萹	U+8439	U+8439.png	07458	07458_Web_SS_5.png	1
落	U+843D	U+843D.png	07459	07459_Web_SS_5.png	2
葆	U+8446	U+8446.png	07460	07460_Web_SS_5.png	1
葉	U+8449	U+8449.png	07462	07462_Web_SS_0.png	1
葌	U+844C	U+844C.png	07463	07463_Web_SS_5.png	1
葍	U+844D	U+844D.png	07464	07464_Web_SS_5.png	1
葎	U+844E	U+844E.png	07465	07465_Web_SS_5.png	1
葏	U+844F	U+844F.png	07466	07466_Web_SS_5.png	1
葑	U+8451	U+8451.png	07467	07467_Web_SS_5.png	1
著	U+8457	U+8457.png	07468	07468_Web_SS_5.png	1
葙	U+8459	U+8459.png	07469	07469_Web_SS_5.png	1
葚	U+845A	U+845A.png	07470	07470_Web_SS_5.png	1
葛	U+845B	U+845B.png	07471	07471_Web_SS_5.png	1
葟	U+845F	U+845F.png	07472	07472_Web_SS_5.png	1
葠	U+8460	U+8460.png	07473	07473_Web_SS_5.png	1
葢	U+8462	U+8462.png	07474	07474_Web_SS_5.png	1
董	U+8463	U+8463.png	07475	07475_Web_SS_5.png	2
葥	U+8465	U+8465.png	07476	07476_Web_SS_5.png	1
葦	U+8466	U+8466.png	07477	07477_Web_SS_5.png	1
葩	U+8469	U+8469.png	07479	07479_Web_SS_5.png	1
葬	U+846C	U+846C.png	07480	07480_Web_SS_5.png	2
葭	U+846D	U+846D.png	07481	07481_Web_SS_5.png	1
葰	U+8470	U+8470.png	07482	07482_Web_SS_5.png	1
葴	U+8474	U+8474.png	07484	07484_Web_SS_5.png	1
葵	U+8475	U+8475.png	07485	07485_Web_SS_5.png	1
葷	U+8477	U+8477.png	07486	07486_Web_SS_5.png	1
葺	U+847A	U+847A.png	07487	07487_Web_SS_5.png	1
葻	U+847B	U+847B.png	07488	07488_Web_SS_5.png	1
葼	U+847C	U+847C.png	07489	07489_Web_SS_5.png	1
葽	U+847D	U+847D.png	07490	07490_Web_SS_5.png	1
蒁	U+8481	U+8481.png	07491	07491_Web_SS_5.png	1
蒂	U+8482	U+8482.png	07492	07492_Web_SS_5.png	1
蒍	U+848D	U+848D.png	07494	07494_Web_SS_5.png	1
蒐	U+8490	U+8490.png	07495	07495_Web_SS_5.png	1
蒙	U+8499	U+8499.png	07497	07497_Web_SS_1.png	3
蒚	U+849A	U+849A.png	07498	07498_Web_SS_5.png	1
蒜	U+849C	U+849C.png	07499	07499_Web_SS_5.png	1
蒝	U+849D	U+849D.png	07500	07500_Web_SS_5.png	1
蒟	U+849F	U+849F.png	07501	07501_Web_SS_5.png	1
蒢	U+84A2	U+84A2.png	07503	07503_Web_SS_5.png	1
蒦	U+84A6	U+84A6.png	07505	07505_Web_SS_5.png	1
蒩	U+84A9	U+84A9.png	07506	07506_Web_SS_5.png	1
蒬	U+84AC	U+84AC.png	07507	07507_Web_SS_5.png	1
蒮	U+84AE	U+84AE.png	07508	07508_Web_SS_5.png	1
蒲	U+84B2	U+84B2.png	07509	07509_Web_SS_5.png	1
蒸	U+84B8	U+84B8.png	07510	07510_Web_SS_5.png	3
蒹	U+84B9	U+84B9.png	07511	07511_Web_SS_5.png	1
蒻	U+84BB	U+84BB.png	07512	07512_Web_SS_5.png	1
蒼	U+84BC	U+84BC.png	07513	07513_Web_SS_0.png	2
蒿	U+84BF	U+84BF.png	07515	07515_Web_SS_5.png	1
蓀	U+84C0	U+84C0.png	07516	07516_Web_SS_5.png	1
蓁	U+84C1	U+84C1.png	07517	07517_Web_SS_5.png	1
蓂	U+84C2	U+84C2.png	07518	07518_Web_SS_5.png	1
蓄	U+84C4	U+84C4.png	07519	07519_Web_SS_0.png	2
蓆	U+84C6	U+84C6.png	07520	07520_Web_SS_5.png	1
蓈	U+84C8	U+84C8.png	07522	07522_Web_SS_5.png	1
蓉	U+84C9	U+84C9.png	07523	07523_Web_SS_5.png	1
蓋	U+84CB	U+84CB.png	07524	07524_Web_SS_5.png	1
蓍	U+84CD	U+84CD.png	07525	07525_Web_SS_5.png	1
蓏	U+84CF	U+84CF.png	07526	07526_Web_SS_5.png	1
蓐	U+84D0	U+84D0.png	07527	07527_Web_SS_5.png	1
蓑	U+84D1	U+84D1.png	07528	07528_Web_SS_5.png	1
蓛	U+84DB	U+84DB.png	07529	07529_Web_SS_5.png	1
蓝	U+84DD	U+84DD.png	07530	07530_Web_SS_5.png	2
蓨	U+84E8	U+84E8.png	07531	07531_Web_SS_5.png	1
蓩	U+84E9	U+84E9.png	07532	07532_Web_SS_5.png	1
蓬	U+84EC	U+84EC.png	07533	07533_Web_SS_5.png	1
蓮	U+84EE	U+84EE.png	07534	07534_Web_SS_0.png	1
蓱	U+84F1	U+84F1.png	07535	07535_Web_SS_5.png	1
蓲	U+84F2	U+84F2.png	07536	07536_Web_SS_5.png	1
蓳	U+84F3	U+84F3.png	07537	07537_Web_SS_5.png	1
蓴	U+84F4	U+84F4.png	07538	07538_Web_SS_5.png	1
蓶	U+84F6	U+84F6.png	07539	07539_Web_SS_5.png	1
蓷	U+84F7	U+84F7.png	07540	07540_Web_SS_5.png	1
蓸	U+84F8	U+84F8.png	07541	07541_Web_SS_5.png	1
蓻	U+84FB	U+84FB.png	07542	07542_Web_SS_5.png	1
蓼	U+84FC	U+84FC.png	07543	07543_Web_SS_5.png	1
蓾	U+84FE	U+84FE.png	07544	07544_Web_SS_5.png	1
蔁	U+8501	U+8501.png	07545	07545_Web_SS_5.png	1
蔆	U+8506	U+8506.png	07546	07546_Web_SS_5.png	1
蔇	U+8507	U+8507.png	07547	07547_Web_SS_5.png	1
蔈	U+8508	U+8508.png	07548	07548_Web_SS_5.png	1
蔎	U+850E	U+850E.png	07549	07549_Web_SS_5.png	1
蔑	U+8511	U+8511.png	07550	07550_Web_SS_5.png	1
蔓	U+8513	U+8513.png	07551	07551_Web_SS_5.png	1
蔕	U+8515	U+8515.png	07552	07552_Web_SS_5.png	1
蔗	U+8517	U+8517.png	07554	07554_Web_SS_5.png	1
蔚	U+851A	U+851A.png	07555	07555_Web_SS_5.png	1
蔟	U+851F	U+851F.png	07557	07557_Web_SS_5.png	1
蔡	U+8521	U+8521.png	07558	07558_Web_SS_5.png	1
蔣	U+8523	U+8523.png	07559	07559_Web_SS_5.png	1
蔤	U+8524	U+8524.png	07560	07560_Web_SS_5.png	1
蔥	U+8525	U+8525.png	07561	07561_Web_SS_5.png	1
蔦	U+8526	U+8526.png	07562	07562_Web_SS_5.png	1
蔩	U+8529	U+8529.png	07563	07563_Web_SS_5.png	1
蔪	U+852A	U+852A.png	07564	07564_Web_SS_5.png	1
蔫	U+852B	U+852B.png	07565	07565_Web_SS_5.png	1
蔬	U+852C	U+852C.png	07566	07566_Web_SS_5.png	2
蔭	U+852D	U+852D.png	07567	07567_Web_SS_0.png	2
蔼	U+853C	U+853C.png	07571	07571_Web_SS_5.png	1
蔽	U+853D	U+853D.png	07572	07572_Web_SS_0.png	2
蕃	U+8543	U+8543.png	07575	07575_Web_SS_5.png	2
蕅	U+8545	U+8545.png	07576	07576_Web_SS_5.png	1
蕇	U+8547	U+8547.png	07577	07577_Web_SS_5.png	1
蕈	U+8548	U+8548.png	07578	07578_Web_SS_5.png	1
蕉	U+8549	U+8549.png	07579	07579_Web_SS_5.png	1
蕕	U+8555	U+8555.png	07580	07580_Web_SS_5.png	1
蕘	U+8558	U+8558.png	07581	07581_Web_SS_5.png	1
蕙	U+8559	U+8559.png	07582	07582_Web_SS_5.png	1
蕛	U+855B	U+855B.png	07583	07583_Web_SS_5.png	1
蕝	U+855D	U+855D.png	07585	07585_Web_SS_5.png	1
蕡	U+8561	U+8561.png	07586	07586_Web_SS_5.png	1
蕢	U+8562	U+8562.png	07587	07587_Web_SS_5.png	1
蕣	U+8563	U+8563.png	07588	07588_Web_SS_5.png	1
蕤	U+8564	U+8564.png	07589	07589_Web_SS_5.png	1
蕧	U+8567	U+8567.png	07590	07590_Web_SS_5.png	1
蕨	U+8568	U+8568.png	07591	07591_Web_SS_0.png	2
蕩	U+8569	U+8569.png	07592	07592_Web_SS_0.png	2
蕪	U+856A	U+856A.png	07593	07593_Web_SS_5.png	1
蕫	U+856B	U+856B.png	07594	07594_Web_SS_5.png	1
蕭	U+856D	U+856D.png	07595	07595_Web_SS_5.png	1
蕴	U+8574	U+8574.png	07596	07596_Web_SS_0.png	2
蕼	U+857C	U+857C.png	07597	07597_Web_SS_5.png	1
薀	U+8580	U+8580.png	07598	07598_Web_SS_5.png	1
薁	U+8581	U+8581.png	07599	07599_Web_SS_5.png	1
薄	U+8584	U+8584.png	07600	07600_Web_SS_0.png	2
薅	U+8585	U+8585.png	07601	07601_Web_SS_5.png	1
薇	U+8587	U+8587.png	07602	07602_Web_SS_5.png	1
薉	U+8589	U+8589.png	07604	07604_Web_SS_5.png	1
薊	U+858A	U+858A.png	07605	07605_Web_SS_5.png	1
薋	U+858B	U+858B.png	07606	07606_Web_SS_5.png	1
薌	U+858C	U+858C.png	07607	07607_Web_SS_5.png	1
薍	U+858D	U+858D.png	07608	07608_Web_SS_5.png	1
薔	U+8594	U+8594.png	07609	07609_Web_SS_5.png	1
薕	U+8595	U+8595.png	07610	07610_Web_SS_5.png	1
薖	U+8596	U+8596.png	07611	07611_Web_SS_5.png	1
薙	U+8599	U+8599.png	07612	07612_Web_SS_5.png	1
薛	U+859B	U+859B.png	07613	07613_Web_SS_5.png	1
薜	U+859C	U+859C.png	07614	07614_Web_SS_5.png	1
薟	U+859F	U+859F.png	07615	07615_Web_SS_5.png	1
薠	U+85A0	U+85A0.png	07616	07616_Web_SS_5.png	1
薢	U+85A2	U+85A2.png	07617	07617_Web_SS_5.png	1
薧	U+85A7	U+85A7.png	07619	07619_Web_SS_5.png	1
薨	U+85A8	U+85A8.png	07620	07620_Web_SS_5.png	1
薪	U+85AA	U+85AA.png	07621	07621_Web_SS_0.png	2
薰	U+85B0	U+85B0.png	07622	07622_Web_SS_5.png	1
薲	U+85B2	U+85B2.png	07623	07623_Web_SS_5.png	1
薳	U+85B3	U+85B3.png	07624	07624_Web_SS_5.png	1
薶	U+85B6	U+85B6.png	07626	07626_Web_SS_5.png	1
薺	U+85BA	U+85BA.png	07627	07627_Web_SS_5.png	1
薻	U+85BB	U+85BB.png	07628	07628_Web_SS_5.png	1
薽	U+85BD	U+85BD.png	07629	07629_Web_SS_5.png	1
薾	U+85BE	U+85BE.png	07630	07630_Web_SS_5.png	1
薿	U+85BF	U+85BF.png	07631	07631_Web_SS_5.png	1
藃	U+85C3	U+85C3.png	07633	07633_Web_SS_5.png	1
藄	U+85C4	U+85C4.png	07634	07634_Web_SS_5.png	1
藉	U+85C9	U+85C9.png	07636	07636_Web_SS_0.png	2
藋	U+85CB	U+85CB.png	07637	07637_Web_SS_5.png	1
藍	U+85CD	U+85CD.png	07638	07638_Web_SS_0.png	1
藏	U+85CF	U+85CF.png	07639	07639_Web_SS_0.png	2
藑	U+85D1	U+85D1.png	07640	07640_Web_SS_5.png	1
藗	U+85D7	U+85D7.png	07642	07642_Web_SS_5.png	1
藚	U+85DA	U+85DA.png	07643	07643_Web_SS_5.png	1
藜	U+85DC	U+85DC.png	07644	07644_Web_SS_5.png	1
藝	U+85DD	U+85DD.png	07645	07645_Web_SS_0.png	1
藟	U+85DF	U+85DF.png	07646	07646_Web_SS_5.png	1
藣	U+85E3	U+85E3.png	07647	07647_Web_SS_5.png	1
藤	U+85E4	U+85E4.png	07648	07648_Web_SS_5.png	1
藥	U+85E5	U+85E5.png	07649	07649_Web_SS_0.png	1
藨	U+85E8	U+85E8.png	07650	07650_Web_SS_5.png	1
藩	U+85E9	U+85E9.png	07651	07651_Web_SS_0.png	2
藪	U+85EA	U+85EA.png	07652	07652_Web_SS_5.png	1
藷	U+85F7	U+85F7.png	07654	07654_Web_SS_5.png	1
藸	U+85F8	U+85F8.png	07655	07655_Web_SS_5.png	1
藹	U+85F9	U+85F9.png	07656	07656_Web_SS_5.png	1
藺	U+85FA	U+85FA.png	07657	07657_Web_SS_5.png	1
藻	U+85FB	U+85FB.png	07658	07658_Web_SS_0.png	3
藼	U+85FC	U+85FC.png	07659	07659_Web_SS_5.png	1
藿	U+85FF	U+85FF.png	07660	07660_Web_SS_5.png	1
蘀	U+8600	U+8600.png	07661	07661_Web_SS_5.png	1
蘆	U+8606	U+8606.png	07663	07663_Web_SS_5.png	1
蘇	U+8607	U+8607.png	07664	07664_Web_SS_5.png	1
蘊	U+860A	U+860A.png	07665	07665_Web_SS_0.png	1
蘘	U+8618	U+8618.png	07667	07667_Web_SS_5.png	1
蘜	U+861C	U+861C.png	07670	07670_Web_SS_5.png	1
蘞	U+861E	U+861E.png	07671	07671_Web_SS_5.png	1
蘠	U+8620	U+8620.png	07672	07672_Web_SS_5.png	1
蘥	U+8625	U+8625.png	07673	07673_Web_SS_5.png	1
蘦	U+8626	U+8626.png	07674	07674_Web_SS_5.png	1
蘧	U+8627	U+8627.png	07675	07675_Web_SS_5.png	1
蘩	U+8629	U+8629.png	07676	07676_Web_SS_5.png	1
蘪	U+862A	U+862A.png	07677	07677_Web_SS_5.png	1
蘬	U+862C	U+862C.png	07678	07678_Web_SS_5.png	1
蘭	U+862D	U+862D.png	07679	07679_Web_SS_5.png	1
蘳	U+8633	U+8633.png	07681	07681_Web_SS_5.png	1
蘸	U+8638	U+8638.png	07682	07682_Web_SS_5.png	1
蘺	U+863A	U+863A.png	07683	07683_Web_SS_5.png	1
蘻	U+863B	U+863B.png	07684	07684_Web_SS_5.png	1
蘽	U+863D	U+863D.png	07685	07685_Web_SS_5.png	1
蘿	U+863F	U+863F.png	07686	07686_Web_SS_5.png	1
虈	U+8648	U+8648.png	07688	07688_Web_SS_5.png	1
虋	U+864B	U+864B.png	07689	07689_Web_SS_5.png	1
虍	U+864D	U+864D.png	07690	07690_Web_SS_0.png	2
虎	U+864E	U+864E.png	07691	07691_Web_SS_5.png	4
虏	U+864F	U+864F.png	07692	07692_Web_SS_0.png	2
虐	U+8650	U+8650.png	07693	07693_Web_SS_5.png	3
虑	U+8651	U+8651.png	07694	07694_Web_SS_0.png	2
虒	U+8652	U+8652.png	07695	07695_Web_SS_5.png	1
虓	U+8653	U+8653.png	07696	07696_Web_SS_5.png	1
虔	U+8654	U+8654.png	07697	07697_Web_SS_0.png	2
處	U+8655	U+8655.png	07698	07698_Web_SS_0.png	2
虘	U+8658	U+8658.png	07700	07700_Web_SS_5.png	1
虙	U+8659	U+8659.png	07701	07701_Web_SS_5.png	1
虚	U+865A	U+865A.png	07702	07702_Web_SS_0.png	2
虛	U+865B	U+865B.png	07703	07703_Web_SS_0.png	2
虜	U+865C	U+865C.png	07704	07704_Web_SS_0.png	2
虞	U+865E	U+865E.png	07705	07705_Web_SS_5.png	1
號	U+865F	U+865F.png	07706	07706_Web_SS_0.png	2
虡	U+8661	U+8661.png	07707	07707_Web_SS_5.png	1
虢	U+8662	U+8662.png	07708	07708_Web_SS_5.png	1
虣	U+8663	U+8663.png	07709	07709_Web_SS_5.png	1
虤	U+8664	U+8664.png	07710	07710_Web_SS_5.png	1
虥	U+8665	U+8665.png	07711	07711_Web_SS_5.png	1
虦	U+8666	U+8666.png	07712	07712_Web_SS_5.png	1
虧	U+8667	U+8667.png	07713	07713_Web_SS_0.png	2
虨	U+8668	U+8668.png	07714	07714_Web_SS_5.png	1
虩	U+8669	U+8669.png	07715	07715_Web_SS_5.png	1
虪	U+866A	U+866A.png	07716	07716_Web_SS_5.png	1
虫	U+866B	U+866B.png	07717	07717_Web_SS_5.png	2
虯	U+866F	U+866F.png	07718	07718_Web_SS_5.png	1
虴	U+8674	U+8674.png	07719	07719_Web_SS_5.png	1
虹	U+8679	U+8679.png	07720	07720_Web_SS_5.png	3
虺	U+867A	U+867A.png	07721	07721_Web_SS_5.png	1
蚀	U+8680	U+8680.png	07722	07722_Web_SS_0.png	2
蚊	U+868A	U+868A.png	07724	07724_Web_SS_5.png	1
蚌	U+868C	U+868C.png	07725	07725_Web_SS_5.png	1
蚍	U+868D	U+868D.png	07726	07726_Web_SS_5.png	1
蚑	U+8691	U+8691.png	07727	07727_Web_SS_5.png	1
蚓	U+8693	U+8693.png	07728	07728_Web_SS_1.png	3
蚔	U+8694	U+8694.png	07729	07729_Web_SS_5.png	1
蚖	U+8696	U+8696.png	07730	07730_Web_SS_5.png	1
蚚	U+869A	U+869A.png	07732	07732_Web_SS_5.png	1
蚡	U+86A1	U+86A1.png	07733	07733_Web_SS_5.png	1
蚣	U+86A3	U+86A3.png	07734	07734_Web_SS_5.png	1
蚤	U+86A4	U+86A4.png	07735	07735_Web_SS_5.png	1
蚨	U+86A8	U+86A8.png	07736	07736_Web_SS_5.png	1
蚩	U+86A9	U+86A9.png	07737	07737_Web_SS_5.png	1
蚳	U+86B3	U+86B3.png	07738	07738_Web_SS_5.png	1
蚺	U+86BA	U+86BA.png	07739	07739_Web_SS_5.png	1
蛁	U+86C1	U+86C1.png	07740	07740_Web_SS_5.png	1
蛄	U+86C4	U+86C4.png	07741	07741_Web_SS_5.png	1
蛅	U+86C5	U+86C5.png	07742	07742_Web_SS_5.png	1
蛇	U+86C7	U+86C7.png	07743	07743_Web_SS_5.png	1
蛉	U+86C9	U+86C9.png	07744	07744_Web_SS_5.png	1
蛑	U+86D1	U+86D1.png	07745	07745_Web_SS_5.png	1
蛓	U+86D3	U+86D3.png	07746	07746_Web_SS_5.png	1
蛕	U+86D5	U+86D5.png	07747	07747_Web_SS_5.png	1
蛘	U+86D8	U+86D8.png	07748	07748_Web_SS_5.png	1
蛙	U+86D9	U+86D9.png	07749	07749_Web_SS_0.png	2
蛚	U+86DA	U+86DA.png	07750	07750_Web_SS_5.png	1
蛛	U+86DB	U+86DB.png	07751	07751_Web_SS_5.png	1
蛟	U+86DF	U+86DF.png	07752	07752_Web_SS_5.png	1
蛢	U+86E2	U+86E2.png	07753	07753_Web_SS_5.png	1
蛤	U+86E4	U+86E4.png	07754	07754_Web_SS_5.png	2
蛧	U+86E7	U+86E7.png	07755	07755_Web_SS_5.png	1
蛩	U+86E9	U+86E9.png	07756	07756_Web_SS_5.png	1
蛫	U+86EB	U+86EB.png	07757	07757_Web_SS_5.png	1
蛭	U+86ED	U+86ED.png	07758	07758_Web_SS_5.png	1
蛮	U+86EE	U+86EE.png	07759	07759_Web_SS_5.png	2
蛵	U+86F5	U+86F5.png	07760	07760_Web_SS_5.png	1
蛶	U+86F6	U+86F6.png	07761	07761_Web_SS_5.png	1
蛷	U+86F7	U+86F7.png	07762	07762_Web_SS_5.png	1
蛸	U+86F8	U+86F8.png	07763	07763_Web_SS_5.png	1
蛹	U+86F9	U+86F9.png	07764	07764_Web_SS_5.png	1
蛺	U+86FA	U+86FA.png	07765	07765_Web_SS_5.png	1
蛻	U+86FB	U+86FB.png	07766	07766_Web_SS_0.png	2
蛾	U+86FE	U+86FE.png	07767	07767_Web_SS_5.png	1
蜀	U+8700	U+8700.png	07768	07768_Web_SS_0.png	2
蜂	U+8702	U+8702.png	07769	07769_Web_SS_5.png	3
蜃	U+8703	U+8703.png	07770	07770_Web_SS_5.png	1
蜆	U+8706	U+8706.png	07771	07771_Web_SS_5.png	1
蜉	U+8709	U+8709.png	07772	07772_Web_SS_5.png	1
蜋	U+870B	U+870B.png	07773	07773_Web_SS_5.png	1
蜍	U+870D	U+870D.png	07774	07774_Web_SS_5.png	1
蜎	U+870E	U+870E.png	07775	07775_Web_SS_5.png	1
蜑	U+8711	U+8711.png	07776	07776_Web_SS_5.png	1
蜓	U+8713	U+8713.png	07777	07777_Web_SS_5.png	1
蜕	U+8715	U+8715.png	07778	07778_Web_SS_0.png	2
蜗	U+8717	U+8717.png	07779	07779_Web_SS_5.png	2
蜘	U+8718	U+8718.png	07780	07780_Web_SS_5.png	1
蜙	U+8719	U+8719.png	07781	07781_Web_SS_5.png	1
蜚	U+871A	U+871A.png	07782	07782_Web_SS_5.png	1
蜜	U+871C	U+871C.png	07783	07783_Web_SS_1.png	3
蜡	U+8721	U+8721.png	07784	07784_Web_SS_5.png	1
蜢	U+8722	U+8722.png	07785	07785_Web_SS_5.png	1
蜥	U+8725	U+8725.png	07786	07786_Web_SS_5.png	1
蜦	U+8726	U+8726.png	07787	07787_Web_SS_5.png	1
蜧	U+8727	U+8727.png	07788	07788_Web_SS_5.png	1
蜨	U+8728	U+8728.png	07789	07789_Web_SS_5.png	1
蜩	U+8729	U+8729.png	07790	07790_Web_SS_5.png	1
蜭	U+872D	U+872D.png	07791	07791_Web_SS_5.png	1
蜮	U+872E	U+872E.png	07792	07792_Web_SS_5.png	1
蜰	U+8730	U+8730.png	07793	07793_Web_SS_5.png	1
蜱	U+8731	U+8731.png	07794	07794_Web_SS_5.png	1
蜺	U+873A	U+873A.png	07796	07796_Web_SS_5.png	1
蜻	U+873B	U+873B.png	07797	07797_Web_SS_5.png	1
蜼	U+873C	U+873C.png	07798	07798_Web_SS_5.png	1
蜽	U+873D	U+873D.png	07799	07799_Web_SS_5.png	1
蜾	U+873E	U+873E.png	07800	07800_Web_SS_5.png	1
蝀	U+8740	U+8740.png	07801	07801_Web_SS_5.png	1
蝁	U+8741	U+8741.png	07802	07802_Web_SS_5.png	1
蝇	U+8747	U+8747.png	07803	07803_Web_SS_0.png	2
蝎	U+874E	U+874E.png	07804	07804_Web_SS_5.png	1
蝒	U+8752	U+8752.png	07805	07805_Web_SS_5.png	1
蝓	U+8753	U+8753.png	07806	07806_Web_SS_5.png	1
蝕	U+8755	U+8755.png	07807	07807_Web_SS_0.png	1
蝗	U+8757	U+8757.png	07808	07808_Web_SS_5.png	1
蝘	U+8758	U+8758.png	07809	07809_Web_SS_5.png	1
蝙	U+8759	U+8759.png	07810	07810_Web_SS_5.png	1
蝚	U+875A	U+875A.png	07811	07811_Web_SS_5.png	1
蝝	U+875D	U+875D.png	07812	07812_Web_SS_5.png	1
蝟	U+875F	U+875F.png	07813	07813_Web_SS_5.png	1
蝠	U+8760	U+8760.png	07814	07814_Web_SS_5.png	1
蝡	U+8761	U+8761.png	07815	07815_Web_SS_5.png	1
蝤	U+8764	U+8764.png	07816	07816_Web_SS_5.png	1
蝥	U+8765	U+8765.png	07817	07817_Web_SS_5.png	1
蝦	U+8766	U+8766.png	07818	07818_Web_SS_5.png	1
蝨	U+8768	U+8768.png	07819	07819_Web_SS_5.png	1
蝮	U+876E	U+876E.png	07820	07820_Web_SS_5.png	1
蝯	U+876F	U+876F.png	07821	07821_Web_SS_5.png	1
蝱	U+8771	U+8771.png	07822	07822_Web_SS_5.png	1
蝸	U+8778	U+8778.png	07823	07823_Web_SS_5.png	2
螇	U+8787	U+8787.png	07824	07824_Web_SS_5.png	1
螌	U+878C	U+878C.png	07825	07825_Web_SS_5.png	1
融	U+878D	U+878D.png	07826	07826_Web_SS_0.png	3
螕	U+8795	U+8795.png	07827	07827_Web_SS_5.png	1
螘	U+8798	U+8798.png	07828	07828_Web_SS_5.png	1
螝	U+879D	U+879D.png	07830	07830_Web_SS_5.png	1
螟	U+879F	U+879F.png	07831	07831_Web_SS_5.png	1
螣	U+87A3	U+87A3.png	07832	07832_Web_SS_5.png	1
螫	U+87AB	U+87AB.png	07833	07833_Web_SS_5.png	1
螭	U+87AD	U+87AD.png	07834	07834_Web_SS_5.png	1
螮	U+87AE	U+87AE.png	07835	07835_Web_SS_5.png	1
螳	U+87B3	U+87B3.png	07836	07836_Web_SS_5.png	1
螷	U+87B7	U+87B7.png	07837	07837_Web_SS_5.png	1
螸	U+87B8	U+87B8.png	07838	07838_Web_SS_5.png	1
螹	U+87B9	U+87B9.png	07839	07839_Web_SS_5.png	1
螻	U+87BB	U+87BB.png	07840	07840_Web_SS_5.png	1
螼	U+87BC	U+87BC.png	07841	07841_Web_SS_5.png	1
螽	U+87BD	U+87BD.png	07842	07842_Web_SS_5.png	1
螾	U+87BE	U+87BE.png	07843	07843_Web_SS_5.png	1
蟁	U+87C1	U+87C1.png	07844	07844_Web_SS_5.png	1
蟄	U+87C4	U+87C4.png	07845	07845_Web_SS_5.png	1
蟅	U+87C5	U+87C5.png	07846	07846_Web_SS_5.png	1
蟆	U+87C6	U+87C6.png	07847	07847_Web_SS_5.png	1
蟈	U+87C8	U+87C8.png	07848	07848_Web_SS_5.png	1
蟉	U+87C9	U+87C9.png	07849	07849_Web_SS_5.png	1
蟊	U+87CA	U+87CA.png	07850	07850_Web_SS_5.png	1
蟋	U+87CB	U+87CB.png	07851	07851_Web_SS_5.png	1
蟘	U+87D8	U+87D8.png	07853	07853_Web_SS_5.png	1
蟜	U+87DC	U+87DC.png	07854	07854_Web_SS_5.png	1
蟠	U+87E0	U+87E0.png	07855	07855_Web_SS_5.png	1
蟡	U+87E1	U+87E1.png	07856	07856_Web_SS_5.png	1
蟣	U+87E3	U+87E3.png	07857	07857_Web_SS_5.png	1
蟥	U+87E5	U+87E5.png	07858	07858_Web_SS_5.png	1
蟨	U+87E8	U+87E8.png	07859	07859_Web_SS_5.png	1
蟪	U+87EA	U+87EA.png	07860	07860_Web_SS_5.png	1
蟫	U+87EB	U+87EB.png	07861	07861_Web_SS_5.png	1
蟬	U+87EC	U+87EC.png	07862	07862_Web_SS_5.png	1
蟰	U+87F0	U+87F0.png	07863	07863_Web_SS_5.png	1
蟲	U+87F2	U+87F2.png	07864	07864_Web_SS_0.png	2
蟷	U+87F7	U+87F7.png	07865	07865_Web_SS_5.png	1
蟹	U+87F9	U+87F9.png	07866	07866_Web_SS_5.png	1
蟺	U+87FA	U+87FA.png	07867	07867_Web_SS_5.png	1
蠃	U+8803	U+8803.png	07868	07868_Web_SS_5.png	1
蠅	U+8805	U+8805.png	07869	07869_Web_SS_0.png	2
蠆	U+8806	U+8806.png	07870	07870_Web_SS_5.png	1
蠇	U+8807	U+8807.png	07871	07871_Web_SS_5.png	1
蠉	U+8809	U+8809.png	07872	07872_Web_SS_5.png	1
蠏	U+880F	U+880F.png	07873	07873_Web_SS_5.png	1
蠐	U+8810	U+8810.png	07874	07874_Web_SS_5.png	1
蠓	U+8813	U+8813.png	07875	07875_Web_SS_5.png	1
蠖	U+8816	U+8816.png	07876	07876_Web_SS_5.png	1
蠗	U+8817	U+8817.png	07877	07877_Web_SS_5.png	1
蠙	U+8819	U+8819.png	07878	07878_Web_SS_5.png	1
蠛	U+881B	U+881B.png	07880	07880_Web_SS_5.png	1
蠜	U+881C	U+881C.png	07881	07881_Web_SS_5.png	1
蠡	U+8821	U+8821.png	07882	07882_Web_SS_5.png	1
蠢	U+8822	U+8822.png	07883	07883_Web_SS_5.png	1
蠥	U+8825	U+8825.png	07884	07884_Web_SS_5.png	1
蠭	U+882D	U+882D.png	07886	07886_Web_SS_5.png	1
蠰	U+8830	U+8830.png	07887	07887_Web_SS_5.png	1
蠱	U+8831	U+8831.png	07888	07888_Web_SS_5.png	1
蠲	U+8832	U+8832.png	07889	07889_Web_SS_5.png	1
蠶	U+8836	U+8836.png	07890	07890_Web_SS_5.png	1
蠸	U+8838	U+8838.png	07891	07891_Web_SS_5.png	1
蠹	U+8839	U+8839.png	07892	07892_Web_SS_5.png	1
蠻	U+883B	U+883B.png	07893	07893_Web_SS_5.png	2
蠿	U+883F	U+883F.png	07894	07894_Web_SS_5.png	1
血	U+8840	U+8840.png	07895	07895_Web_SS_5.png	2
衁	U+8841	U+8841.png	07896	07896_Web_SS_5.png	1
衃	U+8843	U+8843.png	07897	07897_Web_SS_5.png	1
衄	U+8844	U+8844.png	07898	07898_Web_SS_5.png	1
衊	U+884A	U+884A.png	07900	07900_Web_SS_5.png	1
衋	U+884B	U+884B.png	07901	07901_Web_SS_5.png	1
行	U+884C	U+884C.png	07902	07902_Web_SS_0.png	2
衍	U+884D	U+884D.png	07903	07903_Web_SS_0.png	2
衎	U+884E	U+884E.png	07904	07904_Web_SS_5.png	1
衒	U+8852	U+8852.png	07905	07905_Web_SS_5.png	1
術	U+8853	U+8853.png	07906	07906_Web_SS_0.png	2
衔	U+8854	U+8854.png	07907	07907_Web_SS_5.png	2
街	U+8857	U+8857.png	07909	07909_Web_SS_0.png	2
衙	U+8859	U+8859.png	07910	07910_Web_SS_5.png	1
衛	U+885B	U+885B.png	07911	07911_Web_SS_0.png	2
衝	U+885D	U+885D.png	07912	07912_Web_SS_0.png	2
衞	U+885E	U+885E.png	07913	07913_Web_SS_5.png	1
衡	U+8861	U+8861.png	07915	07915_Web_SS_5.png	3
衢	U+8862	U+8862.png	07916	07916_Web_SS_5.png	1
衣	U+8863	U+8863.png	07917	07917_Web_SS_0.png	2
衤	U+8864	U+8864.png	07918	07918_Web_SS_5.png	1
补	U+8865	U+8865.png	07919	07919_Web_SS_5.png	2
衦	U+8866	U+8866.png	07920	07920_Web_SS_5.png	1
衧	U+8867	U+8867.png	07921	07921_Web_SS_5.png	1
表	U+8868	U+8868.png	07922	07922_Web_SS_5.png	3
衫	U+886B	U+886B.png	07923	07923_Web_SS_0.png	2
衭	U+886D	U+886D.png	07924	07924_Web_SS_5.png	1
衮	U+886E	U+886E.png	07925	07925_Web_SS_5.png	1
衯	U+886F	U+886F.png	07926	07926_Web_SS_5.png	1
衰	U+8870	U+8870.png	07927	07927_Web_SS_5.png	3
衲	U+8872	U+8872.png	07928	07928_Web_SS_5.png	1
衵	U+8875	U+8875.png	07929	07929_Web_SS_5.png	1
衷	U+8877	U+8877.png	07930	07930_Web_SS_0.png	2
衸	U+8878	U+8878.png	07931	07931_Web_SS_5.png	1
衹	U+8879	U+8879.png	07932	07932_Web_SS_5.png	1
衺	U+887A	U+887A.png	07933	07933_Web_SS_5.png	1
衽	U+887D	U+887D.png	07934	07934_Web_SS_5.png	1
衾	U+887E	U+887E.png	07935	07935_Web_SS_5.png	1
袁	U+8881	U+8881.png	07936	07936_Web_SS_5.png	1
袂	U+8882	U+8882.png	07937	07937_Web_SS_5.png	1
袉	U+8889	U+8889.png	07939	07939_Web_SS_5.png	1
袋	U+888B	U+888B.png	07940	07940_Web_SS_5.png	2
袍	U+888D	U+888D.png	07941	07941_Web_SS_5.png	2
袑	U+8891	U+8891.png	07942	07942_Web_SS_5.png	1
袒	U+8892	U+8892.png	07943	07943_Web_SS_5.png	1
袓	U+8893	U+8893.png	07944	07944_Web_SS_5.png	1
袖	U+8896	U+8896.png	07946	07946_Web_SS_1.png	3
袗	U+8897	U+8897.png	07947	07947_Web_SS_5.png	1
袚	U+889A	U+889A.png	07948	07948_Web_SS_5.png	1
袛	U+889B	U+889B.png	07949	07949_Web_SS_5.png	1
袜	U+889C	U+889C.png	07950	07950_Web_SS_5.png	2
袢	U+88A2	U+88A2.png	07952	07952_Web_SS_5.png	1
袤	U+88A4	U+88A4.png	07953	07953_Web_SS_5.png	1
袥	U+88A5	U+88A5.png	07954	07954_Web_SS_5.png	1
袨	U+88A8	U+88A8.png	07955	07955_Web_SS_5.png	1
袪	U+88AA	U+88AA.png	07956	07956_Web_SS_5.png	1
被	U+88AB	U+88AB.png	07957	07957_Web_SS_5.png	2
袭	U+88AD	U+88AD.png	07958	07958_Web_SS_0.png	3
袳	U+88B3	U+88B3.png	07960	07960_Web_SS_5.png	1
袷	U+88B7	U+88B7.png	07961	07961_Web_SS_5.png	1
袺	U+88BA	U+88BA.png	07962	07962_Web_SS_5.png	1
袾	U+88BE	U+88BE.png	07963	07963_Web_SS_5.png	1
裁	U+88C1	U+88C1.png	07965	07965_Web_SS_5.png	2
裂	U+88C2	U+88C2.png	07966	07966_Web_SS_0.png	2
装	U+88C5	U+88C5.png	07967	07967_Web_SS_5.png	2
裋	U+88CB	U+88CB.png	07968	07968_Web_SS_5.png	1
裎	U+88CE	U+88CE.png	07969	07969_Web_SS_5.png	1
裏	U+88CF	U+88CF.png	07970	07970_Web_SS_5.png	1
裔	U+88D4	U+88D4.png	07972	07972_Web_SS_5.png	3
裕	U+88D5	U+88D5.png	07973	07973_Web_SS_0.png	2
裖	U+88D6	U+88D6.png	07974	07974_Web_SS_5.png	1
裘	U+88D8	U+88D8.png	07975	07975_Web_SS_5.png	3
裙	U+88D9	U+88D9.png	07976	07976_Web_SS_1.png	3
裛	U+88DB	U+88DB.png	07978	07978_Web_SS_5.png	1
補	U+88DC	U+88DC.png	07979	07979_Web_SS_5.png	2
裝	U+88DD	U+88DD.png	07980	07980_Web_SS_5.png	2
裞	U+88DE	U+88DE.png	07981	07981_Web_SS_5.png	1
裡	U+88E1	U+88E1.png	07982	07982_Web_SS_0.png	1
裤	U+88E4	U+88E4.png	07983	07983_Web_SS_5.png	2
裨	U+88E8	U+88E8.png	07984	07984_Web_SS_5.png	1
裯	U+88EF	U+88EF.png	07986	07986_Web_SS_5.png	1
裳	U+88F3	U+88F3.png	07987	07987_Web_SS_5.png	3
裴	U+88F4	U+88F4.png	07988	07988_Web_SS_5.png	1
裵	U+88F5	U+88F5.png	07989	07989_Web_SS_5.png	1
裸	U+88F8	U+88F8.png	07991	07991_Web_SS_1.png	3
裹	U+88F9	U+88F9.png	07992	07992_Web_SS_0.png	2
裺	U+88FA	U+88FA.png	07993	07993_Web_SS_5.png	1
裻	U+88FB	U+88FB.png	07994	07994_Web_SS_5.png	1
裼	U+88FC	U+88FC.png	07995	07995_Web_SS_5.png	1
製	U+88FD	U+88FD.png	07996	07996_Web_SS_0.png	2
裾	U+88FE	U+88FE.png	07997	07997_Web_SS_5.png	1
褆	U+8906	U+8906.png	07999	07999_Web_SS_5.png	1
複	U+8907	U+8907.png	08000	08000_Web_SS_0.png	2
褊	U+890A	U+890A.png	08001	08001_Web_SS_5.png	1
褋	U+890B	U+890B.png	08002	08002_Web_SS_5.png	1
褌	U+890C	U+890C.png	08003	08003_Web_SS_5.png	1
褍	U+890D	U+890D.png	08004	08004_Web_SS_5.png	1
褎	U+890E	U+890E.png	08005	08005_Web_SS_5.png	1
褐	U+8910	U+8910.png	08006	08006_Web_SS_5.png	1
褒	U+8912	U+8912.png	08008	08008_Web_SS_0.png	2
褕	U+8915	U+8915.png	08009	08009_Web_SS_5.png	1
褗	U+8917	U+8917.png	08010	08010_Web_SS_5.png	1
褘	U+8918	U+8918.png	08011	08011_Web_SS_5.png	1
褚	U+891A	U+891A.png	08012	08012_Web_SS_5.png	1
褢	U+8922	U+8922.png	08013	08013_Web_SS_5.png	1
褧	U+8927	U+8927.png	08014	08014_Web_SS_5.png	1
褫	U+892B	U+892B.png	08015	08015_Web_SS_5.png	1
褭	U+892D	U+892D.png	08016	08016_Web_SS_5.png	1
褮	U+892E	U+892E.png	08017	08017_Web_SS_5.png	1
褰	U+8930	U+8930.png	08018	08018_Web_SS_5.png	1
褱	U+8931	U+8931.png	08019	08019_Web_SS_5.png	1
褲	U+8932	U+8932.png	08020	08020_Web_SS_0.png	1
褸	U+8938	U+8938.png	08021	08021_Web_SS_5.png	1
褻	U+893B	U+893B.png	08022	08022_Web_SS_0.png	1
褽	U+893D	U+893D.png	08023	08023_Web_SS_5.png	1
褿	U+893F	U+893F.png	08024	08024_Web_SS_5.png	1
襁	U+8941	U+8941.png	08025	08025_Web_SS_5.png	1
襃	U+8943	U+8943.png	08026	08026_Web_SS_5.png	1
襄	U+8944	U+8944.png	08027	08027_Web_SS_0.png	3
襋	U+894B	U+894B.png	08028	08028_Web_SS_5.png	1
襌	U+894C	U+894C.png	08029	08029_Web_SS_5.png	1
襐	U+8950	U+8950.png	08030	08030_Web_SS_5.png	1
襑	U+8951	U+8951.png	08031	08031_Web_SS_5.png	1
襖	U+8956	U+8956.png	08032	08032_Web_SS_5.png	1
襗	U+8957	U+8957.png	08033	08033_Web_SS_5.png	1
襚	U+895A	U+895A.png	08034	08034_Web_SS_5.png	1
襛	U+895B	U+895B.png	08035	08035_Web_SS_5.png	1
襜	U+895C	U+895C.png	08036	08036_Web_SS_5.png	1
襞	U+895E	U+895E.png	08037	08037_Web_SS_5.png	1
襡	U+8961	U+8961.png	08038	08038_Web_SS_5.png	1
襤	U+8964	U+8964.png	08039	08039_Web_SS_5.png	1
襦	U+8966	U+8966.png	08040	08040_Web_SS_5.png	1
襩	U+8969	U+8969.png	08041	08041_Web_SS_5.png	1
襪	U+896A	U+896A.png	08042	08042_Web_SS_0.png	1
襭	U+896D	U+896D.png	08043	08043_Web_SS_5.png	1
襮	U+896E	U+896E.png	08044	08044_Web_SS_5.png	1
襱	U+8971	U+8971.png	08045	08045_Web_SS_5.png	1
襲	U+8972	U+8972.png	08046	08046_Web_SS_1.png	3
襺	U+897A	U+897A.png	08047	08047_Web_SS_5.png	1
襾	U+897E	U+897E.png	08048	08048_Web_SS_0.png	2
西	U+897F	U+897F.png	08049	08049_Web_SS_5.png	4
要	U+8981	U+8981.png	08050	08050_Web_SS_5.png	3
覂	U+8982	U+8982.png	08051	08051_Web_SS_5.png	1
覃	U+8983	U+8983.png	08052	08052_Web_SS_5.png	1
覆	U+8986	U+8986.png	08053	08053_Web_SS_0.png	2
見	U+898B	U+898B.png	08055	08055_Web_SS_0.png	2
規	U+898F	U+898F.png	08056	08056_Web_SS_5.png	2
覒	U+8992	U+8992.png	08057	08057_Web_SS_5.png	1
覕	U+8995	U+8995.png	08059	08059_Web_SS_5.png	1
視	U+8996	U+8996.png	08060	08060_Web_SS_2.png	3
覘	U+8998	U+8998.png	08061	08061_Web_SS_5.png	1
覛	U+899B	U+899B.png	08062	08062_Web_SS_5.png	1
覜	U+899C	U+899C.png	08063	08063_Web_SS_5.png	1
覝	U+899D	U+899D.png	08064	08064_Web_SS_5.png	1
覞	U+899E	U+899E.png	08065	08065_Web_SS_5.png	1
覡	U+89A1	U+89A1.png	08066	08066_Web_SS_5.png	1
覢	U+89A2	U+89A2.png	08067	08067_Web_SS_5.png	1
覣	U+89A3	U+89A3.png	08068	08068_Web_SS_5.png	1
覦	U+89A6	U+89A6.png	08070	08070_Web_SS_5.png	1
親	U+89AA	U+89AA.png	08071	08071_Web_SS_5.png	2
覬	U+89AC	U+89AC.png	08072	08072_Web_SS_5.png	1
覭	U+89AD	U+89AD.png	08073	08073_Web_SS_5.png	1
覯	U+89AF	U+89AF.png	08074	08074_Web_SS_5.png	1
覰	U+89B0	U+89B0.png	08075	08075_Web_SS_5.png	1
覲	U+89B2	U+89B2.png	08076	08076_Web_SS_5.png	1
覶	U+89B6	U+89B6.png	08077	08077_Web_SS_5.png	1
覹	U+89B9	U+89B9.png	08078	08078_Web_SS_5.png	1
覺	U+89BA	U+89BA.png	08079	08079_Web_SS_0.png	2
覽	U+89BD	U+89BD.png	08081	08081_Web_SS_0.png	2
覿	U+89BF	U+89BF.png	08082	08082_Web_SS_5.png	1
觀	U+89C0	U+89C0.png	08083	08083_Web_SS_5.png	2
见	U+89C1	U+89C1.png	08084	08084_Web_SS_0.png	2
观	U+89C2	U+89C2.png	08085	08085_Web_SS_5.png	2
规	U+89C4	U+89C4.png	08086	08086_Web_SS_0.png	2
觅	U+89C5	U+89C5.png	08087	08087_Web_SS_5.png	1
视	U+89C6	U+89C6.png	08088	08088_Web_SS_5.png	4
览	U+89C8	U+89C8.png	08089	08089_Web_SS_0.png	2
觉	U+89C9	U+89C9.png	08090	08090_Web_SS_0.png	2
角	U+89D2	U+89D2.png	08093	08093_Web_SS_5.png	2
觓	U+89D3	U+89D3.png	08094	08094_Web_SS_5.png	1
觚	U+89DA	U+89DA.png	08096	08096_Web_SS_5.png	1
觛	U+89DB	U+89DB.png	08097	08097_Web_SS_5.png	1
觜	U+89DC	U+89DC.png	08098	08098_Web_SS_5.png	1
觠	U+89E0	U+89E0.png	08100	08100_Web_SS_5.png	1
觡	U+89E1	U+89E1.png	08101	08101_Web_SS_5.png	1
觢	U+89E2	U+89E2.png	08102	08102_Web_SS_5.png	1
解	U+89E3	U+89E3.png	08103	08103_Web_SS_5.png	2
觤	U+89E4	U+89E4.png	08104	08104_Web_SS_5.png	1
觥	U+89E5	U+89E5.png	08105	08105_Web_SS_5.png	1
触	U+89E6	U+89E6.png	08106	08106_Web_SS_5.png	2
觬	U+89EC	U+89EC.png	08107	08107_Web_SS_5.png	1
觭	U+89ED	U+89ED.png	08108	08108_Web_SS_5.png	1
觰	U+89F0	U+89F0.png	08109	08109_Web_SS_5.png	1
觲	U+89F2	U+89F2.png	08111	08111_Web_SS_5.png	1
觳	U+89F3	U+89F3.png	08112	08112_Web_SS_5.png	1
觴	U+89F4	U+89F4.png	08113	08113_Web_SS_5.png	1
觵	U+89F5	U+89F5.png	08114	08114_Web_SS_5.png	1
觶	U+89F6	U+89F6.png	08115	08115_Web_SS_5.png	1
觷	U+89F7	U+89F7.png	08116	08116_Web_SS_5.png	1
觸	U+89F8	U+89F8.png	08117	08117_Web_SS_0.png	2
觻	U+89FB	U+89FB.png	08118	08118_Web_SS_5.png	1
觼	U+89FC	U+89FC.png	08119	08119_Web_SS_5.png	1
言	U+8A00	U+8A00.png	08121	08121_Web_SS_0.png	2
訂	U+8A02	U+8A02.png	08122	08122_Web_SS_0.png	2
訄	U+8A04	U+8A04.png	08123	08123_Web_SS_5.png	1
訆	U+8A06	U+8A06.png	08125	08125_Web_SS_5.png	1
訇	U+8A07	U+8A07.png	08126	08126_Web_SS_5.png	1
計	U+8A08	U+8A08.png	08127	08127_Web_SS_0.png	2
訊	U+8A0A	U+8A0A.png	08128	08128_Web_SS_1.png	2
訌	U+8A0C	U+8A0C.png	08130	08130_Web_SS_5.png	1
討	U+8A0E	U+8A0E.png	08131	08131_Web_SS_0.png	2
訏	U+8A0F	U+8A0F.png	08132	08132_Web_SS_5.png	1
訐	U+8A10	U+8A10.png	08133	08133_Web_SS_5.png	1
訒	U+8A12	U+8A12.png	08135	08135_Web_SS_5.png	1
訓	U+8A13	U+8A13.png	08136	08136_Web_SS_0.png	2
訕	U+8A15	U+8A15.png	08137	08137_Web_SS_5.png	1
訖	U+8A16	U+8A16.png	08138	08138_Web_SS_5.png	1
託	U+8A17	U+8A17.png	08139	08139_Web_SS_0.png	2
記	U+8A18	U+8A18.png	08140	08140_Web_SS_0.png	2
訝	U+8A1D	U+8A1D.png	08142	08142_Web_SS_5.png	1
訟	U+8A1F	U+8A1F.png	08144	08144_Web_SS_5.png	3
訢	U+8A22	U+8A22.png	08146	08146_Web_SS_5.png	1
訣	U+8A23	U+8A23.png	08147	08147_Web_SS_0.png	2
訥	U+8A25	U+8A25.png	08148	08148_Web_SS_5.png	1
訦	U+8A26	U+8A26.png	08149	08149_Web_SS_5.png	1
訧	U+8A27	U+8A27.png	08150	08150_Web_SS_5.png	1
訪	U+8A2A	U+8A2A.png	08151	08151_Web_SS_0.png	2
訬	U+8A2C	U+8A2C.png	08153	08153_Web_SS_5.png	1
設	U+8A2D	U+8A2D.png	08154	08154_Web_SS_0.png	2
許	U+8A31	U+8A31.png	08156	08156_Web_SS_5.png	1
訴	U+8A34	U+8A34.png	08157	08157_Web_SS_0.png	4
訹	U+8A39	U+8A39.png	08160	08160_Web_SS_5.png	1
診	U+8A3A	U+8A3A.png	08161	08161_Web_SS_0.png	2
証	U+8A3C	U+8A3C.png	08162	08162_Web_SS_0.png	2
訾	U+8A3E	U+8A3E.png	08163	08163_Web_SS_5.png	1
詁	U+8A41	U+8A41.png	08165	08165_Web_SS_5.png	1
詄	U+8A44	U+8A44.png	08167	08167_Web_SS_5.png	1
詆	U+8A46	U+8A46.png	08168	08168_Web_SS_5.png	1
詇	U+8A47	U+8A47.png	08169	08169_Web_SS_5.png	1
詈	U+8A48	U+8A48.png	08170	08170_Web_SS_5.png	1
詍	U+8A4D	U+8A4D.png	08172	08172_Web_SS_5.png	1
詎	U+8A4E	U+8A4E.png	08173	08173_Web_SS_5.png	1
詐	U+8A50	U+8A50.png	08174	08174_Web_SS_0.png	2
詑	U+8A51	U+8A51.png	08175	08175_Web_SS_5.png	1
詔	U+8A54	U+8A54.png	08178	08178_Web_SS_5.png	2
詖	U+8A56	U+8A56.png	08179	08179_Web_SS_5.png	1
詗	U+8A57	U+8A57.png	08180	08180_Web_SS_5.png	1
詘	U+8A58	U+8A58.png	08181	08181_Web_SS_5.png	1
詛	U+8A5B	U+8A5B.png	08182	08182_Web_SS_5.png	1
詞	U+8A5E	U+8A5E.png	08183	08183_Web_SS_0.png	2
詠	U+8A60	U+8A60.png	08184	08184_Web_SS_1.png	2
詡	U+8A61	U+8A61.png	08185	08185_Web_SS_5.png	1
詢	U+8A62	U+8A62.png	08186	08186_Web_SS_0.png	2
詣	U+8A63	U+8A63.png	08187	08187_Web_SS_5.png	1
詤	U+8A64	U+8A64.png	08188	08188_Web_SS_5.png	1
詥	U+8A65	U+8A65.png	08189	08189_Web_SS_5.png	1
試	U+8A66	U+8A66.png	08190	08190_Web_SS_0.png	2
詧	U+8A67	U+8A67.png	08191	08191_Web_SS_5.png	1
詩	U+8A69	U+8A69.png	08193	08193_Web_SS_5.png	3
詪	U+8A6A	U+8A6A.png	08194	08194_Web_SS_5.png	1
詬	U+8A6C	U+8A6C.png	08195	08195_Web_SS_5.png	1
詭	U+8A6D	U+8A6D.png	08196	08196_Web_SS_0.png	2
詮	U+8A6E	U+8A6E.png	08197	08197_Web_SS_0.png	2
詰	U+8A70	U+8A70.png	08199	08199_Web_SS_5.png	1
話	U+8A71	U+8A71.png	08200	08200_Web_SS_0.png	3
該	U+8A72	U+8A72.png	08201	08201_Web_SS_0.png	2
詳	U+8A73	U+8A73.png	08202	08202_Web_SS_0.png	2
詵	U+8A75	U+8A75.png	08203	08203_Web_SS_5.png	1
詶	U+8A76	U+8A76.png	08204	08204_Web_SS_5.png	1
詷	U+8A77	U+8A77.png	08205	08205_Web_SS_5.png	1
詹	U+8A79	U+8A79.png	08206	08206_Web_SS_0.png	2
詻	U+8A7B	U+8A7B.png	08207	08207_Web_SS_5.png	1
詽	U+8A7D	U+8A7D.png	08208	08208_Web_SS_5.png	1
詾	U+8A7E	U+8A7E.png	08209	08209_Web_SS_5.png	1
詿	U+8A7F	U+8A7F.png	08210	08210_Web_SS_5.png	1
誂	U+8A82	U+8A82.png	08213	08213_Web_SS_5.png	1
誃	U+8A83	U+8A83.png	08214	08214_Web_SS_5.png	1
誄	U+8A84	U+8A84.png	08215	08215_Web_SS_5.png	1
誅	U+8A85	U+8A85.png	08216	08216_Web_SS_5.png	2
誇	U+8A87	U+8A87.png	08217	08217_Web_SS_0.png	2
誉	U+8A89	U+8A89.png	08219	08219_Web_SS_0.png	2
誋	U+8A8B	U+8A8B.png	08221	08221_Web_SS_5.png	1
誌	U+8A8C	U+8A8C.png	08222	08222_Web_SS_0.png	2
誎	U+8A8E	U+8A8E.png	08223	08223_Web_SS_5.png	1
誐	U+8A90	U+8A90.png	08224	08224_Web_SS_5.png	1
誑	U+8A91	U+8A91.png	08225	08225_Web_SS_5.png	1
誒	U+8A92	U+8A92.png	08226	08226_Web_SS_5.png	1
誓	U+8A93	U+8A93.png	08227	08227_Web_SS_0.png	2
誕	U+8A95	U+8A95.png	08228	08228_Web_SS_0.png	3
誖	U+8A96	U+8A96.png	08229	08229_Web_SS_5.png	1
誘	U+8A98	U+8A98.png	08230	08230_Web_SS_1.png	4
誚	U+8A9A	U+8A9A.png	08232	08232_Web_SS_5.png	1
語	U+8A9E	U+8A9E.png	08234	08234_Web_SS_0.png	2
誠	U+8AA0	U+8AA0.png	08235	08235_Web_SS_0.png	1
誡	U+8AA1	U+8AA1.png	08236	08236_Web_SS_0.png	2
誣	U+8AA3	U+8AA3.png	08238	08238_Web_SS_5.png	1
誤	U+8AA4	U+8AA4.png	08239	08239_Web_SS_5.png	2
誦	U+8AA6	U+8AA6.png	08241	08241_Web_SS_0.png	2
誧	U+8AA7	U+8AA7.png	08242	08242_Web_SS_5.png	1
誨	U+8AA8	U+8AA8.png	08243	08243_Web_SS_0.png	2
誩	U+8AA9	U+8AA9.png	08244	08244_Web_SS_5.png	1
說	U+8AAA	U+8AAA.png	08245	08245_Web_SS_0.png	2
誰	U+8AB0	U+8AB0.png	08247	08247_Web_SS_0.png	2
課	U+8AB2	U+8AB2.png	08248	08248_Web_SS_5.png	2
誶	U+8AB6	U+8AB6.png	08249	08249_Web_SS_5.png	1
誹	U+8AB9	U+8AB9.png	08250	08250_Web_SS_5.png	1
誻	U+8ABB	U+8ABB.png	08252	08252_Web_SS_5.png	1
誼	U+8ABC	U+8ABC.png	08253	08253_Web_SS_0.png	2
誽	U+8ABD	U+8ABD.png	08254	08254_Web_SS_5.png	1
誾	U+8ABE	U+8ABE.png	08255	08255_Web_SS_5.png	1
調	U+8ABF	U+8ABF.png	08256	08256_Web_SS_0.png	2
諂	U+8AC2	U+8AC2.png	08258	08258_Web_SS_5.png	1
諄	U+8AC4	U+8AC4.png	08259	08259_Web_SS_5.png	1
諅	U+8AC5	U+8AC5.png	08260	08260_Web_SS_5.png	1
諆	U+8AC6	U+8AC6.png	08261	08261_Web_SS_5.png	1
談	U+8AC7	U+8AC7.png	08262	08262_Web_SS_5.png	2
諈	U+8AC8	U+8AC8.png	08263	08263_Web_SS_5.png	1
諉	U+8AC9	U+8AC9.png	08264	08264_Web_SS_5.png	1
請	U+8ACB	U+8ACB.png	08265	08265_Web_SS_5.png	2
諍	U+8ACD	U+8ACD.png	08266	08266_Web_SS_5.png	1
諎	U+8ACE	U+8ACE.png	08267	08267_Web_SS_5.png	1
諏	U+8ACF	U+8ACF.png	08268	08268_Web_SS_5.png	1
諒	U+8AD2	U+8AD2.png	08269	08269_Web_SS_5.png	2
諓	U+8AD3	U+8AD3.png	08270	08270_Web_SS_5.png	1
諕	U+8AD5	U+8AD5.png	08271	08271_Web_SS_5.png	1
論	U+8AD6	U+8AD6.png	08272	08272_Web_SS_0.png	2
諗	U+8AD7	U+8AD7.png	08273	08273_Web_SS_5.png	1
諛	U+8ADB	U+8ADB.png	08274	08274_Web_SS_5.png	1
諜	U+8ADC	U+8ADC.png	08275	08275_Web_SS_0.png	2
諝	U+8ADD	U+8ADD.png	08276	08276_Web_SS_5.png	1
諞	U+8ADE	U+8ADE.png	08277	08277_Web_SS_5.png	1
諟	U+8ADF	U+8ADF.png	08278	08278_Web_SS_5.png	1
諡	U+8AE1	U+8AE1.png	08279	08279_Web_SS_5.png	1
諣	U+8AE3	U+8AE3.png	08280	08280_Web_SS_5.png	1
諦	U+8AE6	U+8AE6.png	08282	08282_Web_SS_0.png	2
諧	U+8AE7	U+8AE7.png	08283	08283_Web_SS_0.png	2
諫	U+8AEB	U+8AEB.png	08284	08284_Web_SS_5.png	1
諭	U+8AED	U+8AED.png	08286	08286_Web_SS_5.png	1
諯	U+8AEF	U+8AEF.png	08288	08288_Web_SS_5.png	1
諰	U+8AF0	U+8AF0.png	08289	08289_Web_SS_5.png	1
諱	U+8AF1	U+8AF1.png	08290	08290_Web_SS_5.png	1
諳	U+8AF3	U+8AF3.png	08291	08291_Web_SS_5.png	1
諴	U+8AF4	U+8AF4.png	08292	08292_Web_SS_5.png	1
諶	U+8AF6	U+8AF6.png	08293	08293_Web_SS_5.png	1
諷	U+8AF7	U+8AF7.png	08294	08294_Web_SS_0.png	2
諸	U+8AF8	U+8AF8.png	08295	08295_Web_SS_0.png	1
諺	U+8AFA	U+8AFA.png	08297	08297_Web_SS_0.png	1
諼	U+8AFC	U+8AFC.png	08299	08299_Web_SS_5.png	1
諽	U+8AFD	U+8AFD.png	08300	08300_Web_SS_5.png	1
諾	U+8AFE	U+8AFE.png	08301	08301_Web_SS_0.png	2
謀	U+8B00	U+8B00.png	08302	08302_Web_SS_5.png	4
謁	U+8B01	U+8B01.png	08303	08303_Web_SS_5.png	1
謂	U+8B02	U+8B02.png	08304	08304_Web_SS_0.png	2
謄	U+8B04	U+8B04.png	08305	08305_Web_SS_5.png	1
謈	U+8B08	U+8B08.png	08306	08306_Web_SS_5.png	1
謍	U+8B0D	U+8B0D.png	08307	08307_Web_SS_5.png	1
謎	U+8B0E	U+8B0E.png	08308	08308_Web_SS_0.png	2
謏	U+8B0F	U+8B0F.png	08309	08309_Web_SS_5.png	1
謐	U+8B10	U+8B10.png	08310	08310_Web_SS_5.png	1
謑	U+8B11	U+8B11.png	08311	08311_Web_SS_5.png	1
謓	U+8B13	U+8B13.png	08312	08312_Web_SS_5.png	1
謔	U+8B14	U+8B14.png	08313	08313_Web_SS_5.png	1
謗	U+8B17	U+8B17.png	08315	08315_Web_SS_5.png	1
謘	U+8B18	U+8B18.png	08316	08316_Web_SS_5.png	1
謙	U+8B19	U+8B19.png	08317	08317_Web_SS_0.png	2
謚	U+8B1A	U+8B1A.png	08318	08318_Web_SS_5.png	1
講	U+8B1B	U+8B1B.png	08319	08319_Web_SS_0.png	2
謜	U+8B1C	U+8B1C.png	08320	08320_Web_SS_5.png	1
謝	U+8B1D	U+8B1D.png	08321	08321_Web_SS_0.png	2
謣	U+8B23	U+8B23.png	08325	08325_Web_SS_5.png	1
謦	U+8B26	U+8B26.png	08326	08326_Web_SS_5.png	1
謧	U+8B27	U+8B27.png	08327	08327_Web_SS_5.png	1
謨	U+8B28	U+8B28.png	08328	08328_Web_SS_5.png	1
謫	U+8B2B	U+8B2B.png	08329	08329_Web_SS_5.png	1
謬	U+8B2C	U+8B2C.png	08330	08330_Web_SS_5.png	1
謮	U+8B2E	U+8B2E.png	08331	08331_Web_SS_5.png	1
謯	U+8B2F	U+8B2F.png	08332	08332_Web_SS_5.png	1
謰	U+8B30	U+8B30.png	08333	08333_Web_SS_5.png	1
謱	U+8B31	U+8B31.png	08334	08334_Web_SS_5.png	1
謲	U+8B32	U+8B32.png	08335	08335_Web_SS_5.png	1
謳	U+8B33	U+8B33.png	08336	08336_Web_SS_5.png	1
謵	U+8B35	U+8B35.png	08337	08337_Web_SS_5.png	1
謷	U+8B37	U+8B37.png	08338	08338_Web_SS_5.png	1
謹	U+8B39	U+8B39.png	08339	08339_Web_SS_0.png	2
謺	U+8B3A	U+8B3A.png	08340	08340_Web_SS_5.png	1
謾	U+8B3E	U+8B3E.png	08342	08342_Web_SS_5.png	1
譀	U+8B40	U+8B40.png	08343	08343_Web_SS_5.png	1
譁	U+8B41	U+8B41.png	08344	08344_Web_SS_5.png	1
譄	U+8B44	U+8B44.png	08345	08345_Web_SS_5.png	1
譆	U+8B46	U+8B46.png	08346	08346_Web_SS_5.png	1
譇	U+8B47	U+8B47.png	08347	08347_Web_SS_5.png	1
證	U+8B49	U+8B49.png	08349	08349_Web_SS_0.png	2
譊	U+8B4A	U+8B4A.png	08350	08350_Web_SS_5.png	1
譋	U+8B4B	U+8B4B.png	08351	08351_Web_SS_5.png	1
譌	U+8B4C	U+8B4C.png	08352	08352_Web_SS_5.png	1
譎	U+8B4E	U+8B4E.png	08354	08354_Web_SS_5.png	1
譏	U+8B4F	U+8B4F.png	08355	08355_Web_SS_5.png	1
譒	U+8B52	U+8B52.png	08356	08356_Web_SS_5.png	1
譔	U+8B54	U+8B54.png	08358	08358_Web_SS_5.png	1
譖	U+8B56	U+8B56.png	08359	08359_Web_SS_5.png	1
識	U+8B58	U+8B58.png	08360	08360_Web_SS_0.png	2
譙	U+8B59	U+8B59.png	08361	08361_Web_SS_5.png	1
譜	U+8B5C	U+8B5C.png	08363	08363_Web_SS_0.png	2
譞	U+8B5E	U+8B5E.png	08364	08364_Web_SS_5.png	1
譟	U+8B5F	U+8B5F.png	08365	08365_Web_SS_5.png	1
譣	U+8B63	U+8B63.png	08366	08366_Web_SS_5.png	1
譥	U+8B65	U+8B65.png	08367	08367_Web_SS_5.png	1
警	U+8B66	U+8B66.png	08368	08368_Web_SS_0.png	2
譬	U+8B6C	U+8B6C.png	08369	08369_Web_SS_5.png	1
譯	U+8B6F	U+8B6F.png	08371	08371_Web_SS_0.png	2
議	U+8B70	U+8B70.png	08372	08372_Web_SS_0.png	2
譱	U+8B71	U+8B71.png	08373	08373_Web_SS_5.png	1
譴	U+8B74	U+8B74.png	08374	08374_Web_SS_0.png	1
譶	U+8B76	U+8B76.png	08375	08375_Web_SS_5.png	1
護	U+8B77	U+8B77.png	08376	08376_Web_SS_0.png	2
譸	U+8B78	U+8B78.png	08377	08377_Web_SS_5.png	1
譺	U+8B7A	U+8B7A.png	08378	08378_Web_SS_5.png	1
譻	U+8B7B	U+8B7B.png	08379	08379_Web_SS_5.png	1
譽	U+8B7D	U+8B7D.png	08380	08380_Web_SS_0.png	2
讀	U+8B80	U+8B80.png	08381	08381_Web_SS_0.png	2
讂	U+8B82	U+8B82.png	08382	08382_Web_SS_5.png	1
讄	U+8B84	U+8B84.png	08383	08383_Web_SS_5.png	1
讇	U+8B87	U+8B87.png	08385	08385_Web_SS_5.png	1
變	U+8B8A	U+8B8A.png	08387	08387_Web_SS_0.png	2
讎	U+8B8E	U+8B8E.png	08389	08389_Web_SS_5.png	1
讒	U+8B92	U+8B92.png	08390	08390_Web_SS_5.png	1
讓	U+8B93	U+8B93.png	08391	08391_Web_SS_0.png	2
讕	U+8B95	U+8B95.png	08392	08392_Web_SS_5.png	1
讖	U+8B96	U+8B96.png	08393	08393_Web_SS_5.png	1
讗	U+8B97	U+8B97.png	08394	08394_Web_SS_5.png	1
讙	U+8B99	U+8B99.png	08396	08396_Web_SS_5.png	1
讜	U+8B9C	U+8B9C.png	08398	08398_Web_SS_5.png	1
讟	U+8B9F	U+8B9F.png	08399	08399_Web_SS_5.png	1
计	U+8BA1	U+8BA1.png	08400	08400_Web_SS_0.png	2
订	U+8BA2	U+8BA2.png	08401	08401_Web_SS_5.png	2
讨	U+8BA8	U+8BA8.png	08402	08402_Web_SS_0.png	2
让	U+8BA9	U+8BA9.png	08403	08403_Web_SS_0.png	2
训	U+8BAD	U+8BAD.png	08404	08404_Web_SS_0.png	2
议	U+8BAE	U+8BAE.png	08405	08405_Web_SS_0.png	2
讯	U+8BAF	U+8BAF.png	08406	08406_Web_SS_5.png	3
记	U+8BB0	U+8BB0.png	08407	08407_Web_SS_5.png	2
讲	U+8BB2	U+8BB2.png	08408	08408_Web_SS_0.png	2
论	U+8BBA	U+8BBA.png	08409	08409_Web_SS_0.png	2
讼	U+8BBC	U+8BBC.png	08410	08410_Web_SS_0.png	3
讽	U+8BBD	U+8BBD.png	08411	08411_Web_SS_5.png	2
设	U+8BBE	U+8BBE.png	08412	08412_Web_SS_0.png	2
访	U+8BBF	U+8BBF.png	08413	08413_Web_SS_5.png	2
诀	U+8BC0	U+8BC0.png	08414	08414_Web_SS_0.png	2
证	U+8BC1	U+8BC1.png	08415	08415_Web_SS_0.png	2
识	U+8BC6	U+8BC6.png	08416	08416_Web_SS_0.png	2
诈	U+8BC8	U+8BC8.png	08417	08417_Web_SS_0.png	2
诉	U+8BC9	U+8BC9.png	08418	08418_Web_SS_5.png	4
诊	U+8BCA	U+8BCA.png	08419	08419_Web_SS_0.png	2
词	U+8BCD	U+8BCD.png	08420	08420_Web_SS_5.png	2
诏	U+8BCF	U+8BCF.png	08421	08421_Web_SS_5.png	2
译	U+8BD1	U+8BD1.png	08422	08422_Web_SS_5.png	2
试	U+8BD5	U+8BD5.png	08423	08423_Web_SS_0.png	2
诗	U+8BD7	U+8BD7.png	08424	08424_Web_SS_0.png	3
诚	U+8BDA	U+8BDA.png	08425	08425_Web_SS_0.png	2
诛	U+8BDB	U+8BDB.png	08426	08426_Web_SS_5.png	2
话	U+8BDD	U+8BDD.png	08427	08427_Web_SS_1.png	3
诞	U+8BDE	U+8BDE.png	08428	08428_Web_SS_5.png	3
诠	U+8BE0	U+8BE0.png	08429	08429_Web_SS_0.png	2
诡	U+8BE1	U+8BE1.png	08430	08430_Web_SS_0.png	2
询	U+8BE2	U+8BE2.png	08431	08431_Web_SS_5.png	2
该	U+8BE5	U+8BE5.png	08432	08432_Web_SS_0.png	2
详	U+8BE6	U+8BE6.png	08433	08433_Web_SS_0.png	2
诫	U+8BEB	U+8BEB.png	08434	08434_Web_SS_0.png	2
语	U+8BED	U+8BED.png	08435	08435_Web_SS_0.png	2
误	U+8BEF	U+8BEF.png	08436	08436_Web_SS_0.png	2
诱	U+8BF1	U+8BF1.png	08437	08437_Web_SS_1.png	4
诲	U+8BF2	U+8BF2.png	08438	08438_Web_SS_5.png	2
说	U+8BF4	U+8BF4.png	08439	08439_Web_SS_5.png	2
诵	U+8BF5	U+8BF5.png	08440	08440_Web_SS_0.png	2
请	U+8BF7	U+8BF7.png	08441	08441_Web_SS_0.png	2
诸	U+8BF8	U+8BF8.png	08442	08442_Web_SS_0.png	2
诺	U+8BFA	U+8BFA.png	08443	08443_Web_SS_0.png	2
读	U+8BFB	U+8BFB.png	08444	08444_Web_SS_5.png	2
课	U+8BFE	U+8BFE.png	08445	08445_Web_SS_5.png	2
谁	U+8C01	U+8C01.png	08446	08446_Web_SS_0.png	2
调	U+8C03	U+8C03.png	08447	08447_Web_SS_5.png	2
谅	U+8C05	U+8C05.png	08448	08448_Web_SS_5.png	2
谈	U+8C08	U+8C08.png	08449	08449_Web_SS_0.png	2
谊	U+8C0A	U+8C0A.png	08450	08450_Web_SS_0.png	2
谋	U+8C0B	U+8C0B.png	08451	08451_Web_SS_5.png	4
谍	U+8C0D	U+8C0D.png	08452	08452_Web_SS_0.png	2
谐	U+8C10	U+8C10.png	08453	08453_Web_SS_5.png	2
谓	U+8C13	U+8C13.png	08454	08454_Web_SS_0.png	2
谘	U+8C18	U+8C18.png	08455	08455_Web_SS_5.png	1
谚	U+8C1A	U+8C1A.png	08456	08456_Web_SS_5.png	2
谛	U+8C1B	U+8C1B.png	08457	08457_Web_SS_0.png	2
谜	U+8C1C	U+8C1C.png	08458	08458_Web_SS_0.png	2
谢	U+8C22	U+8C22.png	08459	08459_Web_SS_0.png	2
谣	U+8C23	U+8C23.png	08460	08460_Web_SS_5.png	1
谦	U+8C26	U+8C26.png	08461	08461_Web_SS_5.png	2
谨	U+8C28	U+8C28.png	08462	08462_Web_SS_5.png	2
谭	U+8C2D	U+8C2D.png	08464	08464_Web_SS_5.png	1
谱	U+8C31	U+8C31.png	08465	08465_Web_SS_5.png	2
谴	U+8C34	U+8C34.png	08466	08466_Web_SS_5.png	2
谷	U+8C37	U+8C37.png	08467	08467_Web_SS_0.png	2
谸	U+8C38	U+8C38.png	08468	08468_Web_SS_5.png	1
谹	U+8C39	U+8C39.png	08469	08469_Web_SS_5.png	1
谻	U+8C3B	U+8C3B.png	08470	08470_Web_SS_5.png	1
谿	U+8C3F	U+8C3F.png	08471	08471_Web_SS_5.png	1
豁	U+8C41	U+8C41.png	08472	08472_Web_SS_5.png	1
豂	U+8C42	U+8C42.png	08473	08473_Web_SS_5.png	1
豅	U+8C45	U+8C45.png	08475	08475_Web_SS_5.png	1
豆	U+8C46	U+8C46.png	08476	08476_Web_SS_0.png	2
豈	U+8C48	U+8C48.png	08477	08477_Web_SS_0.png	2
豉	U+8C49	U+8C49.png	08478	08478_Web_SS_5.png	1
豊	U+8C4A	U+8C4A.png	08479	08479_Web_SS_5.png	1
豎	U+8C4E	U+8C4E.png	08480	08480_Web_SS_1.png	3
豐	U+8C50	U+8C50.png	08481	08481_Web_SS_1.png	2
豑	U+8C51	U+8C51.png	08482	08482_Web_SS_5.png	1
豔	U+8C54	U+8C54.png	08483	08483_Web_SS_0.png	1
豕	U+8C55	U+8C55.png	08484	08484_Web_SS_1.png	3
豖	U+8C56	U+8C56.png	08485	08485_Web_SS_5.png	1
豚	U+8C5A	U+8C5A.png	08487	08487_Web_SS_1.png	3
豛	U+8C5B	U+8C5B.png	08488	08488_Web_SS_5.png	1
豜	U+8C5C	U+8C5C.png	08489	08489_Web_SS_5.png	1
豝	U+8C5D	U+8C5D.png	08490	08490_Web_SS_5.png	1
豠	U+8C60	U+8C60.png	08491	08491_Web_SS_5.png	1
象	U+8C61	U+8C61.png	08492	08492_Web_SS_0.png	2
豢	U+8C62	U+8C62.png	08493	08493_Web_SS_5.png	1
豤	U+8C64	U+8C64.png	08494	08494_Web_SS_5.png	1
豦	U+8C66	U+8C66.png	08495	08495_Web_SS_5.png	1
豧	U+8C67	U+8C67.png	08496	08496_Web_SS_5.png	1
豨	U+8C68	U+8C68.png	08497	08497_Web_SS_5.png	1
豩	U+8C69	U+8C69.png	08498	08498_Web_SS_5.png	1
豪	U+8C6A	U+8C6A.png	08499	08499_Web_SS_1.png	3
豫	U+8C6B	U+8C6B.png	08500	08500_Web_SS_5.png	2
豬	U+8C6C	U+8C6C.png	08501	08501_Web_SS_0.png	2
豭	U+8C6D	U+8C6D.png	08502	08502_Web_SS_5.png	1
豲	U+8C72	U+8C72.png	08504	08504_Web_SS_5.png	1
豳	U+8C73	U+8C73.png	08505	08505_Web_SS_5.png	1
豵	U+8C75	U+8C75.png	08506	08506_Web_SS_5.png	1
豶	U+8C76	U+8C76.png	08507	08507_Web_SS_5.png	1
豷	U+8C77	U+8C77.png	08508	08508_Web_SS_5.png	1
豸	U+8C78	U+8C78.png	08509	08509_Web_SS_5.png	2
豹	U+8C79	U+8C79.png	08510	08510_Web_SS_0.png	2
豺	U+8C7A	U+8C7A.png	08511	08511_Web_SS_5.png	1
豻	U+8C7B	U+8C7B.png	08512	08512_Web_SS_5.png	1
貀	U+8C80	U+8C80.png	08513	08513_Web_SS_5.png	1
貁	U+8C81	U+8C81.png	08514	08514_Web_SS_5.png	1
貂	U+8C82	U+8C82.png	08515	08515_Web_SS_5.png	1
貆	U+8C86	U+8C86.png	08516	08516_Web_SS_5.png	1
貈	U+8C88	U+8C88.png	08518	08518_Web_SS_5.png	1
貉	U+8C89	U+8C89.png	08519	08519_Web_SS_5.png	1
貊	U+8C8A	U+8C8A.png	08520	08520_Web_SS_5.png	1
貌	U+8C8C	U+8C8C.png	08521	08521_Web_SS_5.png	4
貍	U+8C8D	U+8C8D.png	08522	08522_Web_SS_5.png	1
貒	U+8C92	U+8C92.png	08524	08524_Web_SS_5.png	1
貓	U+8C93	U+8C93.png	08525	08525_Web_SS_5.png	2
貔	U+8C94	U+8C94.png	08526	08526_Web_SS_5.png	1
貘	U+8C98	U+8C98.png	08528	08528_Web_SS_5.png	1
貙	U+8C99	U+8C99.png	08529	08529_Web_SS_5.png	1
貚	U+8C9A	U+8C9A.png	08530	08530_Web_SS_5.png	1
貛	U+8C9B	U+8C9B.png	08531	08531_Web_SS_5.png	1
貜	U+8C9C	U+8C9C.png	08532	08532_Web_SS_5.png	1
貝	U+8C9D	U+8C9D.png	08533	08533_Web_SS_0.png	2
貞	U+8C9E	U+8C9E.png	08534	08534_Web_SS_0.png	1
負	U+8CA0	U+8CA0.png	08535	08535_Web_SS_0.png	2
財	U+8CA1	U+8CA1.png	08536	08536_Web_SS_0.png	2
貢	U+8CA2	U+8CA2.png	08537	08537_Web_SS_5.png	2
貣	U+8CA3	U+8CA3.png	08538	08538_Web_SS_5.png	1
貤	U+8CA4	U+8CA4.png	08539	08539_Web_SS_5.png	1
貧	U+8CA7	U+8CA7.png	08540	08540_Web_SS_0.png	3
貨	U+8CA8	U+8CA8.png	08541	08541_Web_SS_0.png	2
販	U+8CA9	U+8CA9.png	08542	08542_Web_SS_0.png	2
貪	U+8CAA	U+8CAA.png	08543	08543_Web_SS_5.png	2
貫	U+8CAB	U+8CAB.png	08544	08544_Web_SS_5.png	2
責	U+8CAC	U+8CAC.png	08545	08545_Web_SS_5.png	2
貯	U+8CAF	U+8CAF.png	08547	08547_Web_SS_5.png	1
貰	U+8CB0	U+8CB0.png	08548	08548_Web_SS_5.png	1
貱	U+8CB1	U+8CB1.png	08549	08549_Web_SS_5.png	1
貲	U+8CB2	U+8CB2.png	08550	08550_Web_SS_5.png	1
貳	U+8CB3	U+8CB3.png	08551	08551_Web_SS_5.png	1
貴	U+8CB4	U+8CB4.png	08552	08552_Web_SS_0.png	1
貶	U+8CB6	U+8CB6.png	08553	08553_Web_SS_5.png	2
買	U+8CB7	U+8CB7.png	08554	08554_Web_SS_0.png	1
貸	U+8CB8	U+8CB8.png	08555	08555_Web_SS_0.png	2
貺	U+8CBA	U+8CBA.png	08556	08556_Web_SS_5.png	1
費	U+8CBB	U+8CBB.png	08557	08557_Web_SS_0.png	2
貼	U+8CBC	U+8CBC.png	08558	08558_Web_SS_0.png	2
貽	U+8CBD	U+8CBD.png	08559	08559_Web_SS_5.png	1
貿	U+8CBF	U+8CBF.png	08560	08560_Web_SS_0.png	1
賀	U+8CC0	U+8CC0.png	08561	08561_Web_SS_0.png	2
賂	U+8CC2	U+8CC2.png	08563	08563_Web_SS_5.png	1
賃	U+8CC3	U+8CC3.png	08564	08564_Web_SS_5.png	1
賄	U+8CC4	U+8CC4.png	08565	08565_Web_SS_0.png	2
資	U+8CC7	U+8CC7.png	08567	08567_Web_SS_0.png	2
賈	U+8CC8	U+8CC8.png	08568	08568_Web_SS_5.png	2
賊	U+8CCA	U+8CCA.png	08569	08569_Web_SS_0.png	2
賏	U+8CCF	U+8CCF.png	08571	08571_Web_SS_5.png	1
賑	U+8CD1	U+8CD1.png	08572	08572_Web_SS_5.png	1
賒	U+8CD2	U+8CD2.png	08573	08573_Web_SS_5.png	1
賓	U+8CD3	U+8CD3.png	08574	08574_Web_SS_0.png	3
賕	U+8CD5	U+8CD5.png	08575	08575_Web_SS_5.png	1
賖	U+8CD6	U+8CD6.png	08576	08576_Web_SS_5.png	1
賚	U+8CDA	U+8CDA.png	08577	08577_Web_SS_5.png	1
賜	U+8CDC	U+8CDC.png	08578	08578_Web_SS_0.png	2
賞	U+8CDE	U+8CDE.png	08579	08579_Web_SS_0.png	2
賡	U+8CE1	U+8CE1.png	08580	08580_Web_SS_5.png	1
賢	U+8CE2	U+8CE2.png	08581	08581_Web_SS_0.png	2
賣	U+8CE3	U+8CE3.png	08582	08582_Web_SS_0.png	2
賤	U+8CE4	U+8CE4.png	08583	08583_Web_SS_0.png	2
賦	U+8CE6	U+8CE6.png	08584	08584_Web_SS_5.png	2
賨	U+8CE8	U+8CE8.png	08585	08585_Web_SS_5.png	1
質	U+8CEA	U+8CEA.png	08586	08586_Web_SS_0.png	2
賭	U+8CED	U+8CED.png	08589	08589_Web_SS_0.png	2
賮	U+8CEE	U+8CEE.png	08590	08590_Web_SS_5.png	1
賴	U+8CF4	U+8CF4.png	08592	08592_Web_SS_0.png	2
賵	U+8CF5	U+8CF5.png	08593	08593_Web_SS_5.png	1
賸	U+8CF8	U+8CF8.png	08595	08595_Web_SS_5.png	1
賺	U+8CFA	U+8CFA.png	08597	08597_Web_SS_0.png	1
賻	U+8CFB	U+8CFB.png	08598	08598_Web_SS_5.png	1
購	U+8CFC	U+8CFC.png	08599	08599_Web_SS_5.png	2
賽	U+8CFD	U+8CFD.png	08600	08600_Web_SS_5.png	2
贅	U+8D05	U+8D05.png	08601	08601_Web_SS_5.png	2
贈	U+8D08	U+8D08.png	08602	08602_Web_SS_0.png	2
贊	U+8D0A	U+8D0A.png	08603	08603_Web_SS_0.png	2
贍	U+8D0D	U+8D0D.png	08604	08604_Web_SS_5.png	1
贎	U+8D0E	U+8D0E.png	08605	08605_Web_SS_5.png	1
贏	U+8D0F	U+8D0F.png	08606	08606_Web_SS_0.png	2
贖	U+8D16	U+8D16.png	08609	08609_Web_SS_5.png	1
贙	U+8D19	U+8D19.png	08610	08610_Web_SS_5.png	1
贛	U+8D1B	U+8D1B.png	08611	08611_Web_SS_5.png	1
贝	U+8D1D	U+8D1D.png	08612	08612_Web_SS_0.png	2
贞	U+8D1E	U+8D1E.png	08613	08613_Web_SS_5.png	2
负	U+8D1F	U+8D1F.png	08614	08614_Web_SS_0.png	2
贡	U+8D21	U+8D21.png	08615	08615_Web_SS_5.png	2
财	U+8D22	U+8D22.png	08616	08616_Web_SS_0.png	2
责	U+8D23	U+8D23.png	08617	08617_Web_SS_5.png	2
贤	U+8D24	U+8D24.png	08618	08618_Web_SS_0.png	2
败	U+8D25	U+8D25.png	08619	08619_Web_SS_0.png	3
货	U+8D27	U+8D27.png	08620	08620_Web_SS_5.png	2
质	U+8D28	U+8D28.png	08621	08621_Web_SS_0.png	2
贩	U+8D29	U+8D29.png	08622	08622_Web_SS_5.png	2
贪	U+8D2A	U+8D2A.png	08623	08623_Web_SS_5.png	2
贫	U+8D2B	U+8D2B.png	08624	08624_Web_SS_0.png	3
贬	U+8D2C	U+8D2C.png	08625	08625_Web_SS_5.png	2
购	U+8D2D	U+8D2D.png	08626	08626_Web_SS_5.png	2
贯	U+8D2F	U+8D2F.png	08627	08627_Web_SS_0.png	2
贱	U+8D31	U+8D31.png	08629	08629_Web_SS_0.png	2
贴	U+8D34	U+8D34.png	08630	08630_Web_SS_0.png	2
贵	U+8D35	U+8D35.png	08631	08631_Web_SS_0.png	2
贷	U+8D37	U+8D37.png	08632	08632_Web_SS_0.png	2
贸	U+8D38	U+8D38.png	08633	08633_Web_SS_5.png	2
费	U+8D39	U+8D39.png	08634	08634_Web_SS_0.png	2
贺	U+8D3A	U+8D3A.png	08635	08635_Web_SS_0.png	2
贼	U+8D3C	U+8D3C.png	08636	08636_Web_SS_0.png	2
贾	U+8D3E	U+8D3E.png	08637	08637_Web_SS_5.png	2
贿	U+8D3F	U+8D3F.png	08638	08638_Web_SS_0.png	2
资	U+8D44	U+8D44.png	08639	08639_Web_SS_0.png	2
赋	U+8D4B	U+8D4B.png	08640	08640_Web_SS_5.png	2
赌	U+8D4C	U+8D4C.png	08641	08641_Web_SS_0.png	2
赏	U+8D4F	U+8D4F.png	08642	08642_Web_SS_5.png	2
赐	U+8D50	U+8D50.png	08643	08643_Web_SS_0.png	2
赖	U+8D56	U+8D56.png	08644	08644_Web_SS_0.png	2
赘	U+8D58	U+8D58.png	08645	08645_Web_SS_0.png	2
赚	U+8D5A	U+8D5A.png	08646	08646_Web_SS_5.png	2
赛	U+8D5B	U+8D5B.png	08647	08647_Web_SS_0.png	2
赞	U+8D5E	U+8D5E.png	08648	08648_Web_SS_5.png	1
赠	U+8D60	U+8D60.png	08650	08650_Web_SS_0.png	2
赢	U+8D62	U+8D62.png	08651	08651_Web_SS_0.png	2
赤	U+8D64	U+8D64.png	08652	08652_Web_SS_0.png	3
赦	U+8D66	U+8D66.png	08653	08653_Web_SS_5.png	1
赧	U+8D67	U+8D67.png	08654	08654_Web_SS_5.png	1
赨	U+8D68	U+8D68.png	08655	08655_Web_SS_5.png	1
赩	U+8D69	U+8D69.png	08656	08656_Web_SS_5.png	1
赫	U+8D6B	U+8D6B.png	08657	08657_Web_SS_0.png	2
赬	U+8D6C	U+8D6C.png	08658	08658_Web_SS_5.png	1
赭	U+8D6D	U+8D6D.png	08659	08659_Web_SS_5.png	1
赮	U+8D6E	U+8D6E.png	08660	08660_Web_SS_5.png	1
走	U+8D70	U+8D70.png	08661	08661_Web_SS_0.png	2
赳	U+8D73	U+8D73.png	08662	08662_Web_SS_5.png	1
赴	U+8D74	U+8D74.png	08663	08663_Web_SS_0.png	2
赶	U+8D76	U+8D76.png	08664	08664_Web_SS_5.png	1
起	U+8D77	U+8D77.png	08665	08665_Web_SS_5.png	3
赹	U+8D79	U+8D79.png	08666	08666_Web_SS_5.png	1
赽	U+8D7D	U+8D7D.png	08667	08667_Web_SS_5.png	1
赾	U+8D7E	U+8D7E.png	08668	08668_Web_SS_5.png	1
趀	U+8D80	U+8D80.png	08669	08669_Web_SS_5.png	1
趁	U+8D81	U+8D81.png	08670	08670_Web_SS_0.png	2
趄	U+8D84	U+8D84.png	08671	08671_Web_SS_5.png	1
超	U+8D85	U+8D85.png	08672	08672_Web_SS_0.png	2
趆	U+8D86	U+8D86.png	08673	08673_Web_SS_5.png	1
趉	U+8D89	U+8D89.png	08674	08674_Web_SS_5.png	1
越	U+8D8A	U+8D8A.png	08675	08675_Web_SS_5.png	2
趋	U+8D8B	U+8D8B.png	08676	08676_Web_SS_0.png	2
趍	U+8D8D	U+8D8D.png	08677	08677_Web_SS_5.png	1
趑	U+8D91	U+8D91.png	08678	08678_Web_SS_5.png	1
趒	U+8D92	U+8D92.png	08679	08679_Web_SS_5.png	1
趖	U+8D96	U+8D96.png	08680	08680_Web_SS_5.png	1
趙	U+8D99	U+8D99.png	08682	08682_Web_SS_5.png	1
趛	U+8D9B	U+8D9B.png	08683	08683_Web_SS_5.png	1
趜	U+8D9C	U+8D9C.png	08684	08684_Web_SS_5.png	1
趞	U+8D9E	U+8D9E.png	08685	08685_Web_SS_5.png	1
趡	U+8DA1	U+8DA1.png	08687	08687_Web_SS_5.png	1
趢	U+8DA2	U+8DA2.png	08688	08688_Web_SS_5.png	1
趣	U+8DA3	U+8DA3.png	08689	08689_Web_SS_0.png	2
趥	U+8DA5	U+8DA5.png	08690	08690_Web_SS_5.png	1
趧	U+8DA7	U+8DA7.png	08691	08691_Web_SS_5.png	1
趨	U+8DA8	U+8DA8.png	08692	08692_Web_SS_0.png	1
趩	U+8DA9	U+8DA9.png	08693	08693_Web_SS_5.png	1
趫	U+8DAB	U+8DAB.png	08694	08694_Web_SS_5.png	1
趬	U+8DAC	U+8DAC.png	08695	08695_Web_SS_5.png	1
趮	U+8DAE	U+8DAE.png	08696	08696_Web_SS_5.png	1
趯	U+8DAF	U+8DAF.png	08697	08697_Web_SS_5.png	1
足	U+8DB3	U+8DB3.png	08698	08698_Web_SS_0.png	2
趹	U+8DB9	U+8DB9.png	08699	08699_Web_SS_5.png	1
趼	U+8DBC	U+8DBC.png	08700	08700_Web_SS_5.png	1
趽	U+8DBD	U+8DBD.png	08701	08701_Web_SS_5.png	1
趾	U+8DBE	U+8DBE.png	08702	08702_Web_SS_0.png	2
趿	U+8DBF	U+8DBF.png	08703	08703_Web_SS_5.png	1
跀	U+8DC0	U+8DC0.png	08704	08704_Web_SS_5.png	1
跂	U+8DC2	U+8DC2.png	08705	08705_Web_SS_5.png	1
跃	U+8DC3	U+8DC3.png	08706	08706_Web_SS_0.png	2
跇	U+8DC7	U+8DC7.png	08707	08707_Web_SS_5.png	1
跋	U+8DCB	U+8DCB.png	08708	08708_Web_SS_0.png	2
跌	U+8DCC	U+8DCC.png	08709	08709_Web_SS_0.png	2
跎	U+8DCE	U+8DCE.png	08710	08710_Web_SS_5.png	1
跔	U+8DD4	U+8DD4.png	08711	08711_Web_SS_5.png	1
跖	U+8DD6	U+8DD6.png	08712	08712_Web_SS_5.png	1
跚	U+8DDA	U+8DDA.png	08713	08713_Web_SS_5.png	1
跛	U+8DDB	U+8DDB.png	08714	08714_Web_SS_5.png	1
距	U+8DDD	U+8DDD.png	08715	08715_Web_SS_0.png	2
跟	U+8DDF	U+8DDF.png	08716	08716_Web_SS_0.png	3
跣	U+8DE3	U+8DE3.png	08717	08717_Web_SS_5.png	1
跧	U+8DE7	U+8DE7.png	08718	08718_Web_SS_5.png	1
跨	U+8DE8	U+8DE8.png	08719	08719_Web_SS_0.png	2
跪	U+8DEA	U+8DEA.png	08720	08720_Web_SS_5.png	2
路	U+8DEF	U+8DEF.png	08721	08721_Web_SS_5.png	2
跲	U+8DF2	U+8DF2.png	08722	08722_Web_SS_5.png	1
跳	U+8DF3	U+8DF3.png	08723	08723_Web_SS_0.png	2
践	U+8DF5	U+8DF5.png	08724	08724_Web_SS_5.png	2
跽	U+8DFD	U+8DFD.png	08725	08725_Web_SS_5.png	1
跾	U+8DFE	U+8DFE.png	08726	08726_Web_SS_5.png	1
踄	U+8E04	U+8E04.png	08727	08727_Web_SS_5.png	1
踊	U+8E0A	U+8E0A.png	08728	08728_Web_SS_0.png	2
踐	U+8E10	U+8E10.png	08729	08729_Web_SS_5.png	2
踔	U+8E14	U+8E14.png	08730	08730_Web_SS_5.png	1
踖	U+8E16	U+8E16.png	08731	08731_Web_SS_5.png	1
踝	U+8E1D	U+8E1D.png	08732	08732_Web_SS_0.png	2
踞	U+8E1E	U+8E1E.png	08733	08733_Web_SS_5.png	1
踣	U+8E23	U+8E23.png	08734	08734_Web_SS_5.png	1
踤	U+8E24	U+8E24.png	08735	08735_Web_SS_5.png	1
踦	U+8E26	U+8E26.png	08736	08736_Web_SS_5.png	1
踧	U+8E27	U+8E27.png	08737	08737_Web_SS_5.png	1
踪	U+8E2A	U+8E2A.png	08738	08738_Web_SS_5.png	1
踰	U+8E30	U+8E30.png	08739	08739_Web_SS_5.png	1
踳	U+8E33	U+8E33.png	08740	08740_Web_SS_5.png	1
踴	U+8E34	U+8E34.png	08741	08741_Web_SS_0.png	1
踵	U+8E35	U+8E35.png	08742	08742_Web_SS_5.png	1
踶	U+8E36	U+8E36.png	08743	08743_Web_SS_5.png	1
踸	U+8E38	U+8E38.png	08744	08744_Web_SS_5.png	1
踼	U+8E3C	U+8E3C.png	08745	08745_Web_SS_5.png	1
踽	U+8E3D	U+8E3D.png	08746	08746_Web_SS_5.png	1
蹁	U+8E41	U+8E41.png	08747	08747_Web_SS_5.png	1
蹂	U+8E42	U+8E42.png	08748	08748_Web_SS_5.png	1
蹄	U+8E44	U+8E44.png	08749	08749_Web_SS_0.png	2
蹇	U+8E47	U+8E47.png	08750	08750_Web_SS_5.png	1
蹈	U+8E48	U+8E48.png	08751	08751_Web_SS_0.png	2
蹉	U+8E49	U+8E49.png	08752	08752_Web_SS_5.png	1
蹊	U+8E4A	U+8E4A.png	08753	08753_Web_SS_5.png	1
蹋	U+8E4B	U+8E4B.png	08754	08754_Web_SS_0.png	2
蹌	U+8E4C	U+8E4C.png	08755	08755_Web_SS_5.png	1
蹎	U+8E4E	U+8E4E.png	08756	08756_Web_SS_5.png	1
蹏	U+8E4F	U+8E4F.png	08757	08757_Web_SS_5.png	1
蹐	U+8E50	U+8E50.png	08758	08758_Web_SS_5.png	1
蹙	U+8E59	U+8E59.png	08759	08759_Web_SS_5.png	1
蹛	U+8E5B	U+8E5B.png	08760	08760_Web_SS_5.png	1
蹟	U+8E5F	U+8E5F.png	08761	08761_Web_SS_5.png	1
蹠	U+8E60	U+8E60.png	08762	08762_Web_SS_5.png	1
蹡	U+8E61	U+8E61.png	08763	08763_Web_SS_5.png	1
蹢	U+8E62	U+8E62.png	08764	08764_Web_SS_5.png	1
蹩	U+8E69	U+8E69.png	08766	08766_Web_SS_5.png	1
蹬	U+8E6C	U+8E6C.png	08767	08767_Web_SS_5.png	1
蹭	U+8E6D	U+8E6D.png	08768	08768_Web_SS_5.png	1
蹮	U+8E6E	U+8E6E.png	08769	08769_Web_SS_5.png	1
蹲	U+8E72	U+8E72.png	08770	08770_Web_SS_5.png	2
蹴	U+8E74	U+8E74.png	08771	08771_Web_SS_5.png	1
蹶	U+8E76	U+8E76.png	08772	08772_Web_SS_5.png	1
蹸	U+8E78	U+8E78.png	08773	08773_Web_SS_5.png	1
蹻	U+8E7B	U+8E7B.png	08774	08774_Web_SS_5.png	1
躅	U+8E85	U+8E85.png	08776	08776_Web_SS_5.png	1
躋	U+8E8B	U+8E8B.png	08777	08777_Web_SS_5.png	1
躍	U+8E8D	U+8E8D.png	08778	08778_Web_SS_0.png	2
躓	U+8E93	U+8E93.png	08779	08779_Web_SS_5.png	1
躔	U+8E94	U+8E94.png	08780	08780_Web_SS_5.png	1
躖	U+8E96	U+8E96.png	08781	08781_Web_SS_5.png	1
躗	U+8E97	U+8E97.png	08782	08782_Web_SS_5.png	1
躡	U+8EA1	U+8EA1.png	08783	08783_Web_SS_5.png	1
躣	U+8EA3	U+8EA3.png	08784	08784_Web_SS_5.png	1
躧	U+8EA7	U+8EA7.png	08785	08785_Web_SS_5.png	1
躩	U+8EA9	U+8EA9.png	08786	08786_Web_SS_5.png	1
身	U+8EAB	U+8EAB.png	08787	08787_Web_SS_0.png	2
躬	U+8EAC	U+8EAC.png	08788	08788_Web_SS_1.png	3
躯	U+8EAF	U+8EAF.png	08789	08789_Web_SS_0.png	2
躳	U+8EB3	U+8EB3.png	08790	08790_Web_SS_5.png	1
軀	U+8EC0	U+8EC0.png	08791	08791_Web_SS_0.png	2
車	U+8ECA	U+8ECA.png	08792	08792_Web_SS_1.png	2
軋	U+8ECB	U+8ECB.png	08793	08793_Web_SS_5.png	1
軌	U+8ECC	U+8ECC.png	08794	08794_Web_SS_5.png	2
軍	U+8ECD	U+8ECD.png	08795	08795_Web_SS_5.png	2
軎	U+8ECE	U+8ECE.png	08796	08796_Web_SS_5.png	1
軑	U+8ED1	U+8ED1.png	08797	08797_Web_SS_5.png	1
軒	U+8ED2	U+8ED2.png	08798	08798_Web_SS_0.png	2
軓	U+8ED3	U+8ED3.png	08799	08799_Web_SS_5.png	1
軔	U+8ED4	U+8ED4.png	08800	08800_Web_SS_5.png	1
軖	U+8ED6	U+8ED6.png	08801	08801_Web_SS_5.png	1
軘	U+8ED8	U+8ED8.png	08802	08802_Web_SS_5.png	1
軜	U+8EDC	U+8EDC.png	08803	08803_Web_SS_5.png	1
軝	U+8EDD	U+8EDD.png	08804	08804_Web_SS_5.png	1
軟	U+8EDF	U+8EDF.png	08806	08806_Web_SS_0.png	1
軥	U+8EE5	U+8EE5.png	08807	08807_Web_SS_5.png	1
軧	U+8EE7	U+8EE7.png	08808	08808_Web_SS_5.png	1
軨	U+8EE8	U+8EE8.png	08809	08809_Web_SS_5.png	1
軫	U+8EEB	U+8EEB.png	08810	08810_Web_SS_5.png	1
軭	U+8EED	U+8EED.png	08811	08811_Web_SS_5.png	1
軵	U+8EF5	U+8EF5.png	08814	08814_Web_SS_5.png	1
軶	U+8EF6	U+8EF6.png	08815	08815_Web_SS_5.png	1
軷	U+8EF7	U+8EF7.png	08816	08816_Web_SS_5.png	1
軸	U+8EF8	U+8EF8.png	08817	08817_Web_SS_5.png	2
軹	U+8EF9	U+8EF9.png	08818	08818_Web_SS_5.png	1
軺	U+8EFA	U+8EFA.png	08819	08819_Web_SS_5.png	1
軻	U+8EFB	U+8EFB.png	08820	08820_Web_SS_5.png	1
軼	U+8EFC	U+8EFC.png	08821	08821_Web_SS_5.png	1
軾	U+8EFE	U+8EFE.png	08822	08822_Web_SS_5.png	1
軿	U+8EFF	U+8EFF.png	08823	08823_Web_SS_5.png	1
輀	U+8F00	U+8F00.png	08824	08824_Web_SS_5.png	1
輂	U+8F02	U+8F02.png	08826	08826_Web_SS_5.png	1
較	U+8F03	U+8F03.png	08827	08827_Web_SS_0.png	1
輅	U+8F05	U+8F05.png	08828	08828_Web_SS_5.png	1
輇	U+8F07	U+8F07.png	08829	08829_Web_SS_5.png	1
輈	U+8F08	U+8F08.png	08830	08830_Web_SS_5.png	1
載	U+8F09	U+8F09.png	08831	08831_Web_SS_0.png	2
輑	U+8F11	U+8F11.png	08833	08833_Web_SS_5.png	1
輒	U+8F12	U+8F12.png	08834	08834_Web_SS_5.png	1
輓	U+8F13	U+8F13.png	08835	08835_Web_SS_5.png	1
輔	U+8F14	U+8F14.png	08836	08836_Web_SS_5.png	2
輕	U+8F15	U+8F15.png	08837	08837_Web_SS_5.png	2
輖	U+8F16	U+8F16.png	08838	08838_Web_SS_5.png	1
輗	U+8F17	U+8F17.png	08839	08839_Web_SS_5.png	1
輜	U+8F1C	U+8F1C.png	08841	08841_Web_SS_5.png	1
輟	U+8F1F	U+8F1F.png	08842	08842_Web_SS_0.png	2
輢	U+8F22	U+8F22.png	08843	08843_Web_SS_5.png	1
輣	U+8F23	U+8F23.png	08844	08844_Web_SS_5.png	1
輥	U+8F25	U+8F25.png	08846	08846_Web_SS_5.png	1
輦	U+8F26	U+8F26.png	08847	08847_Web_SS_5.png	2
輨	U+8F28	U+8F28.png	08848	08848_Web_SS_5.png	1
輩	U+8F29	U+8F29.png	08849	08849_Web_SS_5.png	2
輪	U+8F2A	U+8F2A.png	08850	08850_Web_SS_0.png	2
輬	U+8F2C	U+8F2C.png	08851	08851_Web_SS_5.png	1
輮	U+8F2E	U+8F2E.png	08852	08852_Web_SS_5.png	1
輯	U+8F2F	U+8F2F.png	08853	08853_Web_SS_0.png	2
輶	U+8F36	U+8F36.png	08854	08854_Web_SS_5.png	1
輸	U+8F38	U+8F38.png	08855	08855_Web_SS_0.png	2
輹	U+8F39	U+8F39.png	08856	08856_Web_SS_5.png	1
輻	U+8F3B	U+8F3B.png	08857	08857_Web_SS_5.png	2
輾	U+8F3E	U+8F3E.png	08859	08859_Web_SS_0.png	1
輿	U+8F3F	U+8F3F.png	08860	08860_Web_SS_5.png	2
轀	U+8F40	U+8F40.png	08861	08861_Web_SS_5.png	1
轂	U+8F42	U+8F42.png	08862	08862_Web_SS_5.png	1
轃	U+8F43	U+8F43.png	08863	08863_Web_SS_5.png	1
轄	U+8F44	U+8F44.png	08864	08864_Web_SS_5.png	1
轅	U+8F45	U+8F45.png	08865	08865_Web_SS_5.png	1
轈	U+8F48	U+8F48.png	08867	08867_Web_SS_5.png	1
轉	U+8F49	U+8F49.png	08868	08868_Web_SS_0.png	2
轍	U+8F4D	U+8F4D.png	08869	08869_Web_SS_5.png	1
轏	U+8F4F	U+8F4F.png	08871	08871_Web_SS_5.png	1
轐	U+8F50	U+8F50.png	08872	08872_Web_SS_5.png	1
轑	U+8F51	U+8F51.png	08873	08873_Web_SS_5.png	1
轒	U+8F52	U+8F52.png	08874	08874_Web_SS_5.png	1
轔	U+8F54	U+8F54.png	08876	08876_Web_SS_5.png	1
轖	U+8F56	U+8F56.png	08877	08877_Web_SS_5.png	1
轘	U+8F58	U+8F58.png	08878	08878_Web_SS_5.png	1
轙	U+8F59	U+8F59.png	08879	08879_Web_SS_5.png	1
轚	U+8F5A	U+8F5A.png	08880	08880_Web_SS_5.png	1
轛	U+8F5B	U+8F5B.png	08881	08881_Web_SS_5.png	1
轟	U+8F5F	U+8F5F.png	08883	08883_Web_SS_0.png	2
轡	U+8F61	U+8F61.png	08884	08884_Web_SS_5.png	1
轢	U+8F62	U+8F62.png	08885	08885_Web_SS_5.png	1
车	U+8F66	U+8F66.png	08886	08886_Web_SS_0.png	3
轨	U+8F68	U+8F68.png	08887	08887_Web_SS_0.png	2
轩	U+8F69	U+8F69.png	08888	08888_Web_SS_0.png	2
转	U+8F6C	U+8F6C.png	08889	08889_Web_SS_0.png	2
轮	U+8F6E	U+8F6E.png	08890	08890_Web_SS_0.png	2
软	U+8F6F	U+8F6F.png	08891	08891_Web_SS_0.png	2
轰	U+8F70	U+8F70.png	08892	08892_Web_SS_0.png	2
轴	U+8F74	U+8F74.png	08893	08893_Web_SS_0.png	2
轻	U+8F7B	U+8F7B.png	08894	08894_Web_SS_0.png	2
载	U+8F7D	U+8F7D.png	08895	08895_Web_SS_0.png	2
较	U+8F83	U+8F83.png	08896	08896_Web_SS_0.png	2
辅	U+8F85	U+8F85.png	08897	08897_Web_SS_5.png	2
辇	U+8F87	U+8F87.png	08898	08898_Web_SS_5.png	2
辈	U+8F88	U+8F88.png	08899	08899_Web_SS_0.png	2
辍	U+8F8D	U+8F8D.png	08900	08900_Web_SS_5.png	2
辐	U+8F90	U+8F90.png	08901	08901_Web_SS_5.png	2
辑	U+8F91	U+8F91.png	08902	08902_Web_SS_0.png	2
输	U+8F93	U+8F93.png	08903	08903_Web_SS_5.png	2
辗	U+8F97	U+8F97.png	08904	08904_Web_SS_0.png	2
辛	U+8F9B	U+8F9B.png	08906	08906_Web_SS_0.png	2
辜	U+8F9C	U+8F9C.png	08907	08907_Web_SS_5.png	3
辞	U+8F9E	U+8F9E.png	08909	08909_Web_SS_5.png	3
辟	U+8F9F	U+8F9F.png	08910	08910_Web_SS_1.png	3
辠	U+8FA0	U+8FA0.png	08911	08911_Web_SS_5.png	1
辡	U+8FA1	U+8FA1.png	08912	08912_Web_SS_5.png	1
辤	U+8FA4	U+8FA4.png	08913	08913_Web_SS_5.png	1
辥	U+8FA5	U+8FA5.png	08914	08914_Web_SS_5.png	1
辦	U+8FA6	U+8FA6.png	08915	08915_Web_SS_0.png	2
辧	U+8FA7	U+8FA7.png	08916	08916_Web_SS_5.png	1
辨	U+8FA8	U+8FA8.png	08917	08917_Web_SS_0.png	2
辩	U+8FA9	U+8FA9.png	08918	08918_Web_SS_5.png	2
辬	U+8FAC	U+8FAC.png	08920	08920_Web_SS_5.png	1
辭	U+8FAD	U+8FAD.png	08921	08921_Web_SS_0.png	3
辮	U+8FAE	U+8FAE.png	08922	08922_Web_SS_5.png	1
辯	U+8FAF	U+8FAF.png	08923	08923_Web_SS_5.png	2
辰	U+8FB0	U+8FB0.png	08924	08924_Web_SS_5.png	2
辱	U+8FB1	U+8FB1.png	08925	08925_Web_SS_0.png	2
農	U+8FB2	U+8FB2.png	08926	08926_Web_SS_1.png	4
辵	U+8FB5	U+8FB5.png	08927	08927_Web_SS_0.png	2
辶	U+8FB6	U+8FB6.png	08928	08928_Web_SS_5.png	1
边	U+8FB9	U+8FB9.png	08930	08930_Web_SS_0.png	2
辽	U+8FBD	U+8FBD.png	08931	08931_Web_SS_0.png	2
达	U+8FBE	U+8FBE.png	08932	08932_Web_SS_0.png	3
迀	U+8FC0	U+8FC0.png	08934	08934_Web_SS_5.png	1
迁	U+8FC1	U+8FC1.png	08935	08935_Web_SS_5.png	3
迂	U+8FC2	U+8FC2.png	08936	08936_Web_SS_0.png	2
迄	U+8FC4	U+8FC4.png	08937	08937_Web_SS_0.png	2
迅	U+8FC5	U+8FC5.png	08938	08938_Web_SS_5.png	2
迆	U+8FC6	U+8FC6.png	08939	08939_Web_SS_5.png	1
过	U+8FC7	U+8FC7.png	08940	08940_Web_SS_0.png	2
迈	U+8FC8	U+8FC8.png	08941	08941_Web_SS_0.png	3
迋	U+8FCB	U+8FCB.png	08943	08943_Web_SS_5.png	1
迎	U+8FCE	U+8FCE.png	08944	08944_Web_SS_0.png	2
运	U+8FD0	U+8FD0.png	08946	08946_Web_SS_0.png	2
近	U+8FD1	U+8FD1.png	08947	08947_Web_SS_5.png	3
迓	U+8FD3	U+8FD3.png	08948	08948_Web_SS_5.png	1
返	U+8FD4	U+8FD4.png	08949	08949_Web_SS_0.png	3
还	U+8FD8	U+8FD8.png	08950	08950_Web_SS_0.png	2
进	U+8FDB	U+8FDB.png	08951	08951_Web_SS_0.png	2
远	U+8FDC	U+8FDC.png	08952	08952_Web_SS_5.png	3
违	U+8FDD	U+8FDD.png	08953	08953_Web_SS_5.png	2
连	U+8FDE	U+8FDE.png	08954	08954_Web_SS_0.png	2
迟	U+8FDF	U+8FDF.png	08955	08955_Web_SS_5.png	4
迢	U+8FE2	U+8FE2.png	08957	08957_Web_SS_5.png	1
迣	U+8FE3	U+8FE3.png	08958	08958_Web_SS_5.png	1
迥	U+8FE5	U+8FE5.png	08959	08959_Web_SS_5.png	1
迩	U+8FE9	U+8FE9.png	08961	08961_Web_SS_5.png	1
迪	U+8FEA	U+8FEA.png	08962	08962_Web_SS_0.png	2
迫	U+8FEB	U+8FEB.png	08963	08963_Web_SS_0.png	2
迭	U+8FED	U+8FED.png	08965	08965_Web_SS_5.png	2
迮	U+8FEE	U+8FEE.png	08966	08966_Web_SS_5.png	1
述	U+8FF0	U+8FF0.png	08967	08967_Web_SS_5.png	3
迵	U+8FF5	U+8FF5.png	08970	08970_Web_SS_5.png	1
迷	U+8FF7	U+8FF7.png	08971	08971_Web_SS_5.png	2
迸	U+8FF8	U+8FF8.png	08972	08972_Web_SS_5.png	1
迹	U+8FF9	U+8FF9.png	08973	08973_Web_SS_5.png	1
迺	U+8FFA	U+8FFA.png	08974	08974_Web_SS_1.png	2
追	U+8FFD	U+8FFD.png	08976	08976_Web_SS_0.png	2
迾	U+8FFE	U+8FFE.png	08977	08977_Web_SS_5.png	1
退	U+9000	U+9000.png	08978	08978_Web_SS_5.png	4
送	U+9001	U+9001.png	08979	08979_Web_SS_5.png	3
适	U+9002	U+9002.png	08980	08980_Web_SS_5.png	2
逃	U+9003	U+9003.png	08981	08981_Web_SS_0.png	2
逅	U+9005	U+9005.png	08982	08982_Web_SS_5.png	1
逆	U+9006	U+9006.png	08983	08983_Web_SS_5.png	2
选	U+9009	U+9009.png	08984	08984_Web_SS_5.png	2
逊	U+900A	U+900A.png	08985	08985_Web_SS_5.png	2
逋	U+900B	U+900B.png	08986	08986_Web_SS_5.png	1
逍	U+900D	U+900D.png	08987	08987_Web_SS_0.png	2
逎	U+900E	U+900E.png	08988	08988_Web_SS_5.png	1
透	U+900F	U+900F.png	08989	08989_Web_SS_5.png	2
逐	U+9010	U+9010.png	08990	08990_Web_SS_5.png	2
逑	U+9011	U+9011.png	08991	08991_Web_SS_5.png	1
递	U+9012	U+9012.png	08992	08992_Web_SS_5.png	2
途	U+9014	U+9014.png	08993	08993_Web_SS_5.png	1
逖	U+9016	U+9016.png	08994	08994_Web_SS_5.png	3
逗	U+9017	U+9017.png	08995	08995_Web_SS_5.png	2
通	U+901A	U+901A.png	08996	08996_Web_SS_0.png	2
逝	U+901D	U+901D.png	08997	08997_Web_SS_0.png	2
逞	U+901E	U+901E.png	08998	08998_Web_SS_0.png	2
速	U+901F	U+901F.png	08999	08999_Web_SS_0.png	4
造	U+9020	U+9020.png	09000	09000_Web_SS_0.png	3
逡	U+9021	U+9021.png	09001	09001_Web_SS_5.png	1
逢	U+9022	U+9022.png	09002	09002_Web_SS_0.png	2
連	U+9023	U+9023.png	09003	09003_Web_SS_0.png	2
逪	U+902A	U+902A.png	09006	09006_Web_SS_5.png	1
逭	U+902D	U+902D.png	09008	09008_Web_SS_5.png	1
逮	U+902E	U+902E.png	09009	09009_Web_SS_0.png	2
逯	U+902F	U+902F.png	09010	09010_Web_SS_5.png	1
進	U+9032	U+9032.png	09011	09011_Web_SS_0.png	2
逴	U+9034	U+9034.png	09013	09013_Web_SS_5.png	1
逵	U+9035	U+9035.png	09014	09014_Web_SS_5.png	1
逶	U+9036	U+9036.png	09015	09015_Web_SS_5.png	1
逸	U+9038	U+9038.png	09016	09016_Web_SS_0.png	2
逼	U+903C	U+903C.png	09018	09018_Web_SS_5.png	2
逾	U+903E	U+903E.png	09019	09019_Web_SS_5.png	2
遁	U+9041	U+9041.png	09021	09021_Web_SS_5.png	1
遂	U+9042	U+9042.png	09022	09022_Web_SS_5.png	3
遄	U+9044	U+9044.png	09023	09023_Web_SS_5.png	1
遇	U+9047	U+9047.png	09024	09024_Web_SS_5.png	2
遊	U+904A	U+904A.png	09026	09026_Web_SS_1.png	2
運	U+904B	U+904B.png	09027	09027_Web_SS_0.png	2
遍	U+904D	U+904D.png	09028	09028_Web_SS_0.png	2
過	U+904E	U+904E.png	09029	09029_Web_SS_0.png	1
遏	U+904F	U+904F.png	09030	09030_Web_SS_5.png	2
遐	U+9050	U+9050.png	09031	09031_Web_SS_5.png	1
遑	U+9051	U+9051.png	09032	09032_Web_SS_5.png	1
遒	U+9052	U+9052.png	09033	09033_Web_SS_5.png	1
道	U+9053	U+9053.png	09034	09034_Web_SS_0.png	3
達	U+9054	U+9054.png	09035	09035_Web_SS_0.png	3
違	U+9055	U+9055.png	09036	09036_Web_SS_5.png	2
遗	U+9057	U+9057.png	09037	09037_Web_SS_0.png	2
遘	U+9058	U+9058.png	09038	09038_Web_SS_5.png	1
遙	U+9059	U+9059.png	09039	09039_Web_SS_5.png	2
遜	U+905C	U+905C.png	09041	09041_Web_SS_0.png	1
遞	U+905E	U+905E.png	09043	09043_Web_SS_5.png	2
遠	U+9060	U+9060.png	09045	09045_Web_SS_5.png	3
遣	U+9063	U+9063.png	09047	09047_Web_SS_5.png	2
遥	U+9065	U+9065.png	09049	09049_Web_SS_0.png	2
遦	U+9066	U+9066.png	09050	09050_Web_SS_5.png	1
適	U+9069	U+9069.png	09051	09051_Web_SS_0.png	2
遭	U+906D	U+906D.png	09052	09052_Web_SS_0.png	2
遮	U+906E	U+906E.png	09053	09053_Web_SS_0.png	2
遯	U+906F	U+906F.png	09054	09054_Web_SS_5.png	1
遰	U+9070	U+9070.png	09055	09055_Web_SS_5.png	1
遱	U+9071	U+9071.png	09056	09056_Web_SS_5.png	1
遲	U+9072	U+9072.png	09057	09057_Web_SS_5.png	4
遴	U+9074	U+9074.png	09058	09058_Web_SS_5.png	1
遵	U+9075	U+9075.png	09059	09059_Web_SS_0.png	2
遷	U+9077	U+9077.png	09061	09061_Web_SS_5.png	3
選	U+9078	U+9078.png	09062	09062_Web_SS_0.png	1
遹	U+9079	U+9079.png	09063	09063_Web_SS_5.png	1
遺	U+907A	U+907A.png	09064	09064_Web_SS_5.png	2
遻	U+907B	U+907B.png	09065	09065_Web_SS_5.png	1
遼	U+907C	U+907C.png	09066	09066_Web_SS_0.png	2
遽	U+907D	U+907D.png	09067	09067_Web_SS_5.png	2
避	U+907F	U+907F.png	09069	09069_Web_SS_0.png	2
邁	U+9081	U+9081.png	09071	09071_Web_SS_0.png	3
邂	U+9082	U+9082.png	09072	09072_Web_SS_5.png	1
邃	U+9083	U+9083.png	09073	09073_Web_SS_5.png	1
還	U+9084	U+9084.png	09074	09074_Web_SS_0.png	2
邇	U+9087	U+9087.png	09076	09076_Web_SS_5.png	1
邊	U+908A	U+908A.png	09077	09077_Web_SS_0.png	1
邋	U+908B	U+908B.png	09078	09078_Web_SS_5.png	1
邌	U+908C	U+908C.png	09079	09079_Web_SS_5.png	1
邍	U+908D	U+908D.png	09080	09080_Web_SS_5.png	1
邎	U+908E	U+908E.png	09081	09081_Web_SS_5.png	1
邏	U+908F	U+908F.png	09082	09082_Web_SS_5.png	1
邐	U+9090	U+9090.png	09083	09083_Web_SS_5.png	1
邑	U+9091	U+9091.png	09084	09084_Web_SS_5.png	2
邔	U+9094	U+9094.png	09086	09086_Web_SS_5.png	1
邕	U+9095	U+9095.png	09087	09087_Web_SS_5.png	3
邖	U+9096	U+9096.png	09088	09088_Web_SS_5.png	1
邗	U+9097	U+9097.png	09089	09089_Web_SS_5.png	1
邘	U+9098	U+9098.png	09090	09090_Web_SS_5.png	1
邙	U+9099	U+9099.png	09091	09091_Web_SS_5.png	1
邛	U+909B	U+909B.png	09093	09093_Web_SS_5.png	1
邞	U+909E	U+909E.png	09095	09095_Web_SS_5.png	1
邟	U+909F	U+909F.png	09096	09096_Web_SS_5.png	1
邠	U+90A0	U+90A0.png	09097	09097_Web_SS_5.png	1
邡	U+90A1	U+90A1.png	09098	09098_Web_SS_5.png	1
邢	U+90A2	U+90A2.png	09099	09099_Web_SS_5.png	1
那	U+90A3	U+90A3.png	09100	09100_Web_SS_5.png	1
邦	U+90A6	U+90A6.png	09102	09102_Web_SS_5.png	3
邧	U+90A7	U+90A7.png	09103	09103_Web_SS_5.png	1
邨	U+90A8	U+90A8.png	09104	09104_Web_SS_5.png	1
邩	U+90A9	U+90A9.png	09105	09105_Web_SS_5.png	1
邪	U+90AA	U+90AA.png	09106	09106_Web_SS_5.png	1
邭	U+90AD	U+90AD.png	09107	09107_Web_SS_5.png	1
邮	U+90AE	U+90AE.png	09108	09108_Web_SS_0.png	2
邯	U+90AF	U+90AF.png	09109	09109_Web_SS_5.png	1
邰	U+90B0	U+90B0.png	09110	09110_Web_SS_5.png	1
邱	U+90B1	U+90B1.png	09111	09111_Web_SS_5.png	1
邲	U+90B2	U+90B2.png	09112	09112_Web_SS_5.png	1
邳	U+90B3	U+90B3.png	09113	09113_Web_SS_5.png	1
邴	U+90B4	U+90B4.png	09114	09114_Web_SS_5.png	1
邵	U+90B5	U+90B5.png	09115	09115_Web_SS_5.png	1
邶	U+90B6	U+90B6.png	09116	09116_Web_SS_5.png	1
邸	U+90B8	U+90B8.png	09117	09117_Web_SS_0.png	2
邻	U+90BB	U+90BB.png	09119	09119_Web_SS_5.png	2
邼	U+90BC	U+90BC.png	09120	09120_Web_SS_5.png	1
邽	U+90BD	U+90BD.png	09121	09121_Web_SS_5.png	1
邾	U+90BE	U+90BE.png	09122	09122_Web_SS_5.png	1
邿	U+90BF	U+90BF.png	09123	09123_Web_SS_5.png	1
郁	U+90C1	U+90C1.png	09125	09125_Web_SS_5.png	2
郂	U+90C2	U+90C2.png	09126	09126_Web_SS_5.png	1
郃	U+90C3	U+90C3.png	09127	09127_Web_SS_5.png	1
郄	U+90C4	U+90C4.png	09128	09128_Web_SS_5.png	1
郅	U+90C5	U+90C5.png	09129	09129_Web_SS_5.png	1
郇	U+90C7	U+90C7.png	09130	09130_Web_SS_5.png	1
郈	U+90C8	U+90C8.png	09131	09131_Web_SS_5.png	1
郉	U+90C9	U+90C9.png	09132	09132_Web_SS_5.png	1
郊	U+90CA	U+90CA.png	09133	09133_Web_SS_5.png	2
郋	U+90CB	U+90CB.png	09134	09134_Web_SS_5.png	1
郎	U+90CE	U+90CE.png	09136	09136_Web_SS_5.png	2
郔	U+90D4	U+90D4.png	09138	09138_Web_SS_5.png	1
郕	U+90D5	U+90D5.png	09139	09139_Web_SS_5.png	1
郖	U+90D6	U+90D6.png	09140	09140_Web_SS_5.png	1
郗	U+90D7	U+90D7.png	09141	09141_Web_SS_5.png	1
郙	U+90D9	U+90D9.png	09143	09143_Web_SS_5.png	1
郚	U+90DA	U+90DA.png	09144	09144_Web_SS_5.png	1
郛	U+90DB	U+90DB.png	09145	09145_Web_SS_5.png	1
郜	U+90DC	U+90DC.png	09146	09146_Web_SS_5.png	1
郝	U+90DD	U+90DD.png	09147	09147_Web_SS_5.png	1
郟	U+90DF	U+90DF.png	09148	09148_Web_SS_5.png	1
郠	U+90E0	U+90E0.png	09149	09149_Web_SS_5.png	1
郡	U+90E1	U+90E1.png	09150	09150_Web_SS_5.png	1
郢	U+90E2	U+90E2.png	09151	09151_Web_SS_5.png	1
郣	U+90E3	U+90E3.png	09152	09152_Web_SS_5.png	1
郤	U+90E4	U+90E4.png	09153	09153_Web_SS_5.png	1
部	U+90E8	U+90E8.png	09154	09154_Web_SS_5.png	2
郪	U+90EA	U+90EA.png	09156	09156_Web_SS_5.png	1
郫	U+90EB	U+90EB.png	09157	09157_Web_SS_5.png	1
郭	U+90ED	U+90ED.png	09159	09159_Web_SS_5.png	3
郯	U+90EF	U+90EF.png	09161	09161_Web_SS_5.png	1
郰	U+90F0	U+90F0.png	09162	09162_Web_SS_5.png	1
郱	U+90F1	U+90F1.png	09163	09163_Web_SS_5.png	1
郳	U+90F3	U+90F3.png	09165	09165_Web_SS_5.png	1
郴	U+90F4	U+90F4.png	09166	09166_Web_SS_5.png	1
郵	U+90F5	U+90F5.png	09167	09167_Web_SS_0.png	2
郹	U+90F9	U+90F9.png	09169	09169_Web_SS_5.png	1
都	U+90FD	U+90FD.png	09170	09170_Web_SS_5.png	2
郾	U+90FE	U+90FE.png	09171	09171_Web_SS_5.png	1
郿	U+90FF	U+90FF.png	09172	09172_Web_SS_5.png	1
鄂	U+9102	U+9102.png	09174	09174_Web_SS_5.png	1
鄃	U+9103	U+9103.png	09175	09175_Web_SS_5.png	1
鄄	U+9104	U+9104.png	09176	09176_Web_SS_5.png	1
鄅	U+9105	U+9105.png	09177	09177_Web_SS_5.png	1
鄆	U+9106	U+9106.png	09178	09178_Web_SS_5.png	1
鄇	U+9107	U+9107.png	09179	09179_Web_SS_5.png	1
鄈	U+9108	U+9108.png	09180	09180_Web_SS_5.png	1
鄉	U+9109	U+9109.png	09181	09181_Web_SS_5.png	1
鄋	U+910B	U+910B.png	09183	09183_Web_SS_5.png	1
鄍	U+910D	U+910D.png	09184	09184_Web_SS_5.png	1
鄎	U+910E	U+910E.png	09185	09185_Web_SS_5.png	1
鄏	U+910F	U+910F.png	09186	09186_Web_SS_5.png	1
鄐	U+9110	U+9110.png	09187	09187_Web_SS_5.png	1
鄑	U+9111	U+9111.png	09188	09188_Web_SS_5.png	1
鄔	U+9114	U+9114.png	09190	09190_Web_SS_5.png	1
鄖	U+9116	U+9116.png	09191	09191_Web_SS_5.png	1
鄗	U+9117	U+9117.png	09192	09192_Web_SS_5.png	1
鄘	U+9118	U+9118.png	09193	09193_Web_SS_5.png	1
鄙	U+9119	U+9119.png	09194	09194_Web_SS_5.png	1
鄚	U+911A	U+911A.png	09195	09195_Web_SS_5.png	1
鄛	U+911B	U+911B.png	09196	09196_Web_SS_5.png	1
鄜	U+911C	U+911C.png	09197	09197_Web_SS_5.png	1
鄝	U+911D	U+911D.png	09198	09198_Web_SS_5.png	1
鄞	U+911E	U+911E.png	09199	09199_Web_SS_5.png	1
鄠	U+9120	U+9120.png	09201	09201_Web_SS_5.png	1
鄡	U+9121	U+9121.png	09202	09202_Web_SS_5.png	1
鄢	U+9122	U+9122.png	09203	09203_Web_SS_5.png	1
鄣	U+9123	U+9123.png	09204	09204_Web_SS_5.png	1
鄦	U+9126	U+9126.png	09207	09207_Web_SS_5.png	1
鄧	U+9127	U+9127.png	09208	09208_Web_SS_5.png	1
鄨	U+9128	U+9128.png	09209	09209_Web_SS_5.png	1
鄩	U+9129	U+9129.png	09210	09210_Web_SS_5.png	1
鄫	U+912B	U+912B.png	09211	09211_Web_SS_5.png	1
鄬	U+912C	U+912C.png	09212	09212_Web_SS_5.png	1
鄮	U+912E	U+912E.png	09214	09214_Web_SS_5.png	1
鄯	U+912F	U+912F.png	09215	09215_Web_SS_5.png	1
鄰	U+9130	U+9130.png	09216	09216_Web_SS_5.png	2
鄱	U+9131	U+9131.png	09217	09217_Web_SS_5.png	1
鄲	U+9132	U+9132.png	09218	09218_Web_SS_5.png	1
鄳	U+9133	U+9133.png	09219	09219_Web_SS_5.png	1
鄴	U+9134	U+9134.png	09220	09220_Web_SS_5.png	1
鄶	U+9136	U+9136.png	09222	09222_Web_SS_5.png	1
鄻	U+913B	U+913B.png	09224	09224_Web_SS_5.png	1
鄾	U+913E	U+913E.png	09225	09225_Web_SS_5.png	1
酀	U+9140	U+9140.png	09226	09226_Web_SS_5.png	1
酁	U+9141	U+9141.png	09227	09227_Web_SS_5.png	1
酃	U+9143	U+9143.png	09229	09229_Web_SS_5.png	1
酄	U+9144	U+9144.png	09230	09230_Web_SS_5.png	1
酅	U+9145	U+9145.png	09231	09231_Web_SS_5.png	1
酆	U+9146	U+9146.png	09232	09232_Web_SS_5.png	1
酇	U+9147	U+9147.png	09233	09233_Web_SS_5.png	1
酈	U+9148	U+9148.png	09234	09234_Web_SS_5.png	1
酉	U+9149	U+9149.png	09235	09235_Web_SS_0.png	3
酊	U+914A	U+914A.png	09236	09236_Web_SS_5.png	1
酋	U+914B	U+914B.png	09237	09237_Web_SS_0.png	2
酌	U+914C	U+914C.png	09238	09238_Web_SS_5.png	2
配	U+914D	U+914D.png	09239	09239_Web_SS_5.png	2
酎	U+914E	U+914E.png	09240	09240_Web_SS_5.png	1
酏	U+914F	U+914F.png	09241	09241_Web_SS_5.png	1
酒	U+9152	U+9152.png	09242	09242_Web_SS_0.png	2
酓	U+9153	U+9153.png	09243	09243_Web_SS_5.png	1
酖	U+9156	U+9156.png	09244	09244_Web_SS_5.png	1
酗	U+9157	U+9157.png	09245	09245_Web_SS_0.png	2
酢	U+9162	U+9162.png	09246	09246_Web_SS_5.png	1
酣	U+9163	U+9163.png	09247	09247_Web_SS_5.png	2
酤	U+9164	U+9164.png	09248	09248_Web_SS_5.png	1
酨	U+9168	U+9168.png	09249	09249_Web_SS_5.png	1
酩	U+9169	U+9169.png	09250	09250_Web_SS_5.png	1
酪	U+916A	U+916A.png	09251	09251_Web_SS_5.png	1
酬	U+916C	U+916C.png	09252	09252_Web_SS_1.png	3
酱	U+9171	U+9171.png	09254	09254_Web_SS_0.png	4
酲	U+9172	U+9172.png	09255	09255_Web_SS_5.png	1
酴	U+9174	U+9174.png	09256	09256_Web_SS_5.png	1
酷	U+9177	U+9177.png	09258	09258_Web_SS_5.png	1
酸	U+9178	U+9178.png	09259	09259_Web_SS_0.png	4
酹	U+9179	U+9179.png	09260	09260_Web_SS_5.png	1
酺	U+917A	U+917A.png	09261	09261_Web_SS_5.png	1
酿	U+917F	U+917F.png	09262	09262_Web_SS_5.png	2
醅	U+9185	U+9185.png	09263	09263_Web_SS_5.png	1
醆	U+9186	U+9186.png	09264	09264_Web_SS_5.png	1
醇	U+9187	U+9187.png	09265	09265_Web_SS_5.png	2
醉	U+9189	U+9189.png	09267	09267_Web_SS_0.png	2
醋	U+918B	U+918B.png	09268	09268_Web_SS_0.png	2
醍	U+918D	U+918D.png	09269	09269_Web_SS_5.png	1
醐	U+9190	U+9190.png	09270	09270_Web_SS_5.png	1
醒	U+9192	U+9192.png	09271	09271_Web_SS_5.png	2
醜	U+919C	U+919C.png	09272	09272_Web_SS_0.png	2
醞	U+919E	U+919E.png	09273	09273_Web_SS_5.png	1
醟	U+919F	U+919F.png	09274	09274_Web_SS_5.png	1
醠	U+91A0	U+91A0.png	09275	09275_Web_SS_5.png	1
醢	U+91A2	U+91A2.png	09276	09276_Web_SS_5.png	1
醧	U+91A7	U+91A7.png	09277	09277_Web_SS_5.png	1
醨	U+91A8	U+91A8.png	09278	09278_Web_SS_5.png	1
醪	U+91AA	U+91AA.png	09279	09279_Web_SS_5.png	1
醫	U+91AB	U+91AB.png	09280	09280_Web_SS_0.png	2
醬	U+91AC	U+91AC.png	09281	09281_Web_SS_0.png	4
醮	U+91AE	U+91AE.png	09282	09282_Web_SS_5.png	1
醯	U+91AF	U+91AF.png	09283	09283_Web_SS_5.png	1
醰	U+91B0	U+91B0.png	09284	09284_Web_SS_5.png	1
醲	U+91B2	U+91B2.png	09285	09285_Web_SS_5.png	1
醴	U+91B4	U+91B4.png	09286	09286_Web_SS_5.png	1
醵	U+91B5	U+91B5.png	09287	09287_Web_SS_5.png	1
醹	U+91B9	U+91B9.png	09288	09288_Web_SS_5.png	1
醺	U+91BA	U+91BA.png	09289	09289_Web_SS_5.png	1
醻	U+91BB	U+91BB.png	09290	09290_Web_SS_5.png	1
釀	U+91C0	U+91C0.png	09291	09291_Web_SS_5.png	2
釁	U+91C1	U+91C1.png	09292	09292_Web_SS_5.png	1
釂	U+91C2	U+91C2.png	09293	09293_Web_SS_5.png	1
釃	U+91C3	U+91C3.png	09294	09294_Web_SS_5.png	1
釆	U+91C6	U+91C6.png	09295	09295_Web_SS_0.png	2
采	U+91C7	U+91C7.png	09296	09296_Web_SS_0.png	2
释	U+91CA	U+91CA.png	09297	09297_Web_SS_0.png	2
釋	U+91CB	U+91CB.png	09298	09298_Web_SS_5.png	2
里	U+91CC	U+91CC.png	09299	09299_Web_SS_0.png	2
重	U+91CD	U+91CD.png	09300	09300_Web_SS_0.png	2
野	U+91CE	U+91CE.png	09301	09301_Web_SS_0.png	3
量	U+91CF	U+91CF.png	09302	09302_Web_SS_5.png	3
釐	U+91D0	U+91D0.png	09303	09303_Web_SS_5.png	2
金	U+91D1	U+91D1.png	09304	09304_Web_SS_0.png	3
釗	U+91D7	U+91D7.png	09305	09305_Web_SS_5.png	1
釘	U+91D8	U+91D8.png	09306	09306_Web_SS_5.png	2
釜	U+91DC	U+91DC.png	09307	09307_Web_SS_5.png	1
釣	U+91E3	U+91E3.png	09309	09309_Web_SS_0.png	2
釦	U+91E6	U+91E6.png	09310	09310_Web_SS_5.png	1
釧	U+91E7	U+91E7.png	09311	09311_Web_SS_5.png	1
釫	U+91EB	U+91EB.png	09313	09313_Web_SS_5.png	1
釭	U+91ED	U+91ED.png	09315	09315_Web_SS_5.png	1
釱	U+91F1	U+91F1.png	09317	09317_Web_SS_5.png	1
釳	U+91F3	U+91F3.png	09318	09318_Web_SS_5.png	1
釵	U+91F5	U+91F5.png	09320	09320_Web_SS_5.png	1
釽	U+91FD	U+91FD.png	09321	09321_Web_SS_5.png	1
釾	U+91FE	U+91FE.png	09322	09322_Web_SS_5.png	1
釿	U+91FF	U+91FF.png	09323	09323_Web_SS_5.png	1
鈀	U+9200	U+9200.png	09324	09324_Web_SS_5.png	1
鈁	U+9201	U+9201.png	09325	09325_Web_SS_5.png	1
鈂	U+9202	U+9202.png	09326	09326_Web_SS_5.png	1
鈃	U+9203	U+9203.png	09327	09327_Web_SS_5.png	1
鈇	U+9207	U+9207.png	09328	09328_Web_SS_5.png	1
鈋	U+920B	U+920B.png	09329	09329_Web_SS_5.png	1
鈌	U+920C	U+920C.png	09330	09330_Web_SS_5.png	1
鈍	U+920D	U+920D.png	09331	09331_Web_SS_5.png	2
鈏	U+920F	U+920F.png	09332	09332_Web_SS_5.png	1
鈐	U+9210	U+9210.png	09333	09333_Web_SS_5.png	1
鈒	U+9212	U+9212.png	09335	09335_Web_SS_5.png	1
鈔	U+9214	U+9214.png	09336	09336_Web_SS_0.png	2
鈕	U+9215	U+9215.png	09337	09337_Web_SS_0.png	3
鈗	U+9217	U+9217.png	09338	09338_Web_SS_5.png	1
鈙	U+9219	U+9219.png	09339	09339_Web_SS_5.png	1
鈞	U+921E	U+921E.png	09341	09341_Web_SS_0.png	3
鈭	U+922D	U+922D.png	09345	09345_Web_SS_5.png	1
鈴	U+9234	U+9234.png	09347	09347_Web_SS_0.png	2
鈶	U+9236	U+9236.png	09348	09348_Web_SS_5.png	1
鈹	U+9239	U+9239.png	09350	09350_Web_SS_5.png	1
鈿	U+923F	U+923F.png	09351	09351_Web_SS_5.png	1
鉅	U+9245	U+9245.png	09352	09352_Web_SS_5.png	1
鉆	U+9246	U+9246.png	09353	09353_Web_SS_5.png	1
鉈	U+9248	U+9248.png	09354	09354_Web_SS_5.png	1
鉉	U+9249	U+9249.png	09355	09355_Web_SS_5.png	1
鉊	U+924A	U+924A.png	09356	09356_Web_SS_5.png	1
鉏	U+924F	U+924F.png	09357	09357_Web_SS_5.png	1
鉗	U+9257	U+9257.png	09360	09360_Web_SS_5.png	2
鉛	U+925B	U+925B.png	09363	09363_Web_SS_5.png	1
鉞	U+925E	U+925E.png	09364	09364_Web_SS_5.png	1
鉣	U+9263	U+9263.png	09366	09366_Web_SS_5.png	1
鉤	U+9264	U+9264.png	09367	09367_Web_SS_0.png	2
鉥	U+9265	U+9265.png	09368	09368_Web_SS_5.png	1
鉦	U+9266	U+9266.png	09369	09369_Web_SS_5.png	1
鉴	U+9274	U+9274.png	09372	09372_Web_SS_0.png	2
鉵	U+9275	U+9275.png	09373	09373_Web_SS_5.png	1
鉶	U+9276	U+9276.png	09374	09374_Web_SS_5.png	1
鉹	U+9279	U+9279.png	09376	09376_Web_SS_5.png	1
鉻	U+927B	U+927B.png	09377	09377_Web_SS_5.png	1
銀	U+9280	U+9280.png	09379	09379_Web_SS_0.png	2
銅	U+9285	U+9285.png	09381	09381_Web_SS_5.png	2
銍	U+928D	U+928D.png	09382	09382_Web_SS_5.png	1
銎	U+928E	U+928E.png	09383	09383_Web_SS_5.png	1
銑	U+9291	U+9291.png	09384	09384_Web_SS_5.png	1
銒	U+9292	U+9292.png	09385	09385_Web_SS_5.png	1
銓	U+9293	U+9293.png	09386	09386_Web_SS_5.png	1
銕	U+9295	U+9295.png	09387	09387_Web_SS_5.png	1
銖	U+9296	U+9296.png	09388	09388_Web_SS_5.png	1
銘	U+9298	U+9298.png	09389	09389_Web_SS_0.png	2
銚	U+929A	U+929A.png	09390	09390_Web_SS_5.png	1
銛	U+929B	U+929B.png	09391	09391_Web_SS_5.png	1
銜	U+929C	U+929C.png	09392	09392_Web_SS_5.png	2
銳	U+92B3	U+92B3.png	09395	09395_Web_SS_0.png	3
銴	U+92B4	U+92B4.png	09396	09396_Web_SS_5.png	1
銷	U+92B7	U+92B7.png	09397	09397_Web_SS_5.png	2
銸	U+92B8	U+92B8.png	09398	09398_Web_SS_5.png	1
銻	U+92BB	U+92BB.png	09399	09399_Web_SS_5.png	1
銼	U+92BC	U+92BC.png	09400	09400_Web_SS_5.png	1
銽	U+92BD	U+92BD.png	09401	09401_Web_SS_5.png	1
鋃	U+92C3	U+92C3.png	09404	09404_Web_SS_5.png	1
鋈	U+92C8	U+92C8.png	09405	09405_Web_SS_5.png	1
鋊	U+92CA	U+92CA.png	09406	09406_Web_SS_5.png	1
鋋	U+92CB	U+92CB.png	09407	09407_Web_SS_5.png	1
鋌	U+92CC	U+92CC.png	09408	09408_Web_SS_5.png	1
鋏	U+92CF	U+92CF.png	09409	09409_Web_SS_5.png	1
鋒	U+92D2	U+92D2.png	09410	09410_Web_SS_5.png	2
鋗	U+92D7	U+92D7.png	09411	09411_Web_SS_5.png	1
鋙	U+92D9	U+92D9.png	09412	09412_Web_SS_5.png	1
鋚	U+92DA	U+92DA.png	09413	09413_Web_SS_5.png	1
鋞	U+92DE	U+92DE.png	09415	09415_Web_SS_5.png	1
鋤	U+92E4	U+92E4.png	09416	09416_Web_SS_0.png	1
鋪	U+92EA	U+92EA.png	09418	09418_Web_SS_0.png	2
鋸	U+92F8	U+92F8.png	09420	09420_Web_SS_5.png	2
鋻	U+92FB	U+92FB.png	09421	09421_Web_SS_5.png	1
錄	U+9304	U+9304.png	09423	09423_Web_SS_0.png	1
錉	U+9309	U+9309.png	09425	09425_Web_SS_5.png	1
錍	U+930D	U+930D.png	09426	09426_Web_SS_5.png	1
錏	U+930F	U+930F.png	09427	09427_Web_SS_5.png	1
錐	U+9310	U+9310.png	09428	09428_Web_SS_5.png	2
錔	U+9314	U+9314.png	09429	09429_Web_SS_5.png	1
錗	U+9317	U+9317.png	09430	09430_Web_SS_5.png	1
錘	U+9318	U+9318.png	09431	09431_Web_SS_5.png	1
錙	U+9319	U+9319.png	09432	09432_Web_SS_5.png	1
錚	U+931A	U+931A.png	09433	09433_Web_SS_5.png	1
錞	U+931E	U+931E.png	09435	09435_Web_SS_5.png	1
錟	U+931F	U+931F.png	09436	09436_Web_SS_5.png	1
錠	U+9320	U+9320.png	09437	09437_Web_SS_5.png	1
錡	U+9321	U+9321.png	09438	09438_Web_SS_5.png	1
錢	U+9322	U+9322.png	09439	09439_Web_SS_0.png	2
錦	U+9326	U+9326.png	09440	09440_Web_SS_0.png	2
錪	U+932A	U+932A.png	09441	09441_Web_SS_5.png	1
錫	U+932B	U+932B.png	09442	09442_Web_SS_5.png	2
錭	U+932D	U+932D.png	09443	09443_Web_SS_5.png	1
錮	U+932E	U+932E.png	09444	09444_Web_SS_5.png	1
錯	U+932F	U+932F.png	09445	09445_Web_SS_0.png	2
鍇	U+9347	U+9347.png	09449	09449_Web_SS_5.png	1
鍊	U+934A	U+934A.png	09451	09451_Web_SS_0.png	2
鍑	U+9351	U+9351.png	09452	09452_Web_SS_5.png	1
鍒	U+9352	U+9352.png	09453	09453_Web_SS_5.png	1
鍛	U+935B	U+935B.png	09455	09455_Web_SS_5.png	2
鍜	U+935C	U+935C.png	09456	09456_Web_SS_5.png	1
鍠	U+9360	U+9360.png	09457	09457_Web_SS_5.png	1
鍡	U+9361	U+9361.png	09458	09458_Web_SS_5.png	1
鍤	U+9364	U+9364.png	09459	09459_Web_SS_5.png	1
鍥	U+9365	U+9365.png	09460	09460_Web_SS_5.png	1
鍪	U+936A	U+936A.png	09461	09461_Web_SS_5.png	1
鍭	U+936D	U+936D.png	09462	09462_Web_SS_5.png	1
鍰	U+9370	U+9370.png	09464	09464_Web_SS_5.png	1
鍱	U+9371	U+9371.png	09465	09465_Web_SS_5.png	1
鍵	U+9375	U+9375.png	09467	09467_Web_SS_0.png	2
鍼	U+937C	U+937C.png	09469	09469_Web_SS_5.png	1
鍾	U+937E	U+937E.png	09470	09470_Web_SS_5.png	2
鎌	U+938C	U+938C.png	09474	09474_Web_SS_5.png	1
鎎	U+938E	U+938E.png	09475	09475_Web_SS_5.png	1
鎒	U+9392	U+9392.png	09476	09476_Web_SS_5.png	1
鎕	U+9395	U+9395.png	09477	09477_Web_SS_5.png	1
鎖	U+9396	U+9396.png	09478	09478_Web_SS_5.png	2
鎗	U+9397	U+9397.png	09479	09479_Web_SS_5.png	1
鎛	U+939B	U+939B.png	09481	09481_Web_SS_5.png	1
鎡	U+93A1	U+93A1.png	09482	09482_Web_SS_5.png	1
鎣	U+93A3	U+93A3.png	09483	09483_Web_SS_5.png	1
鎦	U+93A6	U+93A6.png	09484	09484_Web_SS_5.png	1
鎧	U+93A7	U+93A7.png	09485	09485_Web_SS_5.png	1
鎩	U+93A9	U+93A9.png	09486	09486_Web_SS_5.png	1
鎬	U+93AC	U+93AC.png	09487	09487_Web_SS_5.png	1
鎭	U+93AD	U+93AD.png	09488	09488_Web_SS_5.png	1
鎮	U+93AE	U+93AE.png	09489	09489_Web_SS_0.png	2
鏃	U+93C3	U+93C3.png	09492	09492_Web_SS_5.png	1
鏇	U+93C7	U+93C7.png	09493	09493_Web_SS_5.png	1
鏈	U+93C8	U+93C8.png	09494	09494_Web_SS_5.png	2
鏉	U+93C9	U+93C9.png	09495	09495_Web_SS_5.png	1
鏌	U+93CC	U+93CC.png	09496	09496_Web_SS_5.png	1
鏏	U+93CF	U+93CF.png	09497	09497_Web_SS_5.png	1
鏐	U+93D0	U+93D0.png	09498	09498_Web_SS_5.png	1
鏑	U+93D1	U+93D1.png	09499	09499_Web_SS_5.png	1
鏓	U+93D3	U+93D3.png	09500	09500_Web_SS_5.png	1
鏜	U+93DC	U+93DC.png	09502	09502_Web_SS_5.png	1
鏝	U+93DD	U+93DD.png	09503	09503_Web_SS_5.png	1
鏞	U+93DE	U+93DE.png	09504	09504_Web_SS_5.png	1
鏟	U+93DF	U+93DF.png	09505	09505_Web_SS_0.png	2
鏠	U+93E0	U+93E0.png	09506	09506_Web_SS_5.png	1
鏡	U+93E1	U+93E1.png	09507	09507_Web_SS_5.png	2
鏢	U+93E2	U+93E2.png	09508	09508_Web_SS_5.png	1
鏤	U+93E4	U+93E4.png	09509	09509_Web_SS_5.png	2
鏦	U+93E6	U+93E6.png	09510	09510_Web_SS_5.png	1
鏨	U+93E8	U+93E8.png	09511	09511_Web_SS_5.png	1
鏶	U+93F6	U+93F6.png	09512	09512_Web_SS_5.png	1
鐂	U+9402	U+9402.png	09514	09514_Web_SS_5.png	1
鐃	U+9403	U+9403.png	09515	09515_Web_SS_5.png	1
鐅	U+9405	U+9405.png	09517	09517_Web_SS_5.png	1
鐆	U+9406	U+9406.png	09518	09518_Web_SS_5.png	1
鐈	U+9408	U+9408.png	09519	09519_Web_SS_5.png	1
鐉	U+9409	U+9409.png	09520	09520_Web_SS_5.png	1
鐊	U+940A	U+940A.png	09521	09521_Web_SS_5.png	1
鐍	U+940D	U+940D.png	09522	09522_Web_SS_5.png	1
鐎	U+940E	U+940E.png	09523	09523_Web_SS_5.png	1
鐏	U+940F	U+940F.png	09524	09524_Web_SS_5.png	1
鐐	U+9410	U+9410.png	09525	09525_Web_SS_5.png	1
鐓	U+9413	U+9413.png	09526	09526_Web_SS_5.png	1
鐔	U+9414	U+9414.png	09527	09527_Web_SS_5.png	1
鐕	U+9415	U+9415.png	09528	09528_Web_SS_5.png	1
鐘	U+9418	U+9418.png	09529	09529_Web_SS_0.png	2
鐙	U+9419	U+9419.png	09530	09530_Web_SS_5.png	1
鐜	U+941C	U+941C.png	09531	09531_Web_SS_5.png	1
鐧	U+9427	U+9427.png	09532	09532_Web_SS_5.png	1
鐪	U+942A	U+942A.png	09533	09533_Web_SS_5.png	1
鐲	U+9432	U+9432.png	09535	09535_Web_SS_5.png	1
鐵	U+9435	U+9435.png	09536	09536_Web_SS_5.png	1
鐸	U+9438	U+9438.png	09538	09538_Web_SS_5.png	1
鐻	U+943B	U+943B.png	09540	09540_Web_SS_5.png	1
鐼	U+943C	U+943C.png	09541	09541_Web_SS_5.png	1
鑄	U+9444	U+9444.png	09542	09542_Web_SS_5.png	1
鑋	U+944B	U+944B.png	09544	09544_Web_SS_5.png	1
鑑	U+9451	U+9451.png	09546	09546_Web_SS_0.png	2
鑗	U+9457	U+9457.png	09547	09547_Web_SS_5.png	1
鑠	U+9460	U+9460.png	09549	09549_Web_SS_5.png	2
鑢	U+9462	U+9462.png	09550	09550_Web_SS_5.png	1
鑣	U+9463	U+9463.png	09551	09551_Web_SS_5.png	1
鑪	U+946A	U+946A.png	09552	09552_Web_SS_5.png	1
鑮	U+946E	U+946E.png	09553	09553_Web_SS_5.png	1
鑯	U+946F	U+946F.png	09554	09554_Web_SS_5.png	1
鑱	U+9471	U+9471.png	09555	09555_Web_SS_5.png	1
鑲	U+9472	U+9472.png	09556	09556_Web_SS_0.png	2
鑴	U+9474	U+9474.png	09557	09557_Web_SS_5.png	1
鑸	U+9478	U+9478.png	09559	09559_Web_SS_5.png	1
鑺	U+947A	U+947A.png	09560	09560_Web_SS_5.png	1
鑽	U+947D	U+947D.png	09561	09561_Web_SS_0.png	2
鑾	U+947E	U+947E.png	09562	09562_Web_SS_5.png	1
鑿	U+947F	U+947F.png	09563	09563_Web_SS_5.png	1
钀	U+9480	U+9480.png	09564	09564_Web_SS_5.png	1
钁	U+9481	U+9481.png	09565	09565_Web_SS_5.png	1
钉	U+9489	U+9489.png	09566	09566_Web_SS_0.png	2
钓	U+9493	U+9493.png	09567	09567_Web_SS_0.png	2
钝	U+949D	U+949D.png	09569	09569_Web_SS_5.png	2
钞	U+949E	U+949E.png	09570	09570_Web_SS_5.png	2
钟	U+949F	U+949F.png	09571	09571_Web_SS_5.png	3
钦	U+94A6	U+94A6.png	09572	09572_Web_SS_5.png	2
钧	U+94A7	U+94A7.png	09573	09573_Web_SS_0.png	3
钩	U+94A9	U+94A9.png	09574	09574_Web_SS_0.png	2
钮	U+94AE	U+94AE.png	09575	09575_Web_SS_5.png	3
钱	U+94B1	U+94B1.png	09576	09576_Web_SS_0.png	2
钳	U+94B3	U+94B3.png	09577	09577_Web_SS_5.png	2
钻	U+94BB	U+94BB.png	09578	09578_Web_SS_0.png	2
铃	U+94C3	U+94C3.png	09579	09579_Web_SS_5.png	2
铄	U+94C4	U+94C4.png	09580	09580_Web_SS_5.png	2
铜	U+94DC	U+94DC.png	09582	09582_Web_SS_5.png	2
铭	U+94ED	U+94ED.png	09583	09583_Web_SS_0.png	2
铲	U+94F2	U+94F2.png	09584	09584_Web_SS_0.png	2
银	U+94F6	U+94F6.png	09586	09586_Web_SS_0.png	2
铺	U+94FA	U+94FA.png	09587	09587_Web_SS_5.png	2
链	U+94FE	U+94FE.png	09588	09588_Web_SS_5.png	2
销	U+9500	U+9500.png	09589	09589_Web_SS_0.png	2
锁	U+9501	U+9501.png	09590	09590_Web_SS_5.png	2
锄	U+9504	U+9504.png	09591	09591_Web_SS_5.png	2
锋	U+950B	U+950B.png	09593	09593_Web_SS_5.png	2
锐	U+9510	U+9510.png	09594	09594_Web_SS_0.png	3
错	U+9519	U+9519.png	09595	09595_Web_SS_0.png	2
锡	U+9521	U+9521.png	09596	09596_Web_SS_0.png	2
锥	U+9525	U+9525.png	09597	09597_Web_SS_5.png	2
锦	U+9526	U+9526.png	09598	09598_Web_SS_0.png	2
键	U+952E	U+952E.png	09599	09599_Web_SS_0.png	2
锯	U+952F	U+952F.png	09600	09600_Web_SS_5.png	2
锺	U+953A	U+953A.png	09601	09601_Web_SS_0.png	2
锻	U+953B	U+953B.png	09602	09602_Web_SS_5.png	2
镂	U+9542	U+9542.png	09603	09603_Web_SS_5.png	2
镇	U+9547	U+9547.png	09604	09604_Web_SS_5.png	2
镜	U+955C	U+955C.png	09605	09605_Web_SS_5.png	2
镶	U+9576	U+9576.png	09606	09606_Web_SS_5.png	2
長	U+9577	U+9577.png	09607	09607_Web_SS_2.png	3
镻	U+957B	U+957B.png	09609	09609_Web_SS_5.png	1
镾	U+957E	U+957E.png	09610	09610_Web_SS_5.png	1
长	U+957F	U+957F.png	09611	09611_Web_SS_2.png	4
門	U+9580	U+9580.png	09612	09612_Web_SS_5.png	2
閃	U+9583	U+9583.png	09613	09613_Web_SS_0.png	2
閈	U+9588	U+9588.png	09614	09614_Web_SS_5.png	1
閉	U+9589	U+9589.png	09615	09615_Web_SS_0.png	2
開	U+958B	U+958B.png	09616	09616_Web_SS_1.png	3
閌	U+958C	U+958C.png	09617	09617_Web_SS_5.png	1
閎	U+958E	U+958E.png	09618	09618_Web_SS_5.png	1
閏	U+958F	U+958F.png	09619	09619_Web_SS_5.png	1
閑	U+9591	U+9591.png	09620	09620_Web_SS_0.png	2
閒	U+9592	U+9592.png	09621	09621_Web_SS_1.png	3
間	U+9593	U+9593.png	09622	09622_Web_SS_0.png	3
閔	U+9594	U+9594.png	09623	09623_Web_SS_5.png	1
閘	U+9598	U+9598.png	09625	09625_Web_SS_5.png	1
閜	U+959C	U+959C.png	09626	09626_Web_SS_5.png	1
閞	U+959E	U+959E.png	09627	09627_Web_SS_5.png	1
閟	U+959F	U+959F.png	09628	09628_Web_SS_5.png	1
閡	U+95A1	U+95A1.png	09629	09629_Web_SS_5.png	1
閣	U+95A3	U+95A3.png	09630	09630_Web_SS_0.png	2
閤	U+95A4	U+95A4.png	09631	09631_Web_SS_5.png	1
閥	U+95A5	U+95A5.png	09632	09632_Web_SS_5.png	1
閨	U+95A8	U+95A8.png	09633	09633_Web_SS_0.png	2
閩	U+95A9	U+95A9.png	09634	09634_Web_SS_5.png	2
閬	U+95AC	U+95AC.png	09635	09635_Web_SS_5.png	1
閭	U+95AD	U+95AD.png	09636	09636_Web_SS_5.png	1
閱	U+95B1	U+95B1.png	09637	09637_Web_SS_5.png	2
閵	U+95B5	U+95B5.png	09639	09639_Web_SS_5.png	1
閶	U+95B6	U+95B6.png	09640	09640_Web_SS_5.png	1
閹	U+95B9	U+95B9.png	09641	09641_Web_SS_5.png	1
閻	U+95BB	U+95BB.png	09642	09642_Web_SS_0.png	3
閼	U+95BC	U+95BC.png	09643	09643_Web_SS_5.png	1
閽	U+95BD	U+95BD.png	09644	09644_Web_SS_5.png	1
閾	U+95BE	U+95BE.png	09645	09645_Web_SS_5.png	1
闃	U+95C3	U+95C3.png	09646	09646_Web_SS_5.png	1
闅	U+95C5	U+95C5.png	09647	09647_Web_SS_5.png	1
闇	U+95C7	U+95C7.png	09648	09648_Web_SS_5.png	1
闈	U+95C8	U+95C8.png	09649	09649_Web_SS_5.png	1
闉	U+95C9	U+95C9.png	09650	09650_Web_SS_5.png	1
闊	U+95CA	U+95CA.png	09651	09651_Web_SS_5.png	2
闋	U+95CB	U+95CB.png	09652	09652_Web_SS_5.png	1
闌	U+95CC	U+95CC.png	09653	09653_Web_SS_5.png	1
闐	U+95D0	U+95D0.png	09654	09654_Web_SS_5.png	1
闑	U+95D1	U+95D1.png	09655	09655_Web_SS_5.png	1
闒	U+95D2	U+95D2.png	09656	09656_Web_SS_5.png	1
闓	U+95D3	U+95D3.png	09657	09657_Web_SS_5.png	1
闔	U+95D4	U+95D4.png	09658	09658_Web_SS_5.png	1
闕	U+95D5	U+95D5.png	09659	09659_Web_SS_5.png	1
闖	U+95D6	U+95D6.png	09660	09660_Web_SS_0.png	1
闚	U+95DA	U+95DA.png	09661	09661_Web_SS_5.png	1
闛	U+95DB	U+95DB.png	09662	09662_Web_SS_5.png	1
關	U+95DC	U+95DC.png	09663	09663_Web_SS_0.png	1
闞	U+95DE	U+95DE.png	09664	09664_Web_SS_5.png	1
闠	U+95E0	U+95E0.png	09665	09665_Web_SS_5.png	1
闡	U+95E1	U+95E1.png	09666	09666_Web_SS_0.png	2
闢	U+95E2	U+95E2.png	09667	09667_Web_SS_0.png	3
闤	U+95E4	U+95E4.png	09669	09669_Web_SS_5.png	1
闥	U+95E5	U+95E5.png	09670	09670_Web_SS_5.png	1
门	U+95E8	U+95E8.png	09671	09671_Web_SS_0.png	2
闪	U+95EA	U+95EA.png	09672	09672_Web_SS_0.png	2
闭	U+95ED	U+95ED.png	09673	09673_Web_SS_0.png	2
问	U+95EE	U+95EE.png	09674	09674_Web_SS_5.png	2
闯	U+95EF	U+95EF.png	09675	09675_Web_SS_5.png	2
闲	U+95F2	U+95F2.png	09676	09676_Web_SS_0.png	2
间	U+95F4	U+95F4.png	09677	09677_Web_SS_1.png	3
闷	U+95F7	U+95F7.png	09678	09678_Web_SS_0.png	2
闹	U+95F9	U+95F9.png	09679	09679_Web_SS_5.png	2
闺	U+95FA	U+95FA.png	09680	09680_Web_SS_0.png	2
闻	U+95FB	U+95FB.png	09681	09681_Web_SS_5.png	3
闽	U+95FD	U+95FD.png	09682	09682_Web_SS_5.png	2
阁	U+9601	U+9601.png	09683	09683_Web_SS_0.png	2
阅	U+9605	U+9605.png	09684	09684_Web_SS_0.png	2
阎	U+960E	U+960E.png	09685	09685_Web_SS_0.png	3
阐	U+9610	U+9610.png	09686	09686_Web_SS_0.png	2
阔	U+9614	U+9614.png	09687	09687_Web_SS_0.png	2
阜	U+961C	U+961C.png	09688	09688_Web_SS_5.png	3
阝	U+961D	U+961D.png	09689	09689_Web_SS_5.png	1
阞	U+961E	U+961E.png	09690	09690_Web_SS_5.png	1
队	U+961F	U+961F.png	09691	09691_Web_SS_0.png	2
阠	U+9620	U+9620.png	09692	09692_Web_SS_5.png	1
阡	U+9621	U+9621.png	09693	09693_Web_SS_5.png	1
阢	U+9622	U+9622.png	09694	09694_Web_SS_5.png	1
阤	U+9624	U+9624.png	09695	09695_Web_SS_5.png	1
阪	U+962A	U+962A.png	09698	09698_Web_SS_5.png	1
阬	U+962C	U+962C.png	09700	09700_Web_SS_5.png	1
阭	U+962D	U+962D.png	09701	09701_Web_SS_5.png	1
阮	U+962E	U+962E.png	09702	09702_Web_SS_5.png	1
阯	U+962F	U+962F.png	09703	09703_Web_SS_5.png	1
阱	U+9631	U+9631.png	09704	09704_Web_SS_5.png	1
防	U+9632	U+9632.png	09705	09705_Web_SS_5.png	3
阳	U+9633	U+9633.png	09706	09706_Web_SS_5.png	2
阴	U+9634	U+9634.png	09707	09707_Web_SS_0.png	2
阵	U+9635	U+9635.png	09708	09708_Web_SS_5.png	1
阶	U+9636	U+9636.png	09709	09709_Web_SS_0.png	2
阸	U+9638	U+9638.png	09710	09710_Web_SS_5.png	1
阹	U+9639	U+9639.png	09711	09711_Web_SS_5.png	1
阺	U+963A	U+963A.png	09712	09712_Web_SS_5.png	1
阻	U+963B	U+963B.png	09713	09713_Web_SS_0.png	2
阼	U+963C	U+963C.png	09714	09714_Web_SS_5.png	1
阽	U+963D	U+963D.png	09715	09715_Web_SS_5.png	1
阿	U+963F	U+963F.png	09716	09716_Web_SS_5.png	1
陀	U+9640	U+9640.png	09717	09717_Web_SS_5.png	1
陂	U+9642	U+9642.png	09718	09718_Web_SS_5.png	1
附	U+9644	U+9644.png	09719	09719_Web_SS_5.png	2
际	U+9645	U+9645.png	09720	09720_Web_SS_5.png	2
陆	U+9646	U+9646.png	09721	09721_Web_SS_0.png	3
陈	U+9648	U+9648.png	09722	09722_Web_SS_0.png	3
陊	U+964A	U+964A.png	09723	09723_Web_SS_5.png	1
陋	U+964B	U+964B.png	09724	09724_Web_SS_0.png	2
降	U+964D	U+964D.png	09725	09725_Web_SS_5.png	2
限	U+9650	U+9650.png	09726	09726_Web_SS_0.png	2
陔	U+9654	U+9654.png	09727	09727_Web_SS_5.png	1
陖	U+9656	U+9656.png	09728	09728_Web_SS_5.png	1
陘	U+9658	U+9658.png	09729	09729_Web_SS_5.png	1
陙	U+9659	U+9659.png	09730	09730_Web_SS_5.png	1
陚	U+965A	U+965A.png	09731	09731_Web_SS_5.png	1
陛	U+965B	U+965B.png	09732	09732_Web_SS_5.png	1
陜	U+965C	U+965C.png	09733	09733_Web_SS_5.png	1
陟	U+965F	U+965F.png	09736	09736_Web_SS_5.png	1
院	U+9662	U+9662.png	09737	09737_Web_SS_5.png	2
除	U+9664	U+9664.png	09739	09739_Web_SS_5.png	2
险	U+9669	U+9669.png	09741	09741_Web_SS_5.png	2
陪	U+966A	U+966A.png	09742	09742_Web_SS_0.png	2
陬	U+966C	U+966C.png	09743	09743_Web_SS_5.png	1
陭	U+966D	U+966D.png	09744	09744_Web_SS_5.png	1
陮	U+966E	U+966E.png	09745	09745_Web_SS_5.png	1
陯	U+966F	U+966F.png	09746	09746_Web_SS_5.png	1
陰	U+9670	U+9670.png	09747	09747_Web_SS_0.png	2
陲	U+9672	U+9672.png	09748	09748_Web_SS_5.png	1
陳	U+9673	U+9673.png	09749	09749_Web_SS_1.png	2
陴	U+9674	U+9674.png	09750	09750_Web_SS_5.png	1
陵	U+9675	U+9675.png	09751	09751_Web_SS_0.png	2
陶	U+9676	U+9676.png	09752	09752_Web_SS_0.png	2
陷	U+9677	U+9677.png	09753	09753_Web_SS_0.png	2
陸	U+9678	U+9678.png	09754	09754_Web_SS_1.png	2
陼	U+967C	U+967C.png	09755	09755_Web_SS_5.png	1
陽	U+967D	U+967D.png	09756	09756_Web_SS_0.png	1
陾	U+967E	U+967E.png	09757	09757_Web_SS_5.png	1
隃	U+9683	U+9683.png	09759	09759_Web_SS_5.png	1
隄	U+9684	U+9684.png	09760	09760_Web_SS_5.png	1
隅	U+9685	U+9685.png	09761	09761_Web_SS_5.png	1
隆	U+9686	U+9686.png	09762	09762_Web_SS_0.png	2
隈	U+9688	U+9688.png	09763	09763_Web_SS_5.png	1
隉	U+9689	U+9689.png	09764	09764_Web_SS_5.png	1
隊	U+968A	U+968A.png	09765	09765_Web_SS_0.png	2
隋	U+968B	U+968B.png	09766	09766_Web_SS_5.png	1
隍	U+968D	U+968D.png	09767	09767_Web_SS_5.png	1
階	U+968E	U+968E.png	09768	09768_Web_SS_0.png	1
随	U+968F	U+968F.png	09769	09769_Web_SS_5.png	2
隐	U+9690	U+9690.png	09770	09770_Web_SS_0.png	2
隒	U+9692	U+9692.png	09771	09771_Web_SS_5.png	1
隓	U+9693	U+9693.png	09772	09772_Web_SS_5.png	1
隔	U+9694	U+9694.png	09773	09773_Web_SS_0.png	2
隖	U+9696	U+9696.png	09775	09775_Web_SS_5.png	1
隗	U+9697	U+9697.png	09776	09776_Web_SS_5.png	1
隘	U+9698	U+9698.png	09777	09777_Web_SS_5.png	1
隙	U+9699	U+9699.png	09778	09778_Web_SS_5.png	2
際	U+969B	U+969B.png	09779	09779_Web_SS_0.png	2
障	U+969C	U+969C.png	09780	09780_Web_SS_0.png	2
隥	U+96A5	U+96A5.png	09783	09783_Web_SS_5.png	1
隧	U+96A7	U+96A7.png	09785	09785_Web_SS_5.png	1
隨	U+96A8	U+96A8.png	09786	09786_Web_SS_0.png	2
險	U+96AA	U+96AA.png	09787	09787_Web_SS_0.png	2
隰	U+96B0	U+96B0.png	09789	09789_Web_SS_5.png	1
隱	U+96B1	U+96B1.png	09790	09790_Web_SS_0.png	1
隶	U+96B6	U+96B6.png	09792	09792_Web_SS_5.png	2
隸	U+96B8	U+96B8.png	09793	09793_Web_SS_5.png	1
隹	U+96B9	U+96B9.png	09794	09794_Web_SS_5.png	2
隺	U+96BA	U+96BA.png	09795	09795_Web_SS_5.png	1
隻	U+96BB	U+96BB.png	09796	09796_Web_SS_0.png	2
隼	U+96BC	U+96BC.png	09797	09797_Web_SS_5.png	1
难	U+96BE	U+96BE.png	09798	09798_Web_SS_1.png	4
隿	U+96BF	U+96BF.png	09799	09799_Web_SS_5.png	1
雀	U+96C0	U+96C0.png	09800	09800_Web_SS_5.png	2
雁	U+96C1	U+96C1.png	09801	09801_Web_SS_0.png	2
雂	U+96C2	U+96C2.png	09802	09802_Web_SS_5.png	1
雃	U+96C3	U+96C3.png	09803	09803_Web_SS_5.png	1
雄	U+96C4	U+96C4.png	09804	09804_Web_SS_0.png	2
雅	U+96C5	U+96C5.png	09805	09805_Web_SS_0.png	2
集	U+96C6	U+96C6.png	09806	09806_Web_SS_1.png	3
雇	U+96C7	U+96C7.png	09807	09807_Web_SS_5.png	1
雈	U+96C8	U+96C8.png	09808	09808_Web_SS_5.png	1
雉	U+96C9	U+96C9.png	09809	09809_Web_SS_5.png	1
雊	U+96CA	U+96CA.png	09810	09810_Web_SS_5.png	1
雋	U+96CB	U+96CB.png	09811	09811_Web_SS_5.png	1
雌	U+96CC	U+96CC.png	09812	09812_Web_SS_0.png	2
雍	U+96CD	U+96CD.png	09813	09813_Web_SS_0.png	2
雏	U+96CF	U+96CF.png	09814	09814_Web_SS_0.png	3
雐	U+96D0	U+96D0.png	09815	09815_Web_SS_5.png	1
雒	U+96D2	U+96D2.png	09816	09816_Web_SS_5.png	1
雔	U+96D4	U+96D4.png	09817	09817_Web_SS_5.png	1
雕	U+96D5	U+96D5.png	09818	09818_Web_SS_5.png	3
雖	U+96D6	U+96D6.png	09819	09819_Web_SS_5.png	1
雗	U+96D7	U+96D7.png	09820	09820_Web_SS_5.png	1
雘	U+96D8	U+96D8.png	09821	09821_Web_SS_5.png	1
雙	U+96D9	U+96D9.png	09822	09822_Web_SS_0.png	2
雚	U+96DA	U+96DA.png	09823	09823_Web_SS_5.png	1
雛	U+96DB	U+96DB.png	09824	09824_Web_SS_0.png	3
雜	U+96DC	U+96DC.png	09825	09825_Web_SS_5.png	2
雝	U+96DD	U+96DD.png	09826	09826_Web_SS_5.png	1
雞	U+96DE	U+96DE.png	09827	09827_Web_SS_0.png	3
雡	U+96E1	U+96E1.png	09829	09829_Web_SS_5.png	1
離	U+96E2	U+96E2.png	09830	09830_Web_SS_0.png	2
難	U+96E3	U+96E3.png	09831	09831_Web_SS_1.png	4
雥	U+96E5	U+96E5.png	09832	09832_Web_SS_5.png	1
雧	U+96E7	U+96E7.png	09833	09833_Web_SS_5.png	1
雨	U+96E8	U+96E8.png	09834	09834_Web_SS_0.png	3
雩	U+96E9	U+96E9.png	09835	09835_Web_SS_5.png	1
雪	U+96EA	U+96EA.png	09836	09836_Web_SS_0.png	2
雰	U+96F0	U+96F0.png	09837	09837_Web_SS_5.png	1
雱	U+96F1	U+96F1.png	09838	09838_Web_SS_5.png	1
雲	U+96F2	U+96F2.png	09839	09839_Web_SS_0.png	3
零	U+96F6	U+96F6.png	09840	09840_Web_SS_0.png	2
雷	U+96F7	U+96F7.png	09841	09841_Web_SS_5.png	4
雹	U+96F9	U+96F9.png	09842	09842_Web_SS_5.png	1
雺	U+96FA	U+96FA.png	09843	09843_Web_SS_5.png	1
電	U+96FB	U+96FB.png	09844	09844_Web_SS_5.png	3
雾	U+96FE	U+96FE.png	09845	09845_Web_SS_5.png	3
需	U+9700	U+9700.png	09846	09846_Web_SS_0.png	2
霁	U+9701	U+9701.png	09847	09847_Web_SS_0.png	2
霂	U+9702	U+9702.png	09848	09848_Web_SS_5.png	1
霃	U+9703	U+9703.png	09849	09849_Web_SS_5.png	1
霄	U+9704	U+9704.png	09850	09850_Web_SS_0.png	2
霅	U+9705	U+9705.png	09851	09851_Web_SS_5.png	1
霆	U+9706	U+9706.png	09852	09852_Web_SS_5.png	1
震	U+9707	U+9707.png	09853	09853_Web_SS_1.png	3
霋	U+970B	U+970B.png	09854	09854_Web_SS_5.png	1
霍	U+970D	U+970D.png	09855	09855_Web_SS_0.png	2
霎	U+970E	U+970E.png	09856	09856_Web_SS_5.png	1
霏	U+970F	U+970F.png	09857	09857_Web_SS_5.png	1
霑	U+9711	U+9711.png	09858	09858_Web_SS_5.png	1
霒	U+9712	U+9712.png	09859	09859_Web_SS_5.png	1
霓	U+9713	U+9713.png	09860	09860_Web_SS_5.png	1
霖	U+9716	U+9716.png	09861	09861_Web_SS_5.png	2
霚	U+971A	U+971A.png	09862	09862_Web_SS_5.png	1
霜	U+971C	U+971C.png	09863	09863_Web_SS_0.png	2
霝	U+971D	U+971D.png	09864	09864_Web_SS_5.png	1
霞	U+971E	U+971E.png	09865	09865_Web_SS_0.png	2
霢	U+9722	U+9722.png	09866	09866_Web_SS_5.png	1
霣	U+9723	U+9723.png	09867	09867_Web_SS_5.png	1
霤	U+9724	U+9724.png	09868	09868_Web_SS_5.png	1
霧	U+9727	U+9727.png	09869	09869_Web_SS_1.png	2
霩	U+9729	U+9729.png	09870	09870_Web_SS_5.png	1
霰	U+9730	U+9730.png	09871	09871_Web_SS_5.png	1
露	U+9732	U+9732.png	09872	09872_Web_SS_0.png	2
霸	U+9738	U+9738.png	09873	09873_Web_SS_5.png	3
霽	U+973D	U+973D.png	09874	09874_Web_SS_0.png	2
霾	U+973E	U+973E.png	09875	09875_Web_SS_5.png	1
霿	U+973F	U+973F.png	09876	09876_Web_SS_5.png	1
靁	U+9741	U+9741.png	09877	09877_Web_SS_5.png	1
靃	U+9743	U+9743.png	09878	09878_Web_SS_5.png	1
靄	U+9744	U+9744.png	09879	09879_Web_SS_5.png	1
靈	U+9748	U+9748.png	09880	09880_Web_SS_0.png	3
青	U+9752	U+9752.png	09881	09881_Web_SS_5.png	3
靖	U+9756	U+9756.png	09882	09882_Web_SS_5.png	1
静	U+9759	U+9759.png	09883	09883_Web_SS_5.png	2
靚	U+975A	U+975A.png	09884	09884_Web_SS_5.png	1
靜	U+975C	U+975C.png	09885	09885_Web_SS_0.png	2
非	U+975E	U+975E.png	09886	09886_Web_SS_0.png	2
靠	U+9760	U+9760.png	09887	09887_Web_SS_0.png	2
靡	U+9761	U+9761.png	09888	09888_Web_SS_5.png	1
面	U+9762	U+9762.png	09889	09889_Web_SS_5.png	2
靦	U+9766	U+9766.png	09890	09890_Web_SS_5.png	1
靨	U+9768	U+9768.png	09891	09891_Web_SS_5.png	1
革	U+9769	U+9769.png	09892	09892_Web_SS_5.png	3
靪	U+976A	U+976A.png	09893	09893_Web_SS_5.png	1
靬	U+976C	U+976C.png	09894	09894_Web_SS_5.png	1
靮	U+976E	U+976E.png	09895	09895_Web_SS_5.png	1
靲	U+9772	U+9772.png	09896	09896_Web_SS_5.png	1
靳	U+9773	U+9773.png	09897	09897_Web_SS_5.png	1
靶	U+9776	U+9776.png	09898	09898_Web_SS_5.png	1
靷	U+9777	U+9777.png	09899	09899_Web_SS_5.png	1
靸	U+9778	U+9778.png	09900	09900_Web_SS_5.png	1
靼	U+977C	U+977C.png	09901	09901_Web_SS_5.png	1
鞁	U+9781	U+9781.png	09903	09903_Web_SS_5.png	1
鞃	U+9783	U+9783.png	09904	09904_Web_SS_5.png	1
鞄	U+9784	U+9784.png	09905	09905_Web_SS_5.png	1
鞅	U+9785	U+9785.png	09906	09906_Web_SS_5.png	1
鞋	U+978B	U+978B.png	09908	09908_Web_SS_0.png	2
鞌	U+978C	U+978C.png	09909	09909_Web_SS_5.png	1
鞍	U+978D	U+978D.png	09910	09910_Web_SS_5.png	1
鞎	U+978E	U+978E.png	09911	09911_Web_SS_5.png	1
鞏	U+978F	U+978F.png	09912	09912_Web_SS_5.png	1
鞔	U+9794	U+9794.png	09913	09913_Web_SS_5.png	1
鞘	U+9798	U+9798.png	09915	09915_Web_SS_5.png	1
鞙	U+9799	U+9799.png	09916	09916_Web_SS_5.png	1
鞞	U+979E	U+979E.png	09918	09918_Web_SS_5.png	1
鞠	U+97A0	U+97A0.png	09919	09919_Web_SS_5.png	3
鞣	U+97A3	U+97A3.png	09920	09920_Web_SS_5.png	1
鞥	U+97A5	U+97A5.png	09921	09921_Web_SS_5.png	1
鞪	U+97AA	U+97AA.png	09922	09922_Web_SS_5.png	1
鞫	U+97AB	U+97AB.png	09923	09923_Web_SS_5.png	1
鞬	U+97AC	U+97AC.png	09924	09924_Web_SS_5.png	1
鞭	U+97AD	U+97AD.png	09925	09925_Web_SS_5.png	3
鞮	U+97AE	U+97AE.png	09926	09926_Web_SS_5.png	1
鞴	U+97B4	U+97B4.png	09928	09928_Web_SS_5.png	1
鞵	U+97B5	U+97B5.png	09929	09929_Web_SS_5.png	1
鞶	U+97B6	U+97B6.png	09930	09930_Web_SS_5.png	1
鞹	U+97B9	U+97B9.png	09931	09931_Web_SS_5.png	1
鞼	U+97BC	U+97BC.png	09932	09932_Web_SS_5.png	1
鞾	U+97BE	U+97BE.png	09933	09933_Web_SS_5.png	1
韄	U+97C4	U+97C4.png	09934	09934_Web_SS_5.png	1
韅	U+97C5	U+97C5.png	09935	09935_Web_SS_5.png	1
韇	U+97C7	U+97C7.png	09936	09936_Web_SS_5.png	1
韉	U+97C9	U+97C9.png	09937	09937_Web_SS_5.png	1
韋	U+97CB	U+97CB.png	09938	09938_Web_SS_5.png	3
韌	U+97CC	U+97CC.png	09939	09939_Web_SS_0.png	2
韎	U+97CE	U+97CE.png	09941	09941_Web_SS_5.png	1
韏	U+97CF	U+97CF.png	09942	09942_Web_SS_5.png	1
韐	U+97D0	U+97D0.png	09943	09943_Web_SS_5.png	1
韓	U+97D3	U+97D3.png	09945	09945_Web_SS_5.png	1
韔	U+97D4	U+97D4.png	09946	09946_Web_SS_5.png	1
韗	U+97D7	U+97D7.png	09947	09947_Web_SS_5.png	1
韘	U+97D8	U+97D8.png	09948	09948_Web_SS_5.png	1
韙	U+97D9	U+97D9.png	09949	09949_Web_SS_5.png	1
韜	U+97DC	U+97DC.png	09950	09950_Web_SS_5.png	1
韝	U+97DD	U+97DD.png	09951	09951_Web_SS_5.png	1
韠	U+97E0	U+97E0.png	09952	09952_Web_SS_5.png	1
韡	U+97E1	U+97E1.png	09953	09953_Web_SS_5.png	1
韢	U+97E2	U+97E2.png	09954	09954_Web_SS_5.png	1
韣	U+97E3	U+97E3.png	09955	09955_Web_SS_5.png	1
韤	U+97E4	U+97E4.png	09956	09956_Web_SS_5.png	1
韦	U+97E6	U+97E6.png	09957	09957_Web_SS_5.png	3
韧	U+97E7	U+97E7.png	09958	09958_Web_SS_0.png	2
韭	U+97ED	U+97ED.png	09959	09959_Web_SS_0.png	2
韱	U+97F1	U+97F1.png	09960	09960_Web_SS_5.png	1
音	U+97F3	U+97F3.png	09961	09961_Web_SS_0.png	2
韵	U+97F5	U+97F5.png	09962	09962_Web_SS_5.png	2
韶	U+97F6	U+97F6.png	09963	09963_Web_SS_5.png	1
韻	U+97FB	U+97FB.png	09965	09965_Web_SS_0.png	2
韽	U+97FD	U+97FD.png	09966	09966_Web_SS_5.png	1
響	U+97FF	U+97FF.png	09967	09967_Web_SS_0.png	2
頁	U+9801	U+9801.png	09968	09968_Web_SS_0.png	1
頂	U+9802	U+9802.png	09969	09969_Web_SS_0.png	4
頃	U+9803	U+9803.png	09970	09970_Web_SS_5.png	1
項	U+9805	U+9805.png	09971	09971_Web_SS_5.png	2
順	U+9806	U+9806.png	09972	09972_Web_SS_0.png	2
須	U+9808	U+9808.png	09973	09973_Web_SS_0.png	2
頊	U+980A	U+980A.png	09974	09974_Web_SS_5.png	1
頌	U+980C	U+980C.png	09975	09975_Web_SS_0.png	3
頍	U+980D	U+980D.png	09976	09976_Web_SS_5.png	1
頏	U+980F	U+980F.png	09978	09978_Web_SS_5.png	1
預	U+9810	U+9810.png	09979	09979_Web_SS_5.png	2
頑	U+9811	U+9811.png	09980	09980_Web_SS_5.png	2
頒	U+9812	U+9812.png	09981	09981_Web_SS_0.png	2
頓	U+9813	U+9813.png	09982	09982_Web_SS_0.png	2
頗	U+9817	U+9817.png	09983	09983_Web_SS_0.png	2
領	U+9818	U+9818.png	09984	09984_Web_SS_0.png	2
頛	U+981B	U+981B.png	09986	09986_Web_SS_5.png	1
頞	U+981E	U+981E.png	09987	09987_Web_SS_5.png	1
頟	U+981F	U+981F.png	09988	09988_Web_SS_5.png	1
頠	U+9820	U+9820.png	09989	09989_Web_SS_5.png	1
頡	U+9821	U+9821.png	09990	09990_Web_SS_5.png	1
頢	U+9822	U+9822.png	09991	09991_Web_SS_5.png	1
頣	U+9823	U+9823.png	09992	09992_Web_SS_5.png	1
頤	U+9824	U+9824.png	09993	09993_Web_SS_5.png	1
頦	U+9826	U+9826.png	09994	09994_Web_SS_5.png	1
頨	U+9828	U+9828.png	09995	09995_Web_SS_5.png	1
頪	U+982A	U+982A.png	09996	09996_Web_SS_5.png	1
頫	U+982B	U+982B.png	09997	09997_Web_SS_5.png	1
頭	U+982D	U+982D.png	09998	09998_Web_SS_0.png	2
頯	U+982F	U+982F.png	09999	09999_Web_SS_5.png	1
頰	U+9830	U+9830.png	10000	10000_Web_SS_0.png	3
頲	U+9832	U+9832.png	10001	10001_Web_SS_5.png	1
頵	U+9835	U+9835.png	10002	10002_Web_SS_5.png	1
頷	U+9837	U+9837.png	10003	10003_Web_SS_5.png	1
頸	U+9838	U+9838.png	10004	10004_Web_SS_0.png	2
頹	U+9839	U+9839.png	10005	10005_Web_SS_0.png	1
頻	U+983B	U+983B.png	10006	10006_Web_SS_0.png	1
頿	U+983F	U+983F.png	10007	10007_Web_SS_5.png	1
顀	U+9840	U+9840.png	10008	10008_Web_SS_5.png	1
顄	U+9844	U+9844.png	10009	10009_Web_SS_5.png	1
顅	U+9845	U+9845.png	10010	10010_Web_SS_5.png	1
顆	U+9846	U+9846.png	10011	10011_Web_SS_0.png	2
顇	U+9847	U+9847.png	10012	10012_Web_SS_5.png	1
顉	U+9849	U+9849.png	10013	10013_Web_SS_5.png	1
題	U+984C	U+984C.png	10014	10014_Web_SS_0.png	2
額	U+984D	U+984D.png	10015	10015_Web_SS_0.png	1
顏	U+984F	U+984F.png	10016	10016_Web_SS_0.png	4
顑	U+9851	U+9851.png	10017	10017_Web_SS_5.png	1
顒	U+9852	U+9852.png	10018	10018_Web_SS_5.png	1
顓	U+9853	U+9853.png	10019	10019_Web_SS_5.png	1
顗	U+9857	U+9857.png	10021	10021_Web_SS_5.png	1
願	U+9858	U+9858.png	10022	10022_Web_SS_5.png	3
顙	U+9859	U+9859.png	10023	10023_Web_SS_5.png	1
顚	U+985A	U+985A.png	10024	10024_Web_SS_5.png	1
顛	U+985B	U+985B.png	10025	10025_Web_SS_0.png	2
顝	U+985D	U+985D.png	10027	10027_Web_SS_5.png	1
類	U+985E	U+985E.png	10028	10028_Web_SS_0.png	2
顤	U+9864	U+9864.png	10030	10030_Web_SS_5.png	1
顥	U+9865	U+9865.png	10031	10031_Web_SS_5.png	1
顦	U+9866	U+9866.png	10032	10032_Web_SS_5.png	1
顧	U+9867	U+9867.png	10033	10033_Web_SS_0.png	2
顨	U+9868	U+9868.png	10034	10034_Web_SS_5.png	1
顩	U+9869	U+9869.png	10035	10035_Web_SS_5.png	1
顫	U+986B	U+986B.png	10036	10036_Web_SS_5.png	2
顯	U+986F	U+986F.png	10037	10037_Web_SS_0.png	2
顰	U+9870	U+9870.png	10038	10038_Web_SS_5.png	1
顱	U+9871	U+9871.png	10039	10039_Web_SS_5.png	1
顲	U+9872	U+9872.png	10040	10040_Web_SS_5.png	1
页	U+9875	U+9875.png	10041	10041_Web_SS_5.png	2
顶	U+9876	U+9876.png	10042	10042_Web_SS_0.png	4
项	U+9879	U+9879.png	10043	10043_Web_SS_5.png	2
顺	U+987A	U+987A.png	10044	10044_Web_SS_0.png	2
须	U+987B	U+987B.png	10045	10045_Web_SS_0.png	2
顽	U+987D	U+987D.png	10046	10046_Web_SS_0.png	2
顾	U+987E	U+987E.png	10047	10047_Web_SS_0.png	2
顿	U+987F	U+987F.png	10048	10048_Web_SS_0.png	2
颁	U+9881	U+9881.png	10049	10049_Web_SS_0.png	2
颂	U+9882	U+9882.png	10050	10050_Web_SS_5.png	3
预	U+9884	U+9884.png	10051	10051_Web_SS_5.png	2
领	U+9886	U+9886.png	10052	10052_Web_SS_0.png	2
颇	U+9887	U+9887.png	10053	10053_Web_SS_0.png	2
颈	U+9888	U+9888.png	10054	10054_Web_SS_0.png	2
颊	U+988A	U+988A.png	10055	10055_Web_SS_0.png	3
频	U+9891	U+9891.png	10056	10056_Web_SS_0.png	2
颓	U+9893	U+9893.png	10057	10057_Web_SS_5.png	2
颖	U+9896	U+9896.png	10058	10058_Web_SS_0.png	2
颗	U+9897	U+9897.png	10059	10059_Web_SS_5.png	2
题	U+9898	U+9898.png	10060	10060_Web_SS_0.png	2
颜	U+989C	U+989C.png	10061	10061_Web_SS_5.png	4
额	U+989D	U+989D.png	10062	10062_Web_SS_0.png	2
颠	U+98A0	U+98A0.png	10063	10063_Web_SS_0.png	2
颤	U+98A4	U+98A4.png	10064	10064_Web_SS_5.png	2
風	U+98A8	U+98A8.png	10065	10065_Web_SS_5.png	3
颭	U+98AD	U+98AD.png	10066	10066_Web_SS_5.png	1
颮	U+98AE	U+98AE.png	10067	10067_Web_SS_5.png	1
颯	U+98AF	U+98AF.png	10068	10068_Web_SS_5.png	1
颲	U+98B2	U+98B2.png	10069	10069_Web_SS_5.png	1
颸	U+98B8	U+98B8.png	10070	10070_Web_SS_5.png	1
颺	U+98BA	U+98BA.png	10071	10071_Web_SS_5.png	1
颼	U+98BC	U+98BC.png	10072	10072_Web_SS_5.png	1
颿	U+98BF	U+98BF.png	10073	10073_Web_SS_5.png	1
飂	U+98C2	U+98C2.png	10074	10074_Web_SS_5.png	1
飄	U+98C4	U+98C4.png	10075	10075_Web_SS_0.png	2
飆	U+98C6	U+98C6.png	10076	10076_Web_SS_5.png	1
风	U+98CE	U+98CE.png	10077	10077_Web_SS_0.png	3
飘	U+98D8	U+98D8.png	10078	10078_Web_SS_0.png	2
飛	U+98DB	U+98DB.png	10079	10079_Web_SS_0.png	1
飞	U+98DE	U+98DE.png	10080	10080_Web_SS_5.png	2
食	U+98DF	U+98DF.png	10081	10081_Web_SS_0.png	2
飢	U+98E2	U+98E2.png	10082	10082_Web_SS_0.png	2
飤	U+98E4	U+98E4.png	10083	10083_Web_SS_5.png	1
飧	U+98E7	U+98E7.png	10084	10084_Web_SS_0.png	2
飪	U+98EA	U+98EA.png	10085	10085_Web_SS_5.png	1
飭	U+98ED	U+98ED.png	10087	10087_Web_SS_5.png	1
飯	U+98EF	U+98EF.png	10088	10088_Web_SS_0.png	2
飲	U+98F2	U+98F2.png	10089	10089_Web_SS_2.png	3
飴	U+98F4	U+98F4.png	10090	10090_Web_SS_5.png	1
飵	U+98F5	U+98F5.png	10091	10091_Web_SS_5.png	1
飶	U+98F6	U+98F6.png	10092	10092_Web_SS_5.png	1
飹	U+98F9	U+98F9.png	10093	10093_Web_SS_5.png	1
飻	U+98FB	U+98FB.png	10094	10094_Web_SS_5.png	1
飼	U+98FC	U+98FC.png	10095	10095_Web_SS_0.png	1
飽	U+98FD	U+98FD.png	10096	10096_Web_SS_5.png	4
飾	U+98FE	U+98FE.png	10097	10097_Web_SS_5.png	2
餀	U+9900	U+9900.png	10099	10099_Web_SS_5.png	1
餅	U+9905	U+9905.png	10101	10101_Web_SS_0.png	2
餈	U+9908	U+9908.png	10102	10102_Web_SS_5.png	1
餉	U+9909	U+9909.png	10103	10103_Web_SS_5.png	1
養	U+990A	U+990A.png	10104	10104_Web_SS_0.png	2
餌	U+990C	U+990C.png	10105	10105_Web_SS_5.png	1
餐	U+9910	U+9910.png	10106	10106_Web_SS_5.png	3
餓	U+9913	U+9913.png	10107	10107_Web_SS_0.png	1
餕	U+9915	U+9915.png	10109	10109_Web_SS_5.png	1
餗	U+9917	U+9917.png	10110	10110_Web_SS_5.png	1
餘	U+9918	U+9918.png	10111	10111_Web_SS_5.png	2
餞	U+991E	U+991E.png	10112	10112_Web_SS_5.png	1
餟	U+991F	U+991F.png	10113	10113_Web_SS_5.png	1
餥	U+9925	U+9925.png	10114	10114_Web_SS_5.png	1
餧	U+9927	U+9927.png	10115	10115_Web_SS_5.png	1
館	U+9928	U+9928.png	10116	10116_Web_SS_0.png	2
餫	U+992B	U+992B.png	10117	10117_Web_SS_5.png	1
餬	U+992C	U+992C.png	10118	10118_Web_SS_5.png	1
餰	U+9930	U+9930.png	10119	10119_Web_SS_5.png	1
餱	U+9931	U+9931.png	10120	10120_Web_SS_5.png	1
餲	U+9932	U+9932.png	10121	10121_Web_SS_5.png	1
餻	U+993B	U+993B.png	10124	10124_Web_SS_5.png	1
餼	U+993C	U+993C.png	10125	10125_Web_SS_5.png	1
餽	U+993D	U+993D.png	10126	10126_Web_SS_5.png	1
餾	U+993E	U+993E.png	10127	10127_Web_SS_5.png	1
饁	U+9941	U+9941.png	10128	10128_Web_SS_5.png	1
饉	U+9949	U+9949.png	10129	10129_Web_SS_5.png	1
饋	U+994B	U+994B.png	10130	10130_Web_SS_5.png	1
饌	U+994C	U+994C.png	10131	10131_Web_SS_5.png	1
饎	U+994E	U+994E.png	10132	10132_Web_SS_5.png	1
饐	U+9950	U+9950.png	10133	10133_Web_SS_5.png	1
饑	U+9951	U+9951.png	10134	10134_Web_SS_5.png	1
饒	U+9952	U+9952.png	10135	10135_Web_SS_5.png	2
饔	U+9954	U+9954.png	10136	10136_Web_SS_5.png	1
饕	U+9955	U+9955.png	10137	10137_Web_SS_5.png	1
饖	U+9956	U+9956.png	10138	10138_Web_SS_5.png	1
饗	U+9957	U+9957.png	10139	10139_Web_SS_5.png	1
饘	U+9958	U+9958.png	10140	10140_Web_SS_5.png	1
饙	U+9959	U+9959.png	10141	10141_Web_SS_5.png	1
饡	U+9961	U+9961.png	10142	10142_Web_SS_5.png	1
饥	U+9965	U+9965.png	10143	10143_Web_SS_0.png	2
饭	U+996D	U+996D.png	10144	10144_Web_SS_0.png	2
饮	U+996E	U+996E.png	10145	10145_Web_SS_5.png	4
饰	U+9970	U+9970.png	10146	10146_Web_SS_0.png	2
饱	U+9971	U+9971.png	10147	10147_Web_SS_5.png	4
饲	U+9972	U+9972.png	10148	10148_Web_SS_0.png	2
饶	U+9976	U+9976.png	10149	10149_Web_SS_5.png	2
饼	U+997C	U+997C.png	10150	10150_Web_SS_0.png	2
饿	U+997F	U+997F.png	10151	10151_Web_SS_0.png	2
馆	U+9986	U+9986.png	10152	10152_Web_SS_0.png	2
首	U+9996	U+9996.png	10153	10153_Web_SS_0.png	2
馗	U+9997	U+9997.png	10154	10154_Web_SS_5.png	1
馘	U+9998	U+9998.png	10155	10155_Web_SS_5.png	1
香	U+9999	U+9999.png	10156	10156_Web_SS_0.png	2
馥	U+99A5	U+99A5.png	10157	10157_Web_SS_5.png	1
馨	U+99A8	U+99A8.png	10158	10158_Web_SS_0.png	2
馬	U+99AC	U+99AC.png	10159	10159_Web_SS_1.png	4
馭	U+99AD	U+99AD.png	10160	10160_Web_SS_5.png	2
馮	U+99AE	U+99AE.png	10161	10161_Web_SS_5.png	2
馰	U+99B0	U+99B0.png	10163	10163_Web_SS_5.png	1
馱	U+99B1	U+99B1.png	10164	10164_Web_SS_5.png	1
馳	U+99B3	U+99B3.png	10165	10165_Web_SS_5.png	1
馴	U+99B4	U+99B4.png	10166	10166_Web_SS_5.png	2
馵	U+99B5	U+99B5.png	10167	10167_Web_SS_5.png	1
馶	U+99B6	U+99B6.png	10168	10168_Web_SS_5.png	1
馹	U+99B9	U+99B9.png	10170	10170_Web_SS_5.png	1
馺	U+99BA	U+99BA.png	10171	10171_Web_SS_5.png	1
馼	U+99BC	U+99BC.png	10172	10172_Web_SS_5.png	1
馽	U+99BD	U+99BD.png	10173	10173_Web_SS_5.png	1
駁	U+99C1	U+99C1.png	10174	10174_Web_SS_5.png	2
駃	U+99C3	U+99C3.png	10175	10175_Web_SS_5.png	1
駉	U+99C9	U+99C9.png	10177	10177_Web_SS_5.png	1
駊	U+99CA	U+99CA.png	10178	10178_Web_SS_5.png	1
駐	U+99D0	U+99D0.png	10181	10181_Web_SS_5.png	2
駒	U+99D2	U+99D2.png	10182	10182_Web_SS_5.png	1
駓	U+99D3	U+99D3.png	10183	10183_Web_SS_5.png	1
駔	U+99D4	U+99D4.png	10184	10184_Web_SS_5.png	1
駕	U+99D5	U+99D5.png	10185	10185_Web_SS_0.png	3
駗	U+99D7	U+99D7.png	10186	10186_Web_SS_5.png	1
駘	U+99D8	U+99D8.png	10187	10187_Web_SS_5.png	1
駙	U+99D9	U+99D9.png	10188	10188_Web_SS_5.png	1
駛	U+99DB	U+99DB.png	10189	10189_Web_SS_0.png	1
駜	U+99DC	U+99DC.png	10190	10190_Web_SS_5.png	1
駟	U+99DF	U+99DF.png	10192	10192_Web_SS_0.png	2
駢	U+99E2	U+99E2.png	10193	10193_Web_SS_5.png	1
駥	U+99E5	U+99E5.png	10194	10194_Web_SS_5.png	1
駧	U+99E7	U+99E7.png	10195	10195_Web_SS_5.png	1
駪	U+99EA	U+99EA.png	10196	10196_Web_SS_5.png	1
駫	U+99EB	U+99EB.png	10197	10197_Web_SS_5.png	1
駭	U+99ED	U+99ED.png	10198	10198_Web_SS_5.png	2
駮	U+99EE	U+99EE.png	10199	10199_Web_SS_5.png	1
駰	U+99F0	U+99F0.png	10200	10200_Web_SS_5.png	1
駱	U+99F1	U+99F1.png	10201	10201_Web_SS_5.png	1
駸	U+99F8	U+99F8.png	10202	10202_Web_SS_5.png	1
駹	U+99F9	U+99F9.png	10203	10203_Web_SS_5.png	1
駻	U+99FB	U+99FB.png	10204	10204_Web_SS_5.png	1
駼	U+99FC	U+99FC.png	10205	10205_Web_SS_5.png	1
駽	U+99FD	U+99FD.png	10206	10206_Web_SS_5.png	1
駾	U+99FE	U+99FE.png	10207	10207_Web_SS_5.png	1
駿	U+99FF	U+99FF.png	10208	10208_Web_SS_5.png	2
騀	U+9A00	U+9A00.png	10209	10209_Web_SS_5.png	1
騁	U+9A01	U+9A01.png	10210	10210_Web_SS_5.png	1
騅	U+9A05	U+9A05.png	10212	10212_Web_SS_5.png	1
騊	U+9A0A	U+9A0A.png	10213	10213_Web_SS_5.png	1
騋	U+9A0B	U+9A0B.png	10214	10214_Web_SS_5.png	1
騎	U+9A0E	U+9A0E.png	10216	10216_Web_SS_5.png	2
騏	U+9A0F	U+9A0F.png	10217	10217_Web_SS_5.png	1
騑	U+9A11	U+9A11.png	10218	10218_Web_SS_5.png	1
騖	U+9A16	U+9A16.png	10220	10220_Web_SS_5.png	1
騠	U+9A20	U+9A20.png	10222	10222_Web_SS_5.png	1
騢	U+9A22	U+9A22.png	10223	10223_Web_SS_5.png	1
騣	U+9A23	U+9A23.png	10224	10224_Web_SS_5.png	1
騤	U+9A24	U+9A24.png	10225	10225_Web_SS_5.png	1
騧	U+9A27	U+9A27.png	10228	10228_Web_SS_5.png	1
騩	U+9A29	U+9A29.png	10229	10229_Web_SS_5.png	1
騫	U+9A2B	U+9A2B.png	10230	10230_Web_SS_5.png	1
騬	U+9A2C	U+9A2C.png	10231	10231_Web_SS_5.png	1
騭	U+9A2D	U+9A2D.png	10232	10232_Web_SS_5.png	1
騮	U+9A2E	U+9A2E.png	10233	10233_Web_SS_5.png	1
騯	U+9A2F	U+9A2F.png	10234	10234_Web_SS_5.png	1
騰	U+9A30	U+9A30.png	10235	10235_Web_SS_5.png	2
騱	U+9A31	U+9A31.png	10236	10236_Web_SS_5.png	1
騶	U+9A36	U+9A36.png	10237	10237_Web_SS_5.png	1
騷	U+9A37	U+9A37.png	10238	10238_Web_SS_5.png	2
騺	U+9A3A	U+9A3A.png	10240	10240_Web_SS_5.png	1
騽	U+9A3D	U+9A3D.png	10241	10241_Web_SS_5.png	1
驀	U+9A40	U+9A40.png	10242	10242_Web_SS_5.png	1
驁	U+9A41	U+9A41.png	10243	10243_Web_SS_5.png	1
驂	U+9A42	U+9A42.png	10244	10244_Web_SS_5.png	1
驃	U+9A43	U+9A43.png	10245	10245_Web_SS_5.png	1
驄	U+9A44	U+9A44.png	10246	10246_Web_SS_5.png	1
驅	U+9A45	U+9A45.png	10247	10247_Web_SS_5.png	3
驈	U+9A48	U+9A48.png	10248	10248_Web_SS_5.png	1
驍	U+9A4D	U+9A4D.png	10249	10249_Web_SS_5.png	1
驑	U+9A51	U+9A51.png	10250	10250_Web_SS_5.png	1
驒	U+9A52	U+9A52.png	10251	10251_Web_SS_5.png	1
驔	U+9A54	U+9A54.png	10252	10252_Web_SS_5.png	1
驕	U+9A55	U+9A55.png	10253	10253_Web_SS_5.png	2
驖	U+9A56	U+9A56.png	10254	10254_Web_SS_5.png	1
驗	U+9A57	U+9A57.png	10255	10255_Web_SS_5.png	2
驘	U+9A58	U+9A58.png	10256	10256_Web_SS_5.png	1
驙	U+9A59	U+9A59.png	10257	10257_Web_SS_5.png	1
驚	U+9A5A	U+9A5A.png	10258	10258_Web_SS_5.png	2
驛	U+9A5B	U+9A5B.png	10259	10259_Web_SS_5.png	1
驟	U+9A5F	U+9A5F.png	10260	10260_Web_SS_0.png	2
驠	U+9A60	U+9A60.png	10261	10261_Web_SS_5.png	1
驢	U+9A62	U+9A62.png	10262	10262_Web_SS_0.png	2
驤	U+9A64	U+9A64.png	10263	10263_Web_SS_5.png	1
驧	U+9A67	U+9A67.png	10265	10265_Web_SS_5.png	1
驩	U+9A69	U+9A69.png	10266	10266_Web_SS_5.png	1
驪	U+9A6A	U+9A6A.png	10267	10267_Web_SS_5.png	1
驫	U+9A6B	U+9A6B.png	10268	10268_Web_SS_5.png	1
马	U+9A6C	U+9A6C.png	10269	10269_Web_SS_1.png	4
驭	U+9A6D	U+9A6D.png	10270	10270_Web_SS_0.png	2
驯	U+9A6F	U+9A6F.png	10271	10271_Web_SS_5.png	2
驱	U+9A71	U+9A71.png	10272	10272_Web_SS_0.png	3
驳	U+9A73	U+9A73.png	10273	10273_Web_SS_5.png	2
驴	U+9A74	U+9A74.png	10274	10274_Web_SS_0.png	2
驶	U+9A76	U+9A76.png	10275	10275_Web_SS_5.png	2
驷	U+9A77	U+9A77.png	10276	10276_Web_SS_0.png	2
驻	U+9A7B	U+9A7B.png	10277	10277_Web_SS_5.png	2
驾	U+9A7E	U+9A7E.png	10279	10279_Web_SS_0.png	3
骂	U+9A82	U+9A82.png	10280	10280_Web_SS_0.png	2
骄	U+9A84	U+9A84.png	10281	10281_Web_SS_5.png	2
骇	U+9A87	U+9A87.png	10282	10282_Web_SS_0.png	2
验	U+9A8C	U+9A8C.png	10283	10283_Web_SS_5.png	2
骏	U+9A8F	U+9A8F.png	10284	10284_Web_SS_5.png	2
骑	U+9A91	U+9A91.png	10285	10285_Web_SS_0.png	2
骚	U+9A9A	U+9A9A.png	10286	10286_Web_SS_5.png	2
骤	U+9AA4	U+9AA4.png	10287	10287_Web_SS_0.png	2
骨	U+9AA8	U+9AA8.png	10288	10288_Web_SS_5.png	2
骫	U+9AAB	U+9AAB.png	10289	10289_Web_SS_5.png	1
骭	U+9AAD	U+9AAD.png	10290	10290_Web_SS_5.png	1
骴	U+9AB4	U+9AB4.png	10292	10292_Web_SS_5.png	1
骸	U+9AB8	U+9AB8.png	10293	10293_Web_SS_5.png	2
骹	U+9AB9	U+9AB9.png	10294	10294_Web_SS_5.png	1
骼	U+9ABC	U+9ABC.png	10295	10295_Web_SS_5.png	1
骾	U+9ABE	U+9ABE.png	10296	10296_Web_SS_5.png	1
骿	U+9ABF	U+9ABF.png	10297	10297_Web_SS_5.png	1
髀	U+9AC0	U+9AC0.png	10298	10298_Web_SS_5.png	1
髁	U+9AC1	U+9AC1.png	10299	10299_Web_SS_5.png	1
髆	U+9AC6	U+9AC6.png	10300	10300_Web_SS_5.png	1
髍	U+9ACD	U+9ACD.png	10301	10301_Web_SS_5.png	1
髏	U+9ACF	U+9ACF.png	10302	10302_Web_SS_5.png	1
髑	U+9AD1	U+9AD1.png	10303	10303_Web_SS_5.png	1
髓	U+9AD3	U+9AD3.png	10304	10304_Web_SS_0.png	2
體	U+9AD4	U+9AD4.png	10305	10305_Web_SS_0.png	2
髕	U+9AD5	U+9AD5.png	10306	10306_Web_SS_5.png	1
髖	U+9AD6	U+9AD6.png	10307	10307_Web_SS_5.png	1
高	U+9AD8	U+9AD8.png	10308	10308_Web_SS_5.png	2
髟	U+9ADF	U+9ADF.png	10310	10310_Web_SS_0.png	2
髡	U+9AE1	U+9AE1.png	10311	10311_Web_SS_5.png	1
髦	U+9AE6	U+9AE6.png	10312	10312_Web_SS_5.png	1
髫	U+9AEB	U+9AEB.png	10314	10314_Web_SS_5.png	1
髭	U+9AED	U+9AED.png	10315	10315_Web_SS_5.png	1
髮	U+9AEE	U+9AEE.png	10316	10316_Web_SS_0.png	3
髳	U+9AF3	U+9AF3.png	10317	10317_Web_SS_5.png	1
髴	U+9AF4	U+9AF4.png	10318	10318_Web_SS_5.png	1
髶	U+9AF6	U+9AF6.png	10319	10319_Web_SS_5.png	1
髺	U+9AFA	U+9AFA.png	10320	10320_Web_SS_5.png	1
髻	U+9AFB	U+9AFB.png	10321	10321_Web_SS_5.png	1
髽	U+9AFD	U+9AFD.png	10322	10322_Web_SS_5.png	1
鬀	U+9B00	U+9B00.png	10323	10323_Web_SS_5.png	1
鬄	U+9B04	U+9B04.png	10324	10324_Web_SS_5.png	1
鬈	U+9B08	U+9B08.png	10325	10325_Web_SS_5.png	1
鬊	U+9B0A	U+9B0A.png	10326	10326_Web_SS_5.png	1
鬋	U+9B0B	U+9B0B.png	10327	10327_Web_SS_5.png	1
鬌	U+9B0C	U+9B0C.png	10328	10328_Web_SS_5.png	1
鬐	U+9B10	U+9B10.png	10329	10329_Web_SS_5.png	1
鬒	U+9B12	U+9B12.png	10330	10330_Web_SS_5.png	1
鬕	U+9B15	U+9B15.png	10331	10331_Web_SS_5.png	1
鬗	U+9B17	U+9B17.png	10332	10332_Web_SS_5.png	1
鬝	U+9B1D	U+9B1D.png	10333	10333_Web_SS_5.png	1
鬟	U+9B1F	U+9B1F.png	10334	10334_Web_SS_5.png	1
鬢	U+9B22	U+9B22.png	10335	10335_Web_SS_5.png	1
鬣	U+9B23	U+9B23.png	10336	10336_Web_SS_5.png	1
鬥	U+9B25	U+9B25.png	10337	10337_Web_SS_0.png	1
鬧	U+9B27	U+9B27.png	10338	10338_Web_SS_5.png	2
鬨	U+9B28	U+9B28.png	10339	10339_Web_SS_5.png	1
鬩	U+9B29	U+9B29.png	10340	10340_Web_SS_5.png	1
鬭	U+9B2D	U+9B2D.png	10341	10341_Web_SS_5.png	1
鬮	U+9B2E	U+9B2E.png	10342	10342_Web_SS_5.png	1
鬯	U+9B2F	U+9B2F.png	10343	10343_Web_SS_5.png	2
鬱	U+9B31	U+9B31.png	10345	10345_Web_SS_0.png	1
鬲	U+9B32	U+9B32.png	10346	10346_Web_SS_5.png	2
鬳	U+9B33	U+9B33.png	10347	10347_Web_SS_5.png	1
鬴	U+9B34	U+9B34.png	10348	10348_Web_SS_5.png	1
鬵	U+9B35	U+9B35.png	10349	10349_Web_SS_5.png	1
鬷	U+9B37	U+9B37.png	10351	10351_Web_SS_5.png	1
鬹	U+9B39	U+9B39.png	10352	10352_Web_SS_5.png	1
鬻	U+9B3B	U+9B3B.png	10353	10353_Web_SS_5.png	1
鬼	U+9B3C	U+9B3C.png	10354	10354_Web_SS_5.png	3
鬽	U+9B3D	U+9B3D.png	10355	10355_Web_SS_5.png	1
鬾	U+9B3E	U+9B3E.png	10356	10356_Web_SS_5.png	1
魁	U+9B41	U+9B41.png	10357	10357_Web_SS_5.png	1
魂	U+9B42	U+9B42.png	10358	10358_Web_SS_5.png	2
魃	U+9B43	U+9B43.png	10359	10359_Web_SS_5.png	1
魄	U+9B44	U+9B44.png	10360	10360_Web_SS_0.png	2
魅	U+9B45	U+9B45.png	10361	10361_Web_SS_1.png	4
魋	U+9B4B	U+9B4B.png	10362	10362_Web_SS_5.png	1
魑	U+9B51	U+9B51.png	10363	10363_Web_SS_5.png	1
魔	U+9B54	U+9B54.png	10364	10364_Web_SS_0.png	2
魖	U+9B56	U+9B56.png	10365	10365_Web_SS_5.png	1
魘	U+9B58	U+9B58.png	10366	10366_Web_SS_5.png	1
魚	U+9B5A	U+9B5A.png	10367	10367_Web_SS_0.png	2
魝	U+9B5D	U+9B5D.png	10368	10368_Web_SS_5.png	1
魠	U+9B60	U+9B60.png	10369	10369_Web_SS_5.png	1
魦	U+9B66	U+9B66.png	10371	10371_Web_SS_5.png	1
魧	U+9B67	U+9B67.png	10372	10372_Web_SS_5.png	1
魮	U+9B6E	U+9B6E.png	10375	10375_Web_SS_5.png	1
魯	U+9B6F	U+9B6F.png	10376	10376_Web_SS_5.png	1
魴	U+9B74	U+9B74.png	10377	10377_Web_SS_5.png	1
魵	U+9B75	U+9B75.png	10378	10378_Web_SS_5.png	1
魼	U+9B7C	U+9B7C.png	10379	10379_Web_SS_5.png	1
魾	U+9B7E	U+9B7E.png	10380	10380_Web_SS_5.png	1
魿	U+9B7F	U+9B7F.png	10381	10381_Web_SS_5.png	1
鮀	U+9B80	U+9B80.png	10382	10382_Web_SS_5.png	1
鮁	U+9B81	U+9B81.png	10383	10383_Web_SS_5.png	1
鮅	U+9B85	U+9B85.png	10384	10384_Web_SS_5.png	1
鮆	U+9B86	U+9B86.png	10385	10385_Web_SS_5.png	1
鮊	U+9B8A	U+9B8A.png	10386	10386_Web_SS_5.png	1
鮍	U+9B8D	U+9B8D.png	10388	10388_Web_SS_5.png	1
鮏	U+9B8F	U+9B8F.png	10389	10389_Web_SS_5.png	1
鮐	U+9B90	U+9B90.png	10390	10390_Web_SS_5.png	1
鮑	U+9B91	U+9B91.png	10391	10391_Web_SS_5.png	1
鮒	U+9B92	U+9B92.png	10392	10392_Web_SS_5.png	1
鮚	U+9B9A	U+9B9A.png	10393	10393_Web_SS_5.png	1
鮞	U+9B9E	U+9B9E.png	10394	10394_Web_SS_5.png	1
鮡	U+9BA1	U+9BA1.png	10396	10396_Web_SS_5.png	1
鮥	U+9BA5	U+9BA5.png	10397	10397_Web_SS_5.png	1
鮦	U+9BA6	U+9BA6.png	10398	10398_Web_SS_5.png	1
鮨	U+9BA8	U+9BA8.png	10399	10399_Web_SS_5.png	1
鮪	U+9BAA	U+9BAA.png	10400	10400_Web_SS_5.png	1
鮫	U+9BAB	U+9BAB.png	10401	10401_Web_SS_5.png	1
鮮	U+9BAE	U+9BAE.png	10403	10403_Web_SS_1.png	3
鮷	U+9BB7	U+9BB7.png	10404	10404_Web_SS_5.png	1
鮸	U+9BB8	U+9BB8.png	10405	10405_Web_SS_5.png	1
鮺	U+9BBA	U+9BBA.png	10406	10406_Web_SS_5.png	1
鯀	U+9BC0	U+9BC0.png	10407	10407_Web_SS_5.png	1
鯁	U+9BC1	U+9BC1.png	10408	10408_Web_SS_5.png	1
鯇	U+9BC7	U+9BC7.png	10409	10409_Web_SS_5.png	1
鯈	U+9BC8	U+9BC8.png	10410	10410_Web_SS_5.png	1
鯉	U+9BC9	U+9BC9.png	10411	10411_Web_SS_5.png	1
鯊	U+9BCA	U+9BCA.png	10412	10412_Web_SS_0.png	1
鯕	U+9BD5	U+9BD5.png	10413	10413_Web_SS_5.png	1
鯛	U+9BDB	U+9BDB.png	10415	10415_Web_SS_5.png	1
鯜	U+9BDC	U+9BDC.png	10416	10416_Web_SS_5.png	1
鯢	U+9BE2	U+9BE2.png	10417	10417_Web_SS_5.png	1
鯦	U+9BE6	U+9BE6.png	10418	10418_Web_SS_5.png	1
鯨	U+9BE8	U+9BE8.png	10419	10419_Web_SS_1.png	3
鯫	U+9BEB	U+9BEB.png	10420	10420_Web_SS_5.png	1
鯸	U+9BF8	U+9BF8.png	10421	10421_Web_SS_5.png	1
鯽	U+9BFD	U+9BFD.png	10422	10422_Web_SS_5.png	1
鯾	U+9BFE	U+9BFE.png	10423	10423_Web_SS_5.png	1
鰂	U+9C02	U+9C02.png	10424	10424_Web_SS_5.png	1
鰅	U+9C05	U+9C05.png	10425	10425_Web_SS_5.png	1
鰈	U+9C08	U+9C08.png	10426	10426_Web_SS_5.png	1
鰋	U+9C0B	U+9C0B.png	10427	10427_Web_SS_5.png	1
鰌	U+9C0C	U+9C0C.png	10428	10428_Web_SS_5.png	1
鰒	U+9C12	U+9C12.png	10429	10429_Web_SS_5.png	1
鰕	U+9C15	U+9C15.png	10430	10430_Web_SS_5.png	1
鰜	U+9C1C	U+9C1C.png	10431	10431_Web_SS_5.png	1
鰝	U+9C1D	U+9C1D.png	10432	10432_Web_SS_5.png	1
鰥	U+9C25	U+9C25.png	10434	10434_Web_SS_5.png	1
鰨	U+9C28	U+9C28.png	10435	10435_Web_SS_5.png	1
鰩	U+9C29	U+9C29.png	10436	10436_Web_SS_5.png	1
鰫	U+9C2B	U+9C2B.png	10437	10437_Web_SS_5.png	1
鰸	U+9C38	U+9C38.png	10438	10438_Web_SS_5.png	1
鰻	U+9C3B	U+9C3B.png	10439	10439_Web_SS_5.png	1
鰼	U+9C3C	U+9C3C.png	10440	10440_Web_SS_5.png	1
鱄	U+9C44	U+9C44.png	10441	10441_Web_SS_5.png	1
鱅	U+9C45	U+9C45.png	10442	10442_Web_SS_5.png	1
鱏	U+9C4F	U+9C4F.png	10443	10443_Web_SS_5.png	1
鱒	U+9C52	U+9C52.png	10444	10444_Web_SS_5.png	1
鱓	U+9C53	U+9C53.png	10445	10445_Web_SS_5.png	1
鱖	U+9C56	U+9C56.png	10446	10446_Web_SS_5.png	1
鱗	U+9C57	U+9C57.png	10447	10447_Web_SS_0.png	1
鱢	U+9C62	U+9C62.png	10448	10448_Web_SS_5.png	1
鱣	U+9C63	U+9C63.png	10449	10449_Web_SS_5.png	1
鱧	U+9C67	U+9C67.png	10451	10451_Web_SS_5.png	1
鱨	U+9C68	U+9C68.png	10452	10452_Web_SS_5.png	1
鱮	U+9C6E	U+9C6E.png	10453	10453_Web_SS_5.png	1
鱯	U+9C6F	U+9C6F.png	10454	10454_Web_SS_5.png	1
鱳	U+9C73	U+9C73.png	10455	10455_Web_SS_5.png	1
鱷	U+9C77	U+9C77.png	10456	10456_Web_SS_0.png	1
鱺	U+9C7A	U+9C7A.png	10458	10458_Web_SS_5.png	1
鱻	U+9C7B	U+9C7B.png	10459	10459_Web_SS_5.png	1
鱼	U+9C7C	U+9C7C.png	10460	10460_Web_SS_0.png	2
鲜	U+9C9C	U+9C9C.png	10461	10461_Web_SS_1.png	3
鲨	U+9CA8	U+9CA8.png	10462	10462_Web_SS_5.png	2
鲸	U+9CB8	U+9CB8.png	10463	10463_Web_SS_0.png	3
鳄	U+9CC4	U+9CC4.png	10464	10464_Web_SS_5.png	2
鳞	U+9CDE	U+9CDE.png	10467	10467_Web_SS_0.png	2
鳥	U+9CE5	U+9CE5.png	10468	10468_Web_SS_0.png	2
鳦	U+9CE6	U+9CE6.png	10469	10469_Web_SS_5.png	1
鳧	U+9CE7	U+9CE7.png	10470	10470_Web_SS_5.png	1
鳩	U+9CE9	U+9CE9.png	10471	10471_Web_SS_5.png	1
鳳	U+9CF3	U+9CF3.png	10474	10474_Web_SS_2.png	4
鳴	U+9CF4	U+9CF4.png	10475	10475_Web_SS_5.png	2
鳽	U+9CFD	U+9CFD.png	10477	10477_Web_SS_5.png	1
鴂	U+9D02	U+9D02.png	10478	10478_Web_SS_5.png	1
鴃	U+9D03	U+9D03.png	10479	10479_Web_SS_5.png	1
鴆	U+9D06	U+9D06.png	10481	10481_Web_SS_5.png	1
鴇	U+9D07	U+9D07.png	10482	10482_Web_SS_5.png	1
鴈	U+9D08	U+9D08.png	10483	10483_Web_SS_5.png	1
鴔	U+9D14	U+9D14.png	10485	10485_Web_SS_5.png	1
鴗	U+9D17	U+9D17.png	10486	10486_Web_SS_5.png	1
鴚	U+9D1A	U+9D1A.png	10487	10487_Web_SS_5.png	1
鴛	U+9D1B	U+9D1B.png	10488	10488_Web_SS_5.png	1
鴜	U+9D1C	U+9D1C.png	10489	10489_Web_SS_5.png	1
鴝	U+9D1D	U+9D1D.png	10490	10490_Web_SS_5.png	1
鴟	U+9D1F	U+9D1F.png	10492	10492_Web_SS_5.png	1
鴠	U+9D20	U+9D20.png	10493	10493_Web_SS_5.png	1
鴡	U+9D21	U+9D21.png	10494	10494_Web_SS_5.png	1
鴣	U+9D23	U+9D23.png	10495	10495_Web_SS_5.png	1
鴥	U+9D25	U+9D25.png	10496	10496_Web_SS_5.png	1
鴦	U+9D26	U+9D26.png	10497	10497_Web_SS_5.png	1
鴨	U+9D28	U+9D28.png	10498	10498_Web_SS_5.png	2
鴩	U+9D29	U+9D29.png	10499	10499_Web_SS_5.png	1
鴰	U+9D30	U+9D30.png	10500	10500_Web_SS_5.png	1
鴲	U+9D32	U+9D32.png	10501	10501_Web_SS_5.png	1
鴳	U+9D33	U+9D33.png	10502	10502_Web_SS_5.png	1
鴻	U+9D3B	U+9D3B.png	10504	10504_Web_SS_1.png	4
鴿	U+9D3F	U+9D3F.png	10505	10505_Web_SS_5.png	2
鵁	U+9D41	U+9D41.png	10506	10506_Web_SS_5.png	1
鵂	U+9D42	U+9D42.png	10507	10507_Web_SS_5.png	1
鵃	U+9D43	U+9D43.png	10508	10508_Web_SS_5.png	1
鵅	U+9D45	U+9D45.png	10509	10509_Web_SS_5.png	1
鵒	U+9D52	U+9D52.png	10511	10511_Web_SS_5.png	1
鵔	U+9D54	U+9D54.png	10512	10512_Web_SS_5.png	1
鵖	U+9D56	U+9D56.png	10513	10513_Web_SS_5.png	1
鵜	U+9D5C	U+9D5C.png	10514	10514_Web_SS_5.png	1
鵝	U+9D5D	U+9D5D.png	10515	10515_Web_SS_0.png	2
鵠	U+9D60	U+9D60.png	10516	10516_Web_SS_5.png	1
鵬	U+9D6C	U+9D6C.png	10517	10517_Web_SS_2.png	4
鵰	U+9D70	U+9D70.png	10518	10518_Web_SS_5.png	1
鵱	U+9D71	U+9D71.png	10519	10519_Web_SS_5.png	1
鵻	U+9D7B	U+9D7B.png	10520	10520_Web_SS_5.png	1
鵽	U+9D7D	U+9D7D.png	10521	10521_Web_SS_5.png	1
鶂	U+9D82	U+9D82.png	10522	10522_Web_SS_5.png	1
鶃	U+9D83	U+9D83.png	10523	10523_Web_SS_5.png	1
鶄	U+9D84	U+9D84.png	10524	10524_Web_SS_5.png	1
鶌	U+9D8C	U+9D8C.png	10525	10525_Web_SS_5.png	1
鶖	U+9D96	U+9D96.png	10527	10527_Web_SS_5.png	1
鶠	U+9DA0	U+9DA0.png	10528	10528_Web_SS_5.png	1
鶡	U+9DA1	U+9DA1.png	10529	10529_Web_SS_5.png	1
鶤	U+9DA4	U+9DA4.png	10530	10530_Web_SS_5.png	1
鶨	U+9DA8	U+9DA8.png	10531	10531_Web_SS_5.png	1
鶩	U+9DA9	U+9DA9.png	10532	10532_Web_SS_5.png	1
鶪	U+9DAA	U+9DAA.png	10533	10533_Web_SS_5.png	1
鶬	U+9DAC	U+9DAC.png	10534	10534_Web_SS_5.png	1
鶯	U+9DAF	U+9DAF.png	10535	10535_Web_SS_0.png	2
鶱	U+9DB1	U+9DB1.png	10536	10536_Web_SS_5.png	1
鶴	U+9DB4	U+9DB4.png	10537	10537_Web_SS_0.png	2
鶵	U+9DB5	U+9DB5.png	10538	10538_Web_SS_5.png	1
鶹	U+9DB9	U+9DB9.png	10539	10539_Web_SS_5.png	1
鶻	U+9DBB	U+9DBB.png	10540	10540_Web_SS_5.png	1
鶾	U+9DBE	U+9DBE.png	10541	10541_Web_SS_5.png	1
鶿	U+9DBF	U+9DBF.png	10542	10542_Web_SS_5.png	1
鷀	U+9DC0	U+9DC0.png	10543	10543_Web_SS_5.png	1
鷂	U+9DC2	U+9DC2.png	10544	10544_Web_SS_5.png	1
鷇	U+9DC7	U+9DC7.png	10546	10546_Web_SS_5.png	1
鷈	U+9DC8	U+9DC8.png	10547	10547_Web_SS_5.png	1
鷊	U+9DCA	U+9DCA.png	10548	10548_Web_SS_5.png	1
鷐	U+9DD0	U+9DD0.png	10549	10549_Web_SS_5.png	1
鷓	U+9DD3	U+9DD3.png	10550	10550_Web_SS_5.png	1
鷕	U+9DD5	U+9DD5.png	10551	10551_Web_SS_5.png	1
鷖	U+9DD6	U+9DD6.png	10552	10552_Web_SS_5.png	1
鷗	U+9DD7	U+9DD7.png	10553	10553_Web_SS_5.png	1
鷙	U+9DD9	U+9DD9.png	10554	10554_Web_SS_5.png	1
鷚	U+9DDA	U+9DDA.png	10555	10555_Web_SS_5.png	1
鷞	U+9DDE	U+9DDE.png	10556	10556_Web_SS_5.png	1
鷟	U+9DDF	U+9DDF.png	10557	10557_Web_SS_5.png	1
鷢	U+9DE2	U+9DE2.png	10558	10558_Web_SS_5.png	1
鷦	U+9DE6	U+9DE6.png	10559	10559_Web_SS_5.png	1
鷩	U+9DE9	U+9DE9.png	10560	10560_Web_SS_5.png	1
鷫	U+9DEB	U+9DEB.png	10561	10561_Web_SS_5.png	1
鷮	U+9DEE	U+9DEE.png	10562	10562_Web_SS_5.png	1
鷯	U+9DEF	U+9DEF.png	10563	10563_Web_SS_5.png	1
鷲	U+9DF2	U+9DF2.png	10564	10564_Web_SS_5.png	1
鷳	U+9DF3	U+9DF3.png	10565	10565_Web_SS_5.png	1
鷸	U+9DF8	U+9DF8.png	10566	10566_Web_SS_5.png	1
鷹	U+9DF9	U+9DF9.png	10567	10567_Web_SS_1.png	3
鷺	U+9DFA	U+9DFA.png	10568	10568_Web_SS_5.png	1
鷻	U+9DFB	U+9DFB.png	10569	10569_Web_SS_5.png	1
鷽	U+9DFD	U+9DFD.png	10570	10570_Web_SS_5.png	1
鷿	U+9DFF	U+9DFF.png	10571	10571_Web_SS_5.png	1
鸃	U+9E03	U+9E03.png	10572	10572_Web_SS_5.png	1
鸇	U+9E07	U+9E07.png	10573	10573_Web_SS_5.png	1
鸑	U+9E11	U+9E11.png	10574	10574_Web_SS_5.png	1
鸒	U+9E12	U+9E12.png	10575	10575_Web_SS_5.png	1
鸓	U+9E13	U+9E13.png	10576	10576_Web_SS_5.png	1
鸔	U+9E14	U+9E14.png	10577	10577_Web_SS_5.png	1
鸕	U+9E15	U+9E15.png	10578	10578_Web_SS_5.png	1
鸚	U+9E1A	U+9E1A.png	10580	10580_Web_SS_5.png	1
鸞	U+9E1E	U+9E1E.png	10581	10581_Web_SS_5.png	1
鸟	U+9E1F	U+9E1F.png	10582	10582_Web_SS_0.png	2
鸡	U+9E21	U+9E21.png	10583	10583_Web_SS_0.png	3
鸣	U+9E23	U+9E23.png	10584	10584_Web_SS_0.png	2
鸭	U+9E2D	U+9E2D.png	10585	10585_Web_SS_5.png	2
鸽	U+9E3D	U+9E3D.png	10586	10586_Web_SS_0.png	2
鸿	U+9E3F	U+9E3F.png	10587	10587_Web_SS_2.png	4
鹅	U+9E45	U+9E45.png	10588	10588_Web_SS_0.png	2
鹏	U+9E4F	U+9E4F.png	10589	10589_Web_SS_2.png	4
鹤	U+9E64	U+9E64.png	10590	10590_Web_SS_0.png	2
鹰	U+9E70	U+9E70.png	10592	10592_Web_SS_1.png	3
鹵	U+9E75	U+9E75.png	10593	10593_Web_SS_0.png	2
鹹	U+9E79	U+9E79.png	10594	10594_Web_SS_5.png	2
鹺	U+9E7A	U+9E7A.png	10595	10595_Web_SS_5.png	1
鹼	U+9E7C	U+9E7C.png	10596	10596_Web_SS_0.png	2
鹽	U+9E7D	U+9E7D.png	10597	10597_Web_SS_0.png	2
鹿	U+9E7F	U+9E7F.png	10598	10598_Web_SS_0.png	2
麀	U+9E80	U+9E80.png	10599	10599_Web_SS_5.png	1
麂	U+9E82	U+9E82.png	10600	10600_Web_SS_5.png	1
麃	U+9E83	U+9E83.png	10601	10601_Web_SS_5.png	1
麇	U+9E87	U+9E87.png	10602	10602_Web_SS_5.png	1
麈	U+9E88	U+9E88.png	10603	10603_Web_SS_5.png	1
麋	U+9E8B	U+9E8B.png	10604	10604_Web_SS_5.png	1
麎	U+9E8E	U+9E8E.png	10605	10605_Web_SS_5.png	1
麐	U+9E90	U+9E90.png	10606	10606_Web_SS_5.png	1
麑	U+9E91	U+9E91.png	10607	10607_Web_SS_5.png	1
麒	U+9E92	U+9E92.png	10608	10608_Web_SS_5.png	1
麓	U+9E93	U+9E93.png	10609	10609_Web_SS_5.png	3
麔	U+9E94	U+9E94.png	10610	10610_Web_SS_5.png	1
麗	U+9E97	U+9E97.png	10611	10611_Web_SS_0.png	3
麙	U+9E99	U+9E99.png	10612	10612_Web_SS_5.png	1
麚	U+9E9A	U+9E9A.png	10613	10613_Web_SS_5.png	1
麛	U+9E9B	U+9E9B.png	10614	10614_Web_SS_5.png	1
麝	U+9E9D	U+9E9D.png	10615	10615_Web_SS_5.png	1
麞	U+9E9E	U+9E9E.png	10616	10616_Web_SS_5.png	1
麟	U+9E9F	U+9E9F.png	10617	10617_Web_SS_5.png	1
麠	U+9EA0	U+9EA0.png	10618	10618_Web_SS_5.png	1
麢	U+9EA2	U+9EA2.png	10619	10619_Web_SS_5.png	1
麤	U+9EA4	U+9EA4.png	10620	10620_Web_SS_5.png	1
麥	U+9EA5	U+9EA5.png	10621	10621_Web_SS_0.png	2
麦	U+9EA6	U+9EA6.png	10622	10622_Web_SS_5.png	2
麧	U+9EA7	U+9EA7.png	10623	10623_Web_SS_5.png	1
麩	U+9EA9	U+9EA9.png	10624	10624_Web_SS_5.png	1
麪	U+9EAA	U+9EAA.png	10625	10625_Web_SS_5.png	1
麮	U+9EAE	U+9EAE.png	10626	10626_Web_SS_5.png	1
麰	U+9EB0	U+9EB0.png	10627	10627_Web_SS_5.png	1
麵	U+9EB5	U+9EB5.png	10628	10628_Web_SS_0.png	1
麷	U+9EB7	U+9EB7.png	10629	10629_Web_SS_5.png	1
麻	U+9EBB	U+9EBB.png	10630	10630_Web_SS_0.png	2
麼	U+9EBC	U+9EBC.png	10631	10631_Web_SS_5.png	1
黀	U+9EC0	U+9EC0.png	10632	10632_Web_SS_5.png	1
黂	U+9EC2	U+9EC2.png	10633	10633_Web_SS_5.png	1
黃	U+9EC3	U+9EC3.png	10634	10634_Web_SS_1.png	2
黄	U+9EC4	U+9EC4.png	10635	10635_Web_SS_5.png	3
黇	U+9EC7	U+9EC7.png	10636	10636_Web_SS_5.png	1
黊	U+9ECA	U+9ECA.png	10637	10637_Web_SS_5.png	1
黍	U+9ECD	U+9ECD.png	10638	10638_Web_SS_0.png	2
黎	U+9ECE	U+9ECE.png	10639	10639_Web_SS_0.png	2
黏	U+9ECF	U+9ECF.png	10640	10640_Web_SS_0.png	2
黑	U+9ED1	U+9ED1.png	10641	10641_Web_SS_0.png	2
黔	U+9ED4	U+9ED4.png	10642	10642_Web_SS_5.png	1
黕	U+9ED5	U+9ED5.png	10643	10643_Web_SS_5.png	1
黗	U+9ED7	U+9ED7.png	10644	10644_Web_SS_5.png	1
默	U+9ED8	U+9ED8.png	10645	10645_Web_SS_0.png	2
黚	U+9EDA	U+9EDA.png	10646	10646_Web_SS_5.png	1
黛	U+9EDB	U+9EDB.png	10647	10647_Web_SS_0.png	2
黜	U+9EDC	U+9EDC.png	10648	10648_Web_SS_5.png	1
黝	U+9EDD	U+9EDD.png	10649	10649_Web_SS_5.png	1
點	U+9EDE	U+9EDE.png	10650	10650_Web_SS_0.png	2
黟	U+9EDF	U+9EDF.png	10651	10651_Web_SS_5.png	1
黠	U+9EE0	U+9EE0.png	10652	10652_Web_SS_5.png	1
黤	U+9EE4	U+9EE4.png	10654	10654_Web_SS_5.png	1
黥	U+9EE5	U+9EE5.png	10655	10655_Web_SS_5.png	1
黨	U+9EE8	U+9EE8.png	10656	10656_Web_SS_0.png	2
黭	U+9EED	U+9EED.png	10657	10657_Web_SS_5.png	1
黮	U+9EEE	U+9EEE.png	10658	10658_Web_SS_5.png	1
黯	U+9EEF	U+9EEF.png	10659	10659_Web_SS_5.png	1
黱	U+9EF1	U+9EF1.png	10660	10660_Web_SS_5.png	1
黲	U+9EF2	U+9EF2.png	10661	10661_Web_SS_5.png	1
黳	U+9EF3	U+9EF3.png	10662	10662_Web_SS_5.png	1
黴	U+9EF4	U+9EF4.png	10663	10663_Web_SS_5.png	1
黵	U+9EF5	U+9EF5.png	10664	10664_Web_SS_5.png	1
黶	U+9EF6	U+9EF6.png	10665	10665_Web_SS_5.png	1
黷	U+9EF7	U+9EF7.png	10666	10666_Web_SS_5.png	1
黸	U+9EF8	U+9EF8.png	10667	10667_Web_SS_5.png	1
黹	U+9EF9	U+9EF9.png	10668	10668_Web_SS_5.png	2
黺	U+9EFA	U+9EFA.png	10669	10669_Web_SS_5.png	1
黻	U+9EFB	U+9EFB.png	10670	10670_Web_SS_5.png	1
黼	U+9EFC	U+9EFC.png	10671	10671_Web_SS_5.png	1
黽	U+9EFD	U+9EFD.png	10672	10672_Web_SS_5.png	2
黾	U+9EFE	U+9EFE.png	10673	10673_Web_SS_5.png	2
黿	U+9EFF	U+9EFF.png	10674	10674_Web_SS_5.png	1
鼀	U+9F00	U+9F00.png	10675	10675_Web_SS_5.png	1
鼃	U+9F03	U+9F03.png	10677	10677_Web_SS_5.png	1
鼄	U+9F04	U+9F04.png	10678	10678_Web_SS_5.png	1
鼆	U+9F06	U+9F06.png	10679	10679_Web_SS_5.png	1
鼇	U+9F07	U+9F07.png	10680	10680_Web_SS_5.png	1
鼈	U+9F08	U+9F08.png	10681	10681_Web_SS_5.png	1
鼉	U+9F09	U+9F09.png	10682	10682_Web_SS_5.png	1
鼎	U+9F0E	U+9F0E.png	10683	10683_Web_SS_0.png	2
鼏	U+9F0F	U+9F0F.png	10684	10684_Web_SS_5.png	1
鼐	U+9F10	U+9F10.png	10685	10685_Web_SS_5.png	1
鼒	U+9F12	U+9F12.png	10686	10686_Web_SS_5.png	1
鼓	U+9F13	U+9F13.png	10687	10687_Web_SS_0.png	3
鼔	U+9F14	U+9F14.png	10688	10688_Web_SS_5.png	1
鼖	U+9F16	U+9F16.png	10689	10689_Web_SS_5.png	1
鼘	U+9F18	U+9F18.png	10690	10690_Web_SS_5.png	1
鼙	U+9F19	U+9F19.png	10691	10691_Web_SS_5.png	1
鼛	U+9F1B	U+9F1B.png	10692	10692_Web_SS_5.png	1
鼞	U+9F1E	U+9F1E.png	10693	10693_Web_SS_5.png	1
鼠	U+9F20	U+9F20.png	10694	10694_Web_SS_0.png	2
鼢	U+9F22	U+9F22.png	10695	10695_Web_SS_5.png	1
鼨	U+9F28	U+9F28.png	10696	10696_Web_SS_5.png	1
鼫	U+9F2B	U+9F2B.png	10698	10698_Web_SS_5.png	1
鼬	U+9F2C	U+9F2C.png	10699	10699_Web_SS_5.png	1
鼲	U+9F32	U+9F32.png	10700	10700_Web_SS_5.png	1
鼶	U+9F36	U+9F36.png	10701	10701_Web_SS_5.png	1
鼷	U+9F37	U+9F37.png	10702	10702_Web_SS_5.png	1
鼸	U+9F38	U+9F38.png	10703	10703_Web_SS_5.png	1
鼻	U+9F3B	U+9F3B.png	10704	10704_Web_SS_5.png	2
鼽	U+9F3D	U+9F3D.png	10705	10705_Web_SS_5.png	1
鼾	U+9F3E	U+9F3E.png	10706	10706_Web_SS_5.png	1
齂	U+9F42	U+9F42.png	10707	10707_Web_SS_5.png	1
齃	U+9F43	U+9F43.png	10708	10708_Web_SS_5.png	1
齅	U+9F45	U+9F45.png	10709	10709_Web_SS_5.png	1
齊	U+9F4A	U+9F4A.png	10710	10710_Web_SS_0.png	1
齋	U+9F4B	U+9F4B.png	10711	10711_Web_SS_5.png	3
齌	U+9F4C	U+9F4C.png	10712	10712_Web_SS_5.png	1
齍	U+9F4D	U+9F4D.png	10713	10713_Web_SS_5.png	1
齎	U+9F4E	U+9F4E.png	10714	10714_Web_SS_5.png	1
齏	U+9F4F	U+9F4F.png	10715	10715_Web_SS_5.png	1
齐	U+9F50	U+9F50.png	10716	10716_Web_SS_5.png	2
齒	U+9F52	U+9F52.png	10717	10717_Web_SS_0.png	2
齔	U+9F54	U+9F54.png	10718	10718_Web_SS_5.png	1
齕	U+9F55	U+9F55.png	10719	10719_Web_SS_5.png	1
齘	U+9F58	U+9F58.png	10720	10720_Web_SS_5.png	1
齛	U+9F5B	U+9F5B.png	10721	10721_Web_SS_5.png	1
齜	U+9F5C	U+9F5C.png	10722	10722_Web_SS_5.png	1
齝	U+9F5D	U+9F5D.png	10723	10723_Web_SS_5.png	1
齞	U+9F5E	U+9F5E.png	10724	10724_Web_SS_5.png	1
齡	U+9F61	U+9F61.png	10725	10725_Web_SS_5.png	1
齤	U+9F64	U+9F64.png	10726	10726_Web_SS_5.png	1
齦	U+9F66	U+9F66.png	10727	10727_Web_SS_5.png	1
齩	U+9F69	U+9F69.png	10729	10729_Web_SS_5.png	1
齬	U+9F6C	U+9F6C.png	10730	10730_Web_SS_5.png	1
齭	U+9F6D	U+9F6D.png	10731	10731_Web_SS_5.png	1
齮	U+9F6E	U+9F6E.png	10732	10732_Web_SS_5.png	1
齯	U+9F6F	U+9F6F.png	10733	10733_Web_SS_5.png	1
齰	U+9F70	U+9F70.png	10734	10734_Web_SS_5.png	1
齱	U+9F71	U+9F71.png	10735	10735_Web_SS_5.png	1
齲	U+9F72	U+9F72.png	10736	10736_Web_SS_5.png	1
齳	U+9F73	U+9F73.png	10737	10737_Web_SS_5.png	1
齵	U+9F75	U+9F75.png	10738	10738_Web_SS_5.png	1
齸	U+9F78	U+9F78.png	10739	10739_Web_SS_5.png	1
齹	U+9F79	U+9F79.png	10740	10740_Web_SS_5.png	1
齺	U+9F7A	U+9F7A.png	10741	10741_Web_SS_5.png	1
齾	U+9F7E	U+9F7E.png	10742	10742_Web_SS_5.png	1
齿	U+9F7F	U+9F7F.png	10743	10743_Web_SS_0.png	3
龍	U+9F8D	U+9F8D.png	10745	10745_Web_SS_0.png	1
龏	U+9F8F	U+9F8F.png	10746	10746_Web_SS_5.png	1
龐	U+9F90	U+9F90.png	10747	10747_Web_SS_0.png	1
龔	U+9F94	U+9F94.png	10749	10749_Web_SS_5.png	1
龕	U+9F95	U+9F95.png	10750	10750_Web_SS_5.png	1
龙	U+9F99	U+9F99.png	10752	10752_Web_SS_5.png	2
龜	U+9F9C	U+9F9C.png	10754	10754_Web_SS_0.png	2
龟	U+9F9F	U+9F9F.png	10757	10757_Web_SS_5.png	3
龠	U+9FA0	U+9FA0.png	10758	10758_Web_SS_0.png	2
龢	U+9FA2	U+9FA2.png	10760	10760_Web_SS_5.png	1
龤	U+9FA4	U+9FA4.png	10761	10761_Web_SS_5.png	1
亠	U+4EA0	U+4EA0.png	10308	10308_Web_SS_0.png (crop 0,0,1,0.38 of 高)	1
